frame_id,bank,scene_id,query_family,test,goal_id,item,display_form,proposed_gold,proposed_answerable,proposed_exclusion,advisory_flags,second_review_required,reviewer1_answerable(y/n),reviewer1_gold_agrees(y/n),reviewer1_notes,reviewer2_answerable(y/n),reviewer2_gold_agrees(y/n),reviewer2_notes,adjudication
S1-C01-initial,initial,S1,original,A,B,reference_subject,reference_subject,no,True,,,no,,,,,,,
S1-C01-initial,initial,S1,original,A,B,target_subject,target_subject,no,True,,,no,,,,,,,
S1-C01-initial,initial,S1,original,A,F,reference_subject,reference_subject,no,True,,,no,,,,,,,
S1-C01-initial,initial,S1,original,A,F,target_subject,target_subject,no,True,,,no,,,,,,,
S1-C01-initial,initial,S1,original,A,L,reference_subject,reference_subject,no,True,,,no,,,,,,,
S1-C01-initial,initial,S1,original,A,L,target_subject,target_subject,no,True,,,no,,,,,,,
S1-C01-initial,initial,S1,original,A,R,reference_subject,reference_subject,yes,True,,,no,,,,,,,
S1-C01-initial,initial,S1,original,A,R,target_subject,target_subject,yes,True,,,no,,,,,,,
S1-C01-initial,initial,S1,original,C,B,S1-B-D,DIR,no,True,,,no,,,,,,,
S1-C01-initial,initial,S1,original,C,B,S1-B-I,RF,no,True,,,no,,,,,,,
S1-C01-initial,initial,S1,original,C,B,S1-B-S,TF,no,True,,,no,,,,,,,
S1-C01-initial,initial,S1,original,C,F,S1-F-D,DIR,no,True,,,no,,,,,,,
S1-C01-initial,initial,S1,original,C,F,S1-F-I,RF,no,True,,,no,,,,,,,
S1-C01-initial,initial,S1,original,C,F,S1-F-S,TF,no,True,,,no,,,,,,,
S1-C01-initial,initial,S1,original,C,L,S1-L-D,DIR,no,True,,,no,,,,,,,
S1-C01-initial,initial,S1,original,C,L,S1-L-I,RF,no,True,,,no,,,,,,,
S1-C01-initial,initial,S1,original,C,L,S1-L-S,TF,no,True,,,no,,,,,,,
S1-C01-initial,initial,S1,original,C,R,S1-R-D,DIR,yes,True,,,no,,,,,,,
S1-C01-initial,initial,S1,original,C,R,S1-R-I,RF,yes,True,,,no,,,,,,,
S1-C01-initial,initial,S1,original,C,R,S1-R-S,TF,yes,True,,,no,,,,,,,
S1-C01-initial,initial,S1,placement,C,B,S1-B-reference_early,reference_early,no,True,,,no,,,,,,,
S1-C01-initial,initial,S1,placement,C,B,S1-B-reference_late,reference_late,no,True,,,no,,,,,,,
S1-C01-initial,initial,S1,placement,C,F,S1-F-reference_early,reference_early,no,True,,,no,,,,,,,
S1-C01-initial,initial,S1,placement,C,F,S1-F-reference_late,reference_late,no,True,,,no,,,,,,,
S1-C01-initial,initial,S1,placement,C,L,S1-L-reference_early,reference_early,no,True,,,no,,,,,,,
S1-C01-initial,initial,S1,placement,C,L,S1-L-reference_late,reference_late,no,True,,,no,,,,,,,
S1-C01-initial,initial,S1,placement,C,R,S1-R-reference_early,reference_early,yes,True,,,no,,,,,,,
S1-C01-initial,initial,S1,placement,C,R,S1-R-reference_late,reference_late,yes,True,,,no,,,,,,,
S1-C01-secondary-100,secondary,S1,original,A,B,reference_subject,reference_subject,no,True,,gripper_contact_possible_occlusion,yes,,,,,,,
S1-C01-secondary-100,secondary,S1,original,A,B,target_subject,target_subject,no,True,,gripper_contact_possible_occlusion,yes,,,,,,,
S1-C01-secondary-100,secondary,S1,original,A,F,reference_subject,reference_subject,no,True,,gripper_contact_possible_occlusion,yes,,,,,,,
S1-C01-secondary-100,secondary,S1,original,A,F,target_subject,target_subject,no,True,,gripper_contact_possible_occlusion,yes,,,,,,,
S1-C01-secondary-100,secondary,S1,original,A,L,reference_subject,reference_subject,yes,True,,gripper_contact_possible_occlusion,yes,,,,,,,
S1-C01-secondary-100,secondary,S1,original,A,L,target_subject,target_subject,yes,True,,gripper_contact_possible_occlusion,yes,,,,,,,
S1-C01-secondary-100,secondary,S1,original,A,R,reference_subject,reference_subject,no,True,,gripper_contact_possible_occlusion,yes,,,,,,,
S1-C01-secondary-100,secondary,S1,original,A,R,target_subject,target_subject,no,True,,gripper_contact_possible_occlusion,yes,,,,,,,
S1-C01-secondary-100,secondary,S1,original,C,B,S1-B-D,DIR,no,False,target_or_reference_in_gripper_contact_final_arrangement_ambiguous,,yes,,,,,,,
S1-C01-secondary-100,secondary,S1,original,C,B,S1-B-I,RF,no,False,target_or_reference_in_gripper_contact_final_arrangement_ambiguous,,yes,,,,,,,
S1-C01-secondary-100,secondary,S1,original,C,B,S1-B-S,TF,no,False,target_or_reference_in_gripper_contact_final_arrangement_ambiguous,,yes,,,,,,,
S1-C01-secondary-100,secondary,S1,original,C,F,S1-F-D,DIR,no,False,target_or_reference_in_gripper_contact_final_arrangement_ambiguous,,yes,,,,,,,
S1-C01-secondary-100,secondary,S1,original,C,F,S1-F-I,RF,no,False,target_or_reference_in_gripper_contact_final_arrangement_ambiguous,,yes,,,,,,,
S1-C01-secondary-100,secondary,S1,original,C,F,S1-F-S,TF,no,False,target_or_reference_in_gripper_contact_final_arrangement_ambiguous,,yes,,,,,,,
S1-C01-secondary-100,secondary,S1,original,C,L,S1-L-D,DIR,yes,False,target_or_reference_in_gripper_contact_final_arrangement_ambiguous,,yes,,,,,,,
S1-C01-secondary-100,secondary,S1,original,C,L,S1-L-I,RF,yes,False,target_or_reference_in_gripper_contact_final_arrangement_ambiguous,,yes,,,,,,,
S1-C01-secondary-100,secondary,S1,original,C,L,S1-L-S,TF,yes,False,target_or_reference_in_gripper_contact_final_arrangement_ambiguous,,yes,,,,,,,
S1-C01-secondary-100,secondary,S1,original,C,R,S1-R-D,DIR,no,False,target_or_reference_in_gripper_contact_final_arrangement_ambiguous,,yes,,,,,,,
S1-C01-secondary-100,secondary,S1,original,C,R,S1-R-I,RF,no,False,target_or_reference_in_gripper_contact_final_arrangement_ambiguous,,yes,,,,,,,
S1-C01-secondary-100,secondary,S1,original,C,R,S1-R-S,TF,no,False,target_or_reference_in_gripper_contact_final_arrangement_ambiguous,,yes,,,,,,,
S1-C01-secondary-50,secondary,S1,original,A,B,reference_subject,reference_subject,no,True,,,no,,,,,,,
S1-C01-secondary-50,secondary,S1,original,A,B,target_subject,target_subject,no,True,,,no,,,,,,,
S1-C01-secondary-50,secondary,S1,original,A,F,reference_subject,reference_subject,no,True,,,no,,,,,,,
S1-C01-secondary-50,secondary,S1,original,A,F,target_subject,target_subject,no,True,,,no,,,,,,,
S1-C01-secondary-50,secondary,S1,original,A,L,reference_subject,reference_subject,yes,True,,,no,,,,,,,
S1-C01-secondary-50,secondary,S1,original,A,L,target_subject,target_subject,yes,True,,,no,,,,,,,
S1-C01-secondary-50,secondary,S1,original,A,R,reference_subject,reference_subject,no,True,,,no,,,,,,,
S1-C01-secondary-50,secondary,S1,original,A,R,target_subject,target_subject,no,True,,,no,,,,,,,
S1-C01-secondary-50,secondary,S1,original,C,B,S1-B-D,DIR,no,True,,,no,,,,,,,
S1-C01-secondary-50,secondary,S1,original,C,B,S1-B-I,RF,no,True,,,no,,,,,,,
S1-C01-secondary-50,secondary,S1,original,C,B,S1-B-S,TF,no,True,,,no,,,,,,,
S1-C01-secondary-50,secondary,S1,original,C,F,S1-F-D,DIR,no,True,,,no,,,,,,,
S1-C01-secondary-50,secondary,S1,original,C,F,S1-F-I,RF,no,True,,,no,,,,,,,
S1-C01-secondary-50,secondary,S1,original,C,F,S1-F-S,TF,no,True,,,no,,,,,,,
S1-C01-secondary-50,secondary,S1,original,C,L,S1-L-D,DIR,yes,True,,,no,,,,,,,
S1-C01-secondary-50,secondary,S1,original,C,L,S1-L-I,RF,yes,True,,,no,,,,,,,
S1-C01-secondary-50,secondary,S1,original,C,L,S1-L-S,TF,yes,True,,,no,,,,,,,
S1-C01-secondary-50,secondary,S1,original,C,R,S1-R-D,DIR,no,True,,,no,,,,,,,
S1-C01-secondary-50,secondary,S1,original,C,R,S1-R-I,RF,no,True,,,no,,,,,,,
S1-C01-secondary-50,secondary,S1,original,C,R,S1-R-S,TF,no,True,,,no,,,,,,,
S1-C02-initial,initial,S1,original,A,B,reference_subject,reference_subject,no,True,,,no,,,,,,,
S1-C02-initial,initial,S1,original,A,B,target_subject,target_subject,no,True,,,no,,,,,,,
S1-C02-initial,initial,S1,original,A,F,reference_subject,reference_subject,no,True,,,no,,,,,,,
S1-C02-initial,initial,S1,original,A,F,target_subject,target_subject,no,True,,,no,,,,,,,
S1-C02-initial,initial,S1,original,A,L,reference_subject,reference_subject,no,True,,,no,,,,,,,
S1-C02-initial,initial,S1,original,A,L,target_subject,target_subject,no,True,,,no,,,,,,,
S1-C02-initial,initial,S1,original,A,R,reference_subject,reference_subject,yes,True,,,no,,,,,,,
S1-C02-initial,initial,S1,original,A,R,target_subject,target_subject,yes,True,,,no,,,,,,,
S1-C02-initial,initial,S1,original,C,B,S1-B-D,DIR,no,True,,,no,,,,,,,
S1-C02-initial,initial,S1,original,C,B,S1-B-I,RF,no,True,,,no,,,,,,,
S1-C02-initial,initial,S1,original,C,B,S1-B-S,TF,no,True,,,no,,,,,,,
S1-C02-initial,initial,S1,original,C,F,S1-F-D,DIR,no,True,,,no,,,,,,,
S1-C02-initial,initial,S1,original,C,F,S1-F-I,RF,no,True,,,no,,,,,,,
S1-C02-initial,initial,S1,original,C,F,S1-F-S,TF,no,True,,,no,,,,,,,
S1-C02-initial,initial,S1,original,C,L,S1-L-D,DIR,no,True,,,no,,,,,,,
S1-C02-initial,initial,S1,original,C,L,S1-L-I,RF,no,True,,,no,,,,,,,
S1-C02-initial,initial,S1,original,C,L,S1-L-S,TF,no,True,,,no,,,,,,,
S1-C02-initial,initial,S1,original,C,R,S1-R-D,DIR,yes,True,,,no,,,,,,,
S1-C02-initial,initial,S1,original,C,R,S1-R-I,RF,yes,True,,,no,,,,,,,
S1-C02-initial,initial,S1,original,C,R,S1-R-S,TF,yes,True,,,no,,,,,,,
S1-C02-initial,initial,S1,placement,C,B,S1-B-reference_early,reference_early,no,True,,,no,,,,,,,
S1-C02-initial,initial,S1,placement,C,B,S1-B-reference_late,reference_late,no,True,,,no,,,,,,,
S1-C02-initial,initial,S1,placement,C,F,S1-F-reference_early,reference_early,no,True,,,no,,,,,,,
S1-C02-initial,initial,S1,placement,C,F,S1-F-reference_late,reference_late,no,True,,,no,,,,,,,
S1-C02-initial,initial,S1,placement,C,L,S1-L-reference_early,reference_early,no,True,,,no,,,,,,,
S1-C02-initial,initial,S1,placement,C,L,S1-L-reference_late,reference_late,no,True,,,no,,,,,,,
S1-C02-initial,initial,S1,placement,C,R,S1-R-reference_early,reference_early,yes,True,,,no,,,,,,,
S1-C02-initial,initial,S1,placement,C,R,S1-R-reference_late,reference_late,yes,True,,,no,,,,,,,
S1-C02-secondary-100,secondary,S1,original,A,B,reference_subject,reference_subject,no,True,,,no,,,,,,,
S1-C02-secondary-100,secondary,S1,original,A,B,target_subject,target_subject,no,True,,,no,,,,,,,
S1-C02-secondary-100,secondary,S1,original,A,F,reference_subject,reference_subject,no,True,,,no,,,,,,,
S1-C02-secondary-100,secondary,S1,original,A,F,target_subject,target_subject,no,True,,,no,,,,,,,
S1-C02-secondary-100,secondary,S1,original,A,L,reference_subject,reference_subject,no,True,,,no,,,,,,,
S1-C02-secondary-100,secondary,S1,original,A,L,target_subject,target_subject,no,True,,,no,,,,,,,
S1-C02-secondary-100,secondary,S1,original,A,R,reference_subject,reference_subject,yes,True,,,no,,,,,,,
S1-C02-secondary-100,secondary,S1,original,A,R,target_subject,target_subject,yes,True,,,no,,,,,,,
S1-C02-secondary-100,secondary,S1,original,C,B,S1-B-D,DIR,no,True,,,no,,,,,,,
S1-C02-secondary-100,secondary,S1,original,C,B,S1-B-I,RF,no,True,,,no,,,,,,,
S1-C02-secondary-100,secondary,S1,original,C,B,S1-B-S,TF,no,True,,,no,,,,,,,
S1-C02-secondary-100,secondary,S1,original,C,F,S1-F-D,DIR,no,True,,,no,,,,,,,
S1-C02-secondary-100,secondary,S1,original,C,F,S1-F-I,RF,no,True,,,no,,,,,,,
S1-C02-secondary-100,secondary,S1,original,C,F,S1-F-S,TF,no,True,,,no,,,,,,,
S1-C02-secondary-100,secondary,S1,original,C,L,S1-L-D,DIR,no,True,,,no,,,,,,,
S1-C02-secondary-100,secondary,S1,original,C,L,S1-L-I,RF,no,True,,,no,,,,,,,
S1-C02-secondary-100,secondary,S1,original,C,L,S1-L-S,TF,no,True,,,no,,,,,,,
S1-C02-secondary-100,secondary,S1,original,C,R,S1-R-D,DIR,yes,True,,,no,,,,,,,
S1-C02-secondary-100,secondary,S1,original,C,R,S1-R-I,RF,yes,True,,,no,,,,,,,
S1-C02-secondary-100,secondary,S1,original,C,R,S1-R-S,TF,yes,True,,,no,,,,,,,
S1-C02-secondary-50,secondary,S1,original,A,B,reference_subject,reference_subject,no,True,,,no,,,,,,,
S1-C02-secondary-50,secondary,S1,original,A,B,target_subject,target_subject,no,True,,,no,,,,,,,
S1-C02-secondary-50,secondary,S1,original,A,F,reference_subject,reference_subject,no,True,,,no,,,,,,,
S1-C02-secondary-50,secondary,S1,original,A,F,target_subject,target_subject,no,True,,,no,,,,,,,
S1-C02-secondary-50,secondary,S1,original,A,L,reference_subject,reference_subject,no,True,,,no,,,,,,,
S1-C02-secondary-50,secondary,S1,original,A,L,target_subject,target_subject,no,True,,,no,,,,,,,
S1-C02-secondary-50,secondary,S1,original,A,R,reference_subject,reference_subject,yes,True,,,no,,,,,,,
S1-C02-secondary-50,secondary,S1,original,A,R,target_subject,target_subject,yes,True,,,no,,,,,,,
S1-C02-secondary-50,secondary,S1,original,C,B,S1-B-D,DIR,no,True,,,no,,,,,,,
S1-C02-secondary-50,secondary,S1,original,C,B,S1-B-I,RF,no,True,,,no,,,,,,,
S1-C02-secondary-50,secondary,S1,original,C,B,S1-B-S,TF,no,True,,,no,,,,,,,
S1-C02-secondary-50,secondary,S1,original,C,F,S1-F-D,DIR,no,True,,,no,,,,,,,
S1-C02-secondary-50,secondary,S1,original,C,F,S1-F-I,RF,no,True,,,no,,,,,,,
S1-C02-secondary-50,secondary,S1,original,C,F,S1-F-S,TF,no,True,,,no,,,,,,,
S1-C02-secondary-50,secondary,S1,original,C,L,S1-L-D,DIR,no,True,,,no,,,,,,,
S1-C02-secondary-50,secondary,S1,original,C,L,S1-L-I,RF,no,True,,,no,,,,,,,
S1-C02-secondary-50,secondary,S1,original,C,L,S1-L-S,TF,no,True,,,no,,,,,,,
S1-C02-secondary-50,secondary,S1,original,C,R,S1-R-D,DIR,yes,True,,,no,,,,,,,
S1-C02-secondary-50,secondary,S1,original,C,R,S1-R-I,RF,yes,True,,,no,,,,,,,
S1-C02-secondary-50,secondary,S1,original,C,R,S1-R-S,TF,yes,True,,,no,,,,,,,
S1-C03-initial,initial,S1,original,A,B,reference_subject,reference_subject,no,True,,,no,,,,,,,
S1-C03-initial,initial,S1,original,A,B,target_subject,target_subject,no,True,,,no,,,,,,,
S1-C03-initial,initial,S1,original,A,F,reference_subject,reference_subject,no,True,,,no,,,,,,,
S1-C03-initial,initial,S1,original,A,F,target_subject,target_subject,no,True,,,no,,,,,,,
S1-C03-initial,initial,S1,original,A,L,reference_subject,reference_subject,no,True,,,no,,,,,,,
S1-C03-initial,initial,S1,original,A,L,target_subject,target_subject,no,True,,,no,,,,,,,
S1-C03-initial,initial,S1,original,A,R,reference_subject,reference_subject,yes,True,,,no,,,,,,,
S1-C03-initial,initial,S1,original,A,R,target_subject,target_subject,yes,True,,,no,,,,,,,
S1-C03-initial,initial,S1,original,C,B,S1-B-D,DIR,no,True,,,no,,,,,,,
S1-C03-initial,initial,S1,original,C,B,S1-B-I,RF,no,True,,,no,,,,,,,
S1-C03-initial,initial,S1,original,C,B,S1-B-S,TF,no,True,,,no,,,,,,,
S1-C03-initial,initial,S1,original,C,F,S1-F-D,DIR,no,True,,,no,,,,,,,
S1-C03-initial,initial,S1,original,C,F,S1-F-I,RF,no,True,,,no,,,,,,,
S1-C03-initial,initial,S1,original,C,F,S1-F-S,TF,no,True,,,no,,,,,,,
S1-C03-initial,initial,S1,original,C,L,S1-L-D,DIR,no,True,,,no,,,,,,,
S1-C03-initial,initial,S1,original,C,L,S1-L-I,RF,no,True,,,no,,,,,,,
S1-C03-initial,initial,S1,original,C,L,S1-L-S,TF,no,True,,,no,,,,,,,
S1-C03-initial,initial,S1,original,C,R,S1-R-D,DIR,yes,True,,,no,,,,,,,
S1-C03-initial,initial,S1,original,C,R,S1-R-I,RF,yes,True,,,no,,,,,,,
S1-C03-initial,initial,S1,original,C,R,S1-R-S,TF,yes,True,,,no,,,,,,,
S1-C03-initial,initial,S1,placement,C,B,S1-B-reference_early,reference_early,no,True,,,no,,,,,,,
S1-C03-initial,initial,S1,placement,C,B,S1-B-reference_late,reference_late,no,True,,,no,,,,,,,
S1-C03-initial,initial,S1,placement,C,F,S1-F-reference_early,reference_early,no,True,,,no,,,,,,,
S1-C03-initial,initial,S1,placement,C,F,S1-F-reference_late,reference_late,no,True,,,no,,,,,,,
S1-C03-initial,initial,S1,placement,C,L,S1-L-reference_early,reference_early,no,True,,,no,,,,,,,
S1-C03-initial,initial,S1,placement,C,L,S1-L-reference_late,reference_late,no,True,,,no,,,,,,,
S1-C03-initial,initial,S1,placement,C,R,S1-R-reference_early,reference_early,yes,True,,,no,,,,,,,
S1-C03-initial,initial,S1,placement,C,R,S1-R-reference_late,reference_late,yes,True,,,no,,,,,,,
S1-C03-secondary-100,secondary,S1,original,A,B,reference_subject,reference_subject,no,True,,,no,,,,,,,
S1-C03-secondary-100,secondary,S1,original,A,B,target_subject,target_subject,no,True,,,no,,,,,,,
S1-C03-secondary-100,secondary,S1,original,A,F,reference_subject,reference_subject,no,True,,,no,,,,,,,
S1-C03-secondary-100,secondary,S1,original,A,F,target_subject,target_subject,no,True,,,no,,,,,,,
S1-C03-secondary-100,secondary,S1,original,A,L,reference_subject,reference_subject,no,True,,,no,,,,,,,
S1-C03-secondary-100,secondary,S1,original,A,L,target_subject,target_subject,no,True,,,no,,,,,,,
S1-C03-secondary-100,secondary,S1,original,A,R,reference_subject,reference_subject,yes,True,,,no,,,,,,,
S1-C03-secondary-100,secondary,S1,original,A,R,target_subject,target_subject,yes,True,,,no,,,,,,,
S1-C03-secondary-100,secondary,S1,original,C,B,S1-B-D,DIR,no,True,,,no,,,,,,,
S1-C03-secondary-100,secondary,S1,original,C,B,S1-B-I,RF,no,True,,,no,,,,,,,
S1-C03-secondary-100,secondary,S1,original,C,B,S1-B-S,TF,no,True,,,no,,,,,,,
S1-C03-secondary-100,secondary,S1,original,C,F,S1-F-D,DIR,no,True,,,no,,,,,,,
S1-C03-secondary-100,secondary,S1,original,C,F,S1-F-I,RF,no,True,,,no,,,,,,,
S1-C03-secondary-100,secondary,S1,original,C,F,S1-F-S,TF,no,True,,,no,,,,,,,
S1-C03-secondary-100,secondary,S1,original,C,L,S1-L-D,DIR,no,True,,,no,,,,,,,
S1-C03-secondary-100,secondary,S1,original,C,L,S1-L-I,RF,no,True,,,no,,,,,,,
S1-C03-secondary-100,secondary,S1,original,C,L,S1-L-S,TF,no,True,,,no,,,,,,,
S1-C03-secondary-100,secondary,S1,original,C,R,S1-R-D,DIR,yes,True,,,no,,,,,,,
S1-C03-secondary-100,secondary,S1,original,C,R,S1-R-I,RF,yes,True,,,no,,,,,,,
S1-C03-secondary-100,secondary,S1,original,C,R,S1-R-S,TF,yes,True,,,no,,,,,,,
S1-C03-secondary-50,secondary,S1,original,A,B,reference_subject,reference_subject,no,True,,,no,,,,,,,
S1-C03-secondary-50,secondary,S1,original,A,B,target_subject,target_subject,no,True,,,no,,,,,,,
S1-C03-secondary-50,secondary,S1,original,A,F,reference_subject,reference_subject,no,True,,,no,,,,,,,
S1-C03-secondary-50,secondary,S1,original,A,F,target_subject,target_subject,no,True,,,no,,,,,,,
S1-C03-secondary-50,secondary,S1,original,A,L,reference_subject,reference_subject,no,True,,,no,,,,,,,
S1-C03-secondary-50,secondary,S1,original,A,L,target_subject,target_subject,no,True,,,no,,,,,,,
S1-C03-secondary-50,secondary,S1,original,A,R,reference_subject,reference_subject,yes,True,,,no,,,,,,,
S1-C03-secondary-50,secondary,S1,original,A,R,target_subject,target_subject,yes,True,,,no,,,,,,,
S1-C03-secondary-50,secondary,S1,original,C,B,S1-B-D,DIR,no,True,,,no,,,,,,,
S1-C03-secondary-50,secondary,S1,original,C,B,S1-B-I,RF,no,True,,,no,,,,,,,
S1-C03-secondary-50,secondary,S1,original,C,B,S1-B-S,TF,no,True,,,no,,,,,,,
S1-C03-secondary-50,secondary,S1,original,C,F,S1-F-D,DIR,no,True,,,no,,,,,,,
S1-C03-secondary-50,secondary,S1,original,C,F,S1-F-I,RF,no,True,,,no,,,,,,,
S1-C03-secondary-50,secondary,S1,original,C,F,S1-F-S,TF,no,True,,,no,,,,,,,
S1-C03-secondary-50,secondary,S1,original,C,L,S1-L-D,DIR,no,True,,,no,,,,,,,
S1-C03-secondary-50,secondary,S1,original,C,L,S1-L-I,RF,no,True,,,no,,,,,,,
S1-C03-secondary-50,secondary,S1,original,C,L,S1-L-S,TF,no,True,,,no,,,,,,,
S1-C03-secondary-50,secondary,S1,original,C,R,S1-R-D,DIR,yes,True,,,no,,,,,,,
S1-C03-secondary-50,secondary,S1,original,C,R,S1-R-I,RF,yes,True,,,no,,,,,,,
S1-C03-secondary-50,secondary,S1,original,C,R,S1-R-S,TF,yes,True,,,no,,,,,,,
S1-C04-initial,initial,S1,original,A,B,reference_subject,reference_subject,no,True,,,yes,,,,,,,
S1-C04-initial,initial,S1,original,A,B,target_subject,target_subject,no,True,,,yes,,,,,,,
S1-C04-initial,initial,S1,original,A,F,reference_subject,reference_subject,no,True,,,yes,,,,,,,
S1-C04-initial,initial,S1,original,A,F,target_subject,target_subject,no,True,,,yes,,,,,,,
S1-C04-initial,initial,S1,original,A,L,reference_subject,reference_subject,no,True,,,yes,,,,,,,
S1-C04-initial,initial,S1,original,A,L,target_subject,target_subject,no,True,,,yes,,,,,,,
S1-C04-initial,initial,S1,original,A,R,reference_subject,reference_subject,yes,True,,,yes,,,,,,,
S1-C04-initial,initial,S1,original,A,R,target_subject,target_subject,yes,True,,,yes,,,,,,,
S1-C04-initial,initial,S1,original,C,B,S1-B-D,DIR,no,True,,,yes,,,,,,,
S1-C04-initial,initial,S1,original,C,B,S1-B-I,RF,no,True,,,yes,,,,,,,
S1-C04-initial,initial,S1,original,C,B,S1-B-S,TF,no,True,,,yes,,,,,,,
S1-C04-initial,initial,S1,original,C,F,S1-F-D,DIR,no,True,,,yes,,,,,,,
S1-C04-initial,initial,S1,original,C,F,S1-F-I,RF,no,True,,,yes,,,,,,,
S1-C04-initial,initial,S1,original,C,F,S1-F-S,TF,no,True,,,yes,,,,,,,
S1-C04-initial,initial,S1,original,C,L,S1-L-D,DIR,no,True,,,yes,,,,,,,
S1-C04-initial,initial,S1,original,C,L,S1-L-I,RF,no,True,,,yes,,,,,,,
S1-C04-initial,initial,S1,original,C,L,S1-L-S,TF,no,True,,,yes,,,,,,,
S1-C04-initial,initial,S1,original,C,R,S1-R-D,DIR,yes,True,,,yes,,,,,,,
S1-C04-initial,initial,S1,original,C,R,S1-R-I,RF,yes,True,,,yes,,,,,,,
S1-C04-initial,initial,S1,original,C,R,S1-R-S,TF,yes,True,,,yes,,,,,,,
S1-C04-initial,initial,S1,placement,C,B,S1-B-reference_early,reference_early,no,True,,,yes,,,,,,,
S1-C04-initial,initial,S1,placement,C,B,S1-B-reference_late,reference_late,no,True,,,yes,,,,,,,
S1-C04-initial,initial,S1,placement,C,F,S1-F-reference_early,reference_early,no,True,,,yes,,,,,,,
S1-C04-initial,initial,S1,placement,C,F,S1-F-reference_late,reference_late,no,True,,,yes,,,,,,,
S1-C04-initial,initial,S1,placement,C,L,S1-L-reference_early,reference_early,no,True,,,yes,,,,,,,
S1-C04-initial,initial,S1,placement,C,L,S1-L-reference_late,reference_late,no,True,,,yes,,,,,,,
S1-C04-initial,initial,S1,placement,C,R,S1-R-reference_early,reference_early,yes,True,,,yes,,,,,,,
S1-C04-initial,initial,S1,placement,C,R,S1-R-reference_late,reference_late,yes,True,,,yes,,,,,,,
S1-C04-secondary-100,secondary,S1,original,A,B,reference_subject,reference_subject,yes,True,,,no,,,,,,,
S1-C04-secondary-100,secondary,S1,original,A,B,target_subject,target_subject,yes,True,,,no,,,,,,,
S1-C04-secondary-100,secondary,S1,original,A,F,reference_subject,reference_subject,no,True,,,no,,,,,,,
S1-C04-secondary-100,secondary,S1,original,A,F,target_subject,target_subject,no,True,,,no,,,,,,,
S1-C04-secondary-100,secondary,S1,original,A,L,reference_subject,reference_subject,no,True,,,no,,,,,,,
S1-C04-secondary-100,secondary,S1,original,A,L,target_subject,target_subject,no,True,,,no,,,,,,,
S1-C04-secondary-100,secondary,S1,original,A,R,reference_subject,reference_subject,no,True,,,no,,,,,,,
S1-C04-secondary-100,secondary,S1,original,A,R,target_subject,target_subject,no,True,,,no,,,,,,,
S1-C04-secondary-100,secondary,S1,original,C,B,S1-B-D,DIR,yes,True,,,no,,,,,,,
S1-C04-secondary-100,secondary,S1,original,C,B,S1-B-I,RF,yes,True,,,no,,,,,,,
S1-C04-secondary-100,secondary,S1,original,C,B,S1-B-S,TF,yes,True,,,no,,,,,,,
S1-C04-secondary-100,secondary,S1,original,C,F,S1-F-D,DIR,no,True,,,no,,,,,,,
S1-C04-secondary-100,secondary,S1,original,C,F,S1-F-I,RF,no,True,,,no,,,,,,,
S1-C04-secondary-100,secondary,S1,original,C,F,S1-F-S,TF,no,True,,,no,,,,,,,
S1-C04-secondary-100,secondary,S1,original,C,L,S1-L-D,DIR,no,True,,,no,,,,,,,
S1-C04-secondary-100,secondary,S1,original,C,L,S1-L-I,RF,no,True,,,no,,,,,,,
S1-C04-secondary-100,secondary,S1,original,C,L,S1-L-S,TF,no,True,,,no,,,,,,,
S1-C04-secondary-100,secondary,S1,original,C,R,S1-R-D,DIR,no,True,,,no,,,,,,,
S1-C04-secondary-100,secondary,S1,original,C,R,S1-R-I,RF,no,True,,,no,,,,,,,
S1-C04-secondary-100,secondary,S1,original,C,R,S1-R-S,TF,no,True,,,no,,,,,,,
S1-C04-secondary-50,secondary,S1,original,A,B,reference_subject,reference_subject,yes,True,,,yes,,,,,,,
S1-C04-secondary-50,secondary,S1,original,A,B,target_subject,target_subject,yes,True,,,yes,,,,,,,
S1-C04-secondary-50,secondary,S1,original,A,F,reference_subject,reference_subject,no,True,,,yes,,,,,,,
S1-C04-secondary-50,secondary,S1,original,A,F,target_subject,target_subject,no,True,,,yes,,,,,,,
S1-C04-secondary-50,secondary,S1,original,A,L,reference_subject,reference_subject,no,True,,,yes,,,,,,,
S1-C04-secondary-50,secondary,S1,original,A,L,target_subject,target_subject,no,True,,,yes,,,,,,,
S1-C04-secondary-50,secondary,S1,original,A,R,reference_subject,reference_subject,no,True,,,yes,,,,,,,
S1-C04-secondary-50,secondary,S1,original,A,R,target_subject,target_subject,no,True,,,yes,,,,,,,
S1-C04-secondary-50,secondary,S1,original,C,B,S1-B-D,DIR,yes,True,,,yes,,,,,,,
S1-C04-secondary-50,secondary,S1,original,C,B,S1-B-I,RF,yes,True,,,yes,,,,,,,
S1-C04-secondary-50,secondary,S1,original,C,B,S1-B-S,TF,yes,True,,,yes,,,,,,,
S1-C04-secondary-50,secondary,S1,original,C,F,S1-F-D,DIR,no,True,,,yes,,,,,,,
S1-C04-secondary-50,secondary,S1,original,C,F,S1-F-I,RF,no,True,,,yes,,,,,,,
S1-C04-secondary-50,secondary,S1,original,C,F,S1-F-S,TF,no,True,,,yes,,,,,,,
S1-C04-secondary-50,secondary,S1,original,C,L,S1-L-D,DIR,no,True,,,yes,,,,,,,
S1-C04-secondary-50,secondary,S1,original,C,L,S1-L-I,RF,no,True,,,yes,,,,,,,
S1-C04-secondary-50,secondary,S1,original,C,L,S1-L-S,TF,no,True,,,yes,,,,,,,
S1-C04-secondary-50,secondary,S1,original,C,R,S1-R-D,DIR,no,True,,,yes,,,,,,,
S1-C04-secondary-50,secondary,S1,original,C,R,S1-R-I,RF,no,True,,,yes,,,,,,,
S1-C04-secondary-50,secondary,S1,original,C,R,S1-R-S,TF,no,True,,,yes,,,,,,,
S1-C05-initial,initial,S1,original,A,B,reference_subject,reference_subject,no,True,,,no,,,,,,,
S1-C05-initial,initial,S1,original,A,B,target_subject,target_subject,no,True,,,no,,,,,,,
S1-C05-initial,initial,S1,original,A,F,reference_subject,reference_subject,no,True,,,no,,,,,,,
S1-C05-initial,initial,S1,original,A,F,target_subject,target_subject,no,True,,,no,,,,,,,
S1-C05-initial,initial,S1,original,A,L,reference_subject,reference_subject,no,True,,,no,,,,,,,
S1-C05-initial,initial,S1,original,A,L,target_subject,target_subject,no,True,,,no,,,,,,,
S1-C05-initial,initial,S1,original,A,R,reference_subject,reference_subject,yes,True,,,no,,,,,,,
S1-C05-initial,initial,S1,original,A,R,target_subject,target_subject,yes,True,,,no,,,,,,,
S1-C05-initial,initial,S1,original,C,B,S1-B-D,DIR,no,True,,,no,,,,,,,
S1-C05-initial,initial,S1,original,C,B,S1-B-I,RF,no,True,,,no,,,,,,,
S1-C05-initial,initial,S1,original,C,B,S1-B-S,TF,no,True,,,no,,,,,,,
S1-C05-initial,initial,S1,original,C,F,S1-F-D,DIR,no,True,,,no,,,,,,,
S1-C05-initial,initial,S1,original,C,F,S1-F-I,RF,no,True,,,no,,,,,,,
S1-C05-initial,initial,S1,original,C,F,S1-F-S,TF,no,True,,,no,,,,,,,
S1-C05-initial,initial,S1,original,C,L,S1-L-D,DIR,no,True,,,no,,,,,,,
S1-C05-initial,initial,S1,original,C,L,S1-L-I,RF,no,True,,,no,,,,,,,
S1-C05-initial,initial,S1,original,C,L,S1-L-S,TF,no,True,,,no,,,,,,,
S1-C05-initial,initial,S1,original,C,R,S1-R-D,DIR,yes,True,,,no,,,,,,,
S1-C05-initial,initial,S1,original,C,R,S1-R-I,RF,yes,True,,,no,,,,,,,
S1-C05-initial,initial,S1,original,C,R,S1-R-S,TF,yes,True,,,no,,,,,,,
S1-C05-initial,initial,S1,placement,C,B,S1-B-reference_early,reference_early,no,True,,,no,,,,,,,
S1-C05-initial,initial,S1,placement,C,B,S1-B-reference_late,reference_late,no,True,,,no,,,,,,,
S1-C05-initial,initial,S1,placement,C,F,S1-F-reference_early,reference_early,no,True,,,no,,,,,,,
S1-C05-initial,initial,S1,placement,C,F,S1-F-reference_late,reference_late,no,True,,,no,,,,,,,
S1-C05-initial,initial,S1,placement,C,L,S1-L-reference_early,reference_early,no,True,,,no,,,,,,,
S1-C05-initial,initial,S1,placement,C,L,S1-L-reference_late,reference_late,no,True,,,no,,,,,,,
S1-C05-initial,initial,S1,placement,C,R,S1-R-reference_early,reference_early,yes,True,,,no,,,,,,,
S1-C05-initial,initial,S1,placement,C,R,S1-R-reference_late,reference_late,yes,True,,,no,,,,,,,
S1-C05-secondary-100,secondary,S1,original,A,B,reference_subject,reference_subject,no,True,,,no,,,,,,,
S1-C05-secondary-100,secondary,S1,original,A,B,target_subject,target_subject,no,True,,,no,,,,,,,
S1-C05-secondary-100,secondary,S1,original,A,F,reference_subject,reference_subject,no,True,,,no,,,,,,,
S1-C05-secondary-100,secondary,S1,original,A,F,target_subject,target_subject,no,True,,,no,,,,,,,
S1-C05-secondary-100,secondary,S1,original,A,L,reference_subject,reference_subject,no,True,,,no,,,,,,,
S1-C05-secondary-100,secondary,S1,original,A,L,target_subject,target_subject,no,True,,,no,,,,,,,
S1-C05-secondary-100,secondary,S1,original,A,R,reference_subject,reference_subject,yes,True,,,no,,,,,,,
S1-C05-secondary-100,secondary,S1,original,A,R,target_subject,target_subject,yes,True,,,no,,,,,,,
S1-C05-secondary-100,secondary,S1,original,C,B,S1-B-D,DIR,no,True,,,no,,,,,,,
S1-C05-secondary-100,secondary,S1,original,C,B,S1-B-I,RF,no,True,,,no,,,,,,,
S1-C05-secondary-100,secondary,S1,original,C,B,S1-B-S,TF,no,True,,,no,,,,,,,
S1-C05-secondary-100,secondary,S1,original,C,F,S1-F-D,DIR,no,True,,,no,,,,,,,
S1-C05-secondary-100,secondary,S1,original,C,F,S1-F-I,RF,no,True,,,no,,,,,,,
S1-C05-secondary-100,secondary,S1,original,C,F,S1-F-S,TF,no,True,,,no,,,,,,,
S1-C05-secondary-100,secondary,S1,original,C,L,S1-L-D,DIR,no,True,,,no,,,,,,,
S1-C05-secondary-100,secondary,S1,original,C,L,S1-L-I,RF,no,True,,,no,,,,,,,
S1-C05-secondary-100,secondary,S1,original,C,L,S1-L-S,TF,no,True,,,no,,,,,,,
S1-C05-secondary-100,secondary,S1,original,C,R,S1-R-D,DIR,yes,True,,,no,,,,,,,
S1-C05-secondary-100,secondary,S1,original,C,R,S1-R-I,RF,yes,True,,,no,,,,,,,
S1-C05-secondary-100,secondary,S1,original,C,R,S1-R-S,TF,yes,True,,,no,,,,,,,
S1-C05-secondary-50,secondary,S1,original,A,B,reference_subject,reference_subject,no,True,,,no,,,,,,,
S1-C05-secondary-50,secondary,S1,original,A,B,target_subject,target_subject,no,True,,,no,,,,,,,
S1-C05-secondary-50,secondary,S1,original,A,F,reference_subject,reference_subject,no,True,,,no,,,,,,,
S1-C05-secondary-50,secondary,S1,original,A,F,target_subject,target_subject,no,True,,,no,,,,,,,
S1-C05-secondary-50,secondary,S1,original,A,L,reference_subject,reference_subject,no,True,,,no,,,,,,,
S1-C05-secondary-50,secondary,S1,original,A,L,target_subject,target_subject,no,True,,,no,,,,,,,
S1-C05-secondary-50,secondary,S1,original,A,R,reference_subject,reference_subject,yes,True,,,no,,,,,,,
S1-C05-secondary-50,secondary,S1,original,A,R,target_subject,target_subject,yes,True,,,no,,,,,,,
S1-C05-secondary-50,secondary,S1,original,C,B,S1-B-D,DIR,no,True,,,no,,,,,,,
S1-C05-secondary-50,secondary,S1,original,C,B,S1-B-I,RF,no,True,,,no,,,,,,,
S1-C05-secondary-50,secondary,S1,original,C,B,S1-B-S,TF,no,True,,,no,,,,,,,
S1-C05-secondary-50,secondary,S1,original,C,F,S1-F-D,DIR,no,True,,,no,,,,,,,
S1-C05-secondary-50,secondary,S1,original,C,F,S1-F-I,RF,no,True,,,no,,,,,,,
S1-C05-secondary-50,secondary,S1,original,C,F,S1-F-S,TF,no,True,,,no,,,,,,,
S1-C05-secondary-50,secondary,S1,original,C,L,S1-L-D,DIR,no,True,,,no,,,,,,,
S1-C05-secondary-50,secondary,S1,original,C,L,S1-L-I,RF,no,True,,,no,,,,,,,
S1-C05-secondary-50,secondary,S1,original,C,L,S1-L-S,TF,no,True,,,no,,,,,,,
S1-C05-secondary-50,secondary,S1,original,C,R,S1-R-D,DIR,yes,True,,,no,,,,,,,
S1-C05-secondary-50,secondary,S1,original,C,R,S1-R-I,RF,yes,True,,,no,,,,,,,
S1-C05-secondary-50,secondary,S1,original,C,R,S1-R-S,TF,yes,True,,,no,,,,,,,
S1-C06-initial,initial,S1,original,A,B,reference_subject,reference_subject,no,True,,,no,,,,,,,
S1-C06-initial,initial,S1,original,A,B,target_subject,target_subject,no,True,,,no,,,,,,,
S1-C06-initial,initial,S1,original,A,F,reference_subject,reference_subject,no,True,,,no,,,,,,,
S1-C06-initial,initial,S1,original,A,F,target_subject,target_subject,no,True,,,no,,,,,,,
S1-C06-initial,initial,S1,original,A,L,reference_subject,reference_subject,no,True,,,no,,,,,,,
S1-C06-initial,initial,S1,original,A,L,target_subject,target_subject,no,True,,,no,,,,,,,
S1-C06-initial,initial,S1,original,A,R,reference_subject,reference_subject,yes,True,,,no,,,,,,,
S1-C06-initial,initial,S1,original,A,R,target_subject,target_subject,yes,True,,,no,,,,,,,
S1-C06-initial,initial,S1,original,C,B,S1-B-D,DIR,no,True,,,no,,,,,,,
S1-C06-initial,initial,S1,original,C,B,S1-B-I,RF,no,True,,,no,,,,,,,
S1-C06-initial,initial,S1,original,C,B,S1-B-S,TF,no,True,,,no,,,,,,,
S1-C06-initial,initial,S1,original,C,F,S1-F-D,DIR,no,True,,,no,,,,,,,
S1-C06-initial,initial,S1,original,C,F,S1-F-I,RF,no,True,,,no,,,,,,,
S1-C06-initial,initial,S1,original,C,F,S1-F-S,TF,no,True,,,no,,,,,,,
S1-C06-initial,initial,S1,original,C,L,S1-L-D,DIR,no,True,,,no,,,,,,,
S1-C06-initial,initial,S1,original,C,L,S1-L-I,RF,no,True,,,no,,,,,,,
S1-C06-initial,initial,S1,original,C,L,S1-L-S,TF,no,True,,,no,,,,,,,
S1-C06-initial,initial,S1,original,C,R,S1-R-D,DIR,yes,True,,,no,,,,,,,
S1-C06-initial,initial,S1,original,C,R,S1-R-I,RF,yes,True,,,no,,,,,,,
S1-C06-initial,initial,S1,original,C,R,S1-R-S,TF,yes,True,,,no,,,,,,,
S1-C06-initial,initial,S1,placement,C,B,S1-B-reference_early,reference_early,no,True,,,no,,,,,,,
S1-C06-initial,initial,S1,placement,C,B,S1-B-reference_late,reference_late,no,True,,,no,,,,,,,
S1-C06-initial,initial,S1,placement,C,F,S1-F-reference_early,reference_early,no,True,,,no,,,,,,,
S1-C06-initial,initial,S1,placement,C,F,S1-F-reference_late,reference_late,no,True,,,no,,,,,,,
S1-C06-initial,initial,S1,placement,C,L,S1-L-reference_early,reference_early,no,True,,,no,,,,,,,
S1-C06-initial,initial,S1,placement,C,L,S1-L-reference_late,reference_late,no,True,,,no,,,,,,,
S1-C06-initial,initial,S1,placement,C,R,S1-R-reference_early,reference_early,yes,True,,,no,,,,,,,
S1-C06-initial,initial,S1,placement,C,R,S1-R-reference_late,reference_late,yes,True,,,no,,,,,,,
S1-C06-secondary-100,secondary,S1,original,A,B,reference_subject,reference_subject,no,True,,,no,,,,,,,
S1-C06-secondary-100,secondary,S1,original,A,B,target_subject,target_subject,no,True,,,no,,,,,,,
S1-C06-secondary-100,secondary,S1,original,A,F,reference_subject,reference_subject,no,True,,,no,,,,,,,
S1-C06-secondary-100,secondary,S1,original,A,F,target_subject,target_subject,no,True,,,no,,,,,,,
S1-C06-secondary-100,secondary,S1,original,A,L,reference_subject,reference_subject,no,True,,,no,,,,,,,
S1-C06-secondary-100,secondary,S1,original,A,L,target_subject,target_subject,no,True,,,no,,,,,,,
S1-C06-secondary-100,secondary,S1,original,A,R,reference_subject,reference_subject,yes,True,,,no,,,,,,,
S1-C06-secondary-100,secondary,S1,original,A,R,target_subject,target_subject,yes,True,,,no,,,,,,,
S1-C06-secondary-100,secondary,S1,original,C,B,S1-B-D,DIR,no,True,,,no,,,,,,,
S1-C06-secondary-100,secondary,S1,original,C,B,S1-B-I,RF,no,True,,,no,,,,,,,
S1-C06-secondary-100,secondary,S1,original,C,B,S1-B-S,TF,no,True,,,no,,,,,,,
S1-C06-secondary-100,secondary,S1,original,C,F,S1-F-D,DIR,no,True,,,no,,,,,,,
S1-C06-secondary-100,secondary,S1,original,C,F,S1-F-I,RF,no,True,,,no,,,,,,,
S1-C06-secondary-100,secondary,S1,original,C,F,S1-F-S,TF,no,True,,,no,,,,,,,
S1-C06-secondary-100,secondary,S1,original,C,L,S1-L-D,DIR,no,True,,,no,,,,,,,
S1-C06-secondary-100,secondary,S1,original,C,L,S1-L-I,RF,no,True,,,no,,,,,,,
S1-C06-secondary-100,secondary,S1,original,C,L,S1-L-S,TF,no,True,,,no,,,,,,,
S1-C06-secondary-100,secondary,S1,original,C,R,S1-R-D,DIR,yes,True,,,no,,,,,,,
S1-C06-secondary-100,secondary,S1,original,C,R,S1-R-I,RF,yes,True,,,no,,,,,,,
S1-C06-secondary-100,secondary,S1,original,C,R,S1-R-S,TF,yes,True,,,no,,,,,,,
S1-C06-secondary-50,secondary,S1,original,A,B,reference_subject,reference_subject,no,True,,,yes,,,,,,,
S1-C06-secondary-50,secondary,S1,original,A,B,target_subject,target_subject,no,True,,,yes,,,,,,,
S1-C06-secondary-50,secondary,S1,original,A,F,reference_subject,reference_subject,no,True,,,yes,,,,,,,
S1-C06-secondary-50,secondary,S1,original,A,F,target_subject,target_subject,no,True,,,yes,,,,,,,
S1-C06-secondary-50,secondary,S1,original,A,L,reference_subject,reference_subject,no,True,,,yes,,,,,,,
S1-C06-secondary-50,secondary,S1,original,A,L,target_subject,target_subject,no,True,,,yes,,,,,,,
S1-C06-secondary-50,secondary,S1,original,A,R,reference_subject,reference_subject,yes,True,,,yes,,,,,,,
S1-C06-secondary-50,secondary,S1,original,A,R,target_subject,target_subject,yes,True,,,yes,,,,,,,
S1-C06-secondary-50,secondary,S1,original,C,B,S1-B-D,DIR,no,True,,,yes,,,,,,,
S1-C06-secondary-50,secondary,S1,original,C,B,S1-B-I,RF,no,True,,,yes,,,,,,,
S1-C06-secondary-50,secondary,S1,original,C,B,S1-B-S,TF,no,True,,,yes,,,,,,,
S1-C06-secondary-50,secondary,S1,original,C,F,S1-F-D,DIR,no,True,,,yes,,,,,,,
S1-C06-secondary-50,secondary,S1,original,C,F,S1-F-I,RF,no,True,,,yes,,,,,,,
S1-C06-secondary-50,secondary,S1,original,C,F,S1-F-S,TF,no,True,,,yes,,,,,,,
S1-C06-secondary-50,secondary,S1,original,C,L,S1-L-D,DIR,no,True,,,yes,,,,,,,
S1-C06-secondary-50,secondary,S1,original,C,L,S1-L-I,RF,no,True,,,yes,,,,,,,
S1-C06-secondary-50,secondary,S1,original,C,L,S1-L-S,TF,no,True,,,yes,,,,,,,
S1-C06-secondary-50,secondary,S1,original,C,R,S1-R-D,DIR,yes,True,,,yes,,,,,,,
S1-C06-secondary-50,secondary,S1,original,C,R,S1-R-I,RF,yes,True,,,yes,,,,,,,
S1-C06-secondary-50,secondary,S1,original,C,R,S1-R-S,TF,yes,True,,,yes,,,,,,,
S1-C07-initial,initial,S1,original,A,B,reference_subject,reference_subject,no,True,,,no,,,,,,,
S1-C07-initial,initial,S1,original,A,B,target_subject,target_subject,no,True,,,no,,,,,,,
S1-C07-initial,initial,S1,original,A,F,reference_subject,reference_subject,no,True,,,no,,,,,,,
S1-C07-initial,initial,S1,original,A,F,target_subject,target_subject,no,True,,,no,,,,,,,
S1-C07-initial,initial,S1,original,A,L,reference_subject,reference_subject,no,True,,,no,,,,,,,
S1-C07-initial,initial,S1,original,A,L,target_subject,target_subject,no,True,,,no,,,,,,,
S1-C07-initial,initial,S1,original,A,R,reference_subject,reference_subject,yes,True,,,no,,,,,,,
S1-C07-initial,initial,S1,original,A,R,target_subject,target_subject,yes,True,,,no,,,,,,,
S1-C07-initial,initial,S1,original,C,B,S1-B-D,DIR,no,True,,,no,,,,,,,
S1-C07-initial,initial,S1,original,C,B,S1-B-I,RF,no,True,,,no,,,,,,,
S1-C07-initial,initial,S1,original,C,B,S1-B-S,TF,no,True,,,no,,,,,,,
S1-C07-initial,initial,S1,original,C,F,S1-F-D,DIR,no,True,,,no,,,,,,,
S1-C07-initial,initial,S1,original,C,F,S1-F-I,RF,no,True,,,no,,,,,,,
S1-C07-initial,initial,S1,original,C,F,S1-F-S,TF,no,True,,,no,,,,,,,
S1-C07-initial,initial,S1,original,C,L,S1-L-D,DIR,no,True,,,no,,,,,,,
S1-C07-initial,initial,S1,original,C,L,S1-L-I,RF,no,True,,,no,,,,,,,
S1-C07-initial,initial,S1,original,C,L,S1-L-S,TF,no,True,,,no,,,,,,,
S1-C07-initial,initial,S1,original,C,R,S1-R-D,DIR,yes,True,,,no,,,,,,,
S1-C07-initial,initial,S1,original,C,R,S1-R-I,RF,yes,True,,,no,,,,,,,
S1-C07-initial,initial,S1,original,C,R,S1-R-S,TF,yes,True,,,no,,,,,,,
S1-C07-initial,initial,S1,placement,C,B,S1-B-reference_early,reference_early,no,True,,,no,,,,,,,
S1-C07-initial,initial,S1,placement,C,B,S1-B-reference_late,reference_late,no,True,,,no,,,,,,,
S1-C07-initial,initial,S1,placement,C,F,S1-F-reference_early,reference_early,no,True,,,no,,,,,,,
S1-C07-initial,initial,S1,placement,C,F,S1-F-reference_late,reference_late,no,True,,,no,,,,,,,
S1-C07-initial,initial,S1,placement,C,L,S1-L-reference_early,reference_early,no,True,,,no,,,,,,,
S1-C07-initial,initial,S1,placement,C,L,S1-L-reference_late,reference_late,no,True,,,no,,,,,,,
S1-C07-initial,initial,S1,placement,C,R,S1-R-reference_early,reference_early,yes,True,,,no,,,,,,,
S1-C07-initial,initial,S1,placement,C,R,S1-R-reference_late,reference_late,yes,True,,,no,,,,,,,
S1-C07-secondary-100,secondary,S1,original,A,B,reference_subject,reference_subject,no,True,,,no,,,,,,,
S1-C07-secondary-100,secondary,S1,original,A,B,target_subject,target_subject,no,True,,,no,,,,,,,
S1-C07-secondary-100,secondary,S1,original,A,F,reference_subject,reference_subject,no,True,,,no,,,,,,,
S1-C07-secondary-100,secondary,S1,original,A,F,target_subject,target_subject,no,True,,,no,,,,,,,
S1-C07-secondary-100,secondary,S1,original,A,L,reference_subject,reference_subject,no,True,,,no,,,,,,,
S1-C07-secondary-100,secondary,S1,original,A,L,target_subject,target_subject,no,True,,,no,,,,,,,
S1-C07-secondary-100,secondary,S1,original,A,R,reference_subject,reference_subject,yes,True,,,no,,,,,,,
S1-C07-secondary-100,secondary,S1,original,A,R,target_subject,target_subject,yes,True,,,no,,,,,,,
S1-C07-secondary-100,secondary,S1,original,C,B,S1-B-D,DIR,no,True,,,no,,,,,,,
S1-C07-secondary-100,secondary,S1,original,C,B,S1-B-I,RF,no,True,,,no,,,,,,,
S1-C07-secondary-100,secondary,S1,original,C,B,S1-B-S,TF,no,True,,,no,,,,,,,
S1-C07-secondary-100,secondary,S1,original,C,F,S1-F-D,DIR,no,True,,,no,,,,,,,
S1-C07-secondary-100,secondary,S1,original,C,F,S1-F-I,RF,no,True,,,no,,,,,,,
S1-C07-secondary-100,secondary,S1,original,C,F,S1-F-S,TF,no,True,,,no,,,,,,,
S1-C07-secondary-100,secondary,S1,original,C,L,S1-L-D,DIR,no,True,,,no,,,,,,,
S1-C07-secondary-100,secondary,S1,original,C,L,S1-L-I,RF,no,True,,,no,,,,,,,
S1-C07-secondary-100,secondary,S1,original,C,L,S1-L-S,TF,no,True,,,no,,,,,,,
S1-C07-secondary-100,secondary,S1,original,C,R,S1-R-D,DIR,yes,True,,,no,,,,,,,
S1-C07-secondary-100,secondary,S1,original,C,R,S1-R-I,RF,yes,True,,,no,,,,,,,
S1-C07-secondary-100,secondary,S1,original,C,R,S1-R-S,TF,yes,True,,,no,,,,,,,
S1-C07-secondary-50,secondary,S1,original,A,B,reference_subject,reference_subject,no,True,,,no,,,,,,,
S1-C07-secondary-50,secondary,S1,original,A,B,target_subject,target_subject,no,True,,,no,,,,,,,
S1-C07-secondary-50,secondary,S1,original,A,F,reference_subject,reference_subject,no,True,,,no,,,,,,,
S1-C07-secondary-50,secondary,S1,original,A,F,target_subject,target_subject,no,True,,,no,,,,,,,
S1-C07-secondary-50,secondary,S1,original,A,L,reference_subject,reference_subject,no,True,,,no,,,,,,,
S1-C07-secondary-50,secondary,S1,original,A,L,target_subject,target_subject,no,True,,,no,,,,,,,
S1-C07-secondary-50,secondary,S1,original,A,R,reference_subject,reference_subject,yes,True,,,no,,,,,,,
S1-C07-secondary-50,secondary,S1,original,A,R,target_subject,target_subject,yes,True,,,no,,,,,,,
S1-C07-secondary-50,secondary,S1,original,C,B,S1-B-D,DIR,no,True,,,no,,,,,,,
S1-C07-secondary-50,secondary,S1,original,C,B,S1-B-I,RF,no,True,,,no,,,,,,,
S1-C07-secondary-50,secondary,S1,original,C,B,S1-B-S,TF,no,True,,,no,,,,,,,
S1-C07-secondary-50,secondary,S1,original,C,F,S1-F-D,DIR,no,True,,,no,,,,,,,
S1-C07-secondary-50,secondary,S1,original,C,F,S1-F-I,RF,no,True,,,no,,,,,,,
S1-C07-secondary-50,secondary,S1,original,C,F,S1-F-S,TF,no,True,,,no,,,,,,,
S1-C07-secondary-50,secondary,S1,original,C,L,S1-L-D,DIR,no,True,,,no,,,,,,,
S1-C07-secondary-50,secondary,S1,original,C,L,S1-L-I,RF,no,True,,,no,,,,,,,
S1-C07-secondary-50,secondary,S1,original,C,L,S1-L-S,TF,no,True,,,no,,,,,,,
S1-C07-secondary-50,secondary,S1,original,C,R,S1-R-D,DIR,yes,True,,,no,,,,,,,
S1-C07-secondary-50,secondary,S1,original,C,R,S1-R-I,RF,yes,True,,,no,,,,,,,
S1-C07-secondary-50,secondary,S1,original,C,R,S1-R-S,TF,yes,True,,,no,,,,,,,
S1-C08-initial,initial,S1,original,A,B,reference_subject,reference_subject,no,True,,,no,,,,,,,
S1-C08-initial,initial,S1,original,A,B,target_subject,target_subject,no,True,,,no,,,,,,,
S1-C08-initial,initial,S1,original,A,F,reference_subject,reference_subject,no,True,,,no,,,,,,,
S1-C08-initial,initial,S1,original,A,F,target_subject,target_subject,no,True,,,no,,,,,,,
S1-C08-initial,initial,S1,original,A,L,reference_subject,reference_subject,no,True,,,no,,,,,,,
S1-C08-initial,initial,S1,original,A,L,target_subject,target_subject,no,True,,,no,,,,,,,
S1-C08-initial,initial,S1,original,A,R,reference_subject,reference_subject,yes,True,,,no,,,,,,,
S1-C08-initial,initial,S1,original,A,R,target_subject,target_subject,yes,True,,,no,,,,,,,
S1-C08-initial,initial,S1,original,C,B,S1-B-D,DIR,no,True,,,no,,,,,,,
S1-C08-initial,initial,S1,original,C,B,S1-B-I,RF,no,True,,,no,,,,,,,
S1-C08-initial,initial,S1,original,C,B,S1-B-S,TF,no,True,,,no,,,,,,,
S1-C08-initial,initial,S1,original,C,F,S1-F-D,DIR,no,True,,,no,,,,,,,
S1-C08-initial,initial,S1,original,C,F,S1-F-I,RF,no,True,,,no,,,,,,,
S1-C08-initial,initial,S1,original,C,F,S1-F-S,TF,no,True,,,no,,,,,,,
S1-C08-initial,initial,S1,original,C,L,S1-L-D,DIR,no,True,,,no,,,,,,,
S1-C08-initial,initial,S1,original,C,L,S1-L-I,RF,no,True,,,no,,,,,,,
S1-C08-initial,initial,S1,original,C,L,S1-L-S,TF,no,True,,,no,,,,,,,
S1-C08-initial,initial,S1,original,C,R,S1-R-D,DIR,yes,True,,,no,,,,,,,
S1-C08-initial,initial,S1,original,C,R,S1-R-I,RF,yes,True,,,no,,,,,,,
S1-C08-initial,initial,S1,original,C,R,S1-R-S,TF,yes,True,,,no,,,,,,,
S1-C08-initial,initial,S1,placement,C,B,S1-B-reference_early,reference_early,no,True,,,no,,,,,,,
S1-C08-initial,initial,S1,placement,C,B,S1-B-reference_late,reference_late,no,True,,,no,,,,,,,
S1-C08-initial,initial,S1,placement,C,F,S1-F-reference_early,reference_early,no,True,,,no,,,,,,,
S1-C08-initial,initial,S1,placement,C,F,S1-F-reference_late,reference_late,no,True,,,no,,,,,,,
S1-C08-initial,initial,S1,placement,C,L,S1-L-reference_early,reference_early,no,True,,,no,,,,,,,
S1-C08-initial,initial,S1,placement,C,L,S1-L-reference_late,reference_late,no,True,,,no,,,,,,,
S1-C08-initial,initial,S1,placement,C,R,S1-R-reference_early,reference_early,yes,True,,,no,,,,,,,
S1-C08-initial,initial,S1,placement,C,R,S1-R-reference_late,reference_late,yes,True,,,no,,,,,,,
S1-C08-secondary-100,secondary,S1,original,A,B,reference_subject,reference_subject,no,True,,,no,,,,,,,
S1-C08-secondary-100,secondary,S1,original,A,B,target_subject,target_subject,no,True,,,no,,,,,,,
S1-C08-secondary-100,secondary,S1,original,A,F,reference_subject,reference_subject,no,True,,,no,,,,,,,
S1-C08-secondary-100,secondary,S1,original,A,F,target_subject,target_subject,no,True,,,no,,,,,,,
S1-C08-secondary-100,secondary,S1,original,A,L,reference_subject,reference_subject,no,True,,,no,,,,,,,
S1-C08-secondary-100,secondary,S1,original,A,L,target_subject,target_subject,no,True,,,no,,,,,,,
S1-C08-secondary-100,secondary,S1,original,A,R,reference_subject,reference_subject,yes,True,,,no,,,,,,,
S1-C08-secondary-100,secondary,S1,original,A,R,target_subject,target_subject,yes,True,,,no,,,,,,,
S1-C08-secondary-100,secondary,S1,original,C,B,S1-B-D,DIR,no,True,,,no,,,,,,,
S1-C08-secondary-100,secondary,S1,original,C,B,S1-B-I,RF,no,True,,,no,,,,,,,
S1-C08-secondary-100,secondary,S1,original,C,B,S1-B-S,TF,no,True,,,no,,,,,,,
S1-C08-secondary-100,secondary,S1,original,C,F,S1-F-D,DIR,no,True,,,no,,,,,,,
S1-C08-secondary-100,secondary,S1,original,C,F,S1-F-I,RF,no,True,,,no,,,,,,,
S1-C08-secondary-100,secondary,S1,original,C,F,S1-F-S,TF,no,True,,,no,,,,,,,
S1-C08-secondary-100,secondary,S1,original,C,L,S1-L-D,DIR,no,True,,,no,,,,,,,
S1-C08-secondary-100,secondary,S1,original,C,L,S1-L-I,RF,no,True,,,no,,,,,,,
S1-C08-secondary-100,secondary,S1,original,C,L,S1-L-S,TF,no,True,,,no,,,,,,,
S1-C08-secondary-100,secondary,S1,original,C,R,S1-R-D,DIR,yes,True,,,no,,,,,,,
S1-C08-secondary-100,secondary,S1,original,C,R,S1-R-I,RF,yes,True,,,no,,,,,,,
S1-C08-secondary-100,secondary,S1,original,C,R,S1-R-S,TF,yes,True,,,no,,,,,,,
S1-C08-secondary-50,secondary,S1,original,A,B,reference_subject,reference_subject,no,True,,gripper_contact_possible_occlusion,yes,,,,,,,
S1-C08-secondary-50,secondary,S1,original,A,B,target_subject,target_subject,no,True,,gripper_contact_possible_occlusion,yes,,,,,,,
S1-C08-secondary-50,secondary,S1,original,A,F,reference_subject,reference_subject,no,True,,gripper_contact_possible_occlusion,yes,,,,,,,
S1-C08-secondary-50,secondary,S1,original,A,F,target_subject,target_subject,no,True,,gripper_contact_possible_occlusion,yes,,,,,,,
S1-C08-secondary-50,secondary,S1,original,A,L,reference_subject,reference_subject,no,True,,gripper_contact_possible_occlusion,yes,,,,,,,
S1-C08-secondary-50,secondary,S1,original,A,L,target_subject,target_subject,no,True,,gripper_contact_possible_occlusion,yes,,,,,,,
S1-C08-secondary-50,secondary,S1,original,A,R,reference_subject,reference_subject,yes,True,,gripper_contact_possible_occlusion,yes,,,,,,,
S1-C08-secondary-50,secondary,S1,original,A,R,target_subject,target_subject,yes,True,,gripper_contact_possible_occlusion,yes,,,,,,,
S1-C08-secondary-50,secondary,S1,original,C,B,S1-B-D,DIR,no,False,target_or_reference_in_gripper_contact_final_arrangement_ambiguous,,yes,,,,,,,
S1-C08-secondary-50,secondary,S1,original,C,B,S1-B-I,RF,no,False,target_or_reference_in_gripper_contact_final_arrangement_ambiguous,,yes,,,,,,,
S1-C08-secondary-50,secondary,S1,original,C,B,S1-B-S,TF,no,False,target_or_reference_in_gripper_contact_final_arrangement_ambiguous,,yes,,,,,,,
S1-C08-secondary-50,secondary,S1,original,C,F,S1-F-D,DIR,no,False,target_or_reference_in_gripper_contact_final_arrangement_ambiguous,,yes,,,,,,,
S1-C08-secondary-50,secondary,S1,original,C,F,S1-F-I,RF,no,False,target_or_reference_in_gripper_contact_final_arrangement_ambiguous,,yes,,,,,,,
S1-C08-secondary-50,secondary,S1,original,C,F,S1-F-S,TF,no,False,target_or_reference_in_gripper_contact_final_arrangement_ambiguous,,yes,,,,,,,
S1-C08-secondary-50,secondary,S1,original,C,L,S1-L-D,DIR,no,False,target_or_reference_in_gripper_contact_final_arrangement_ambiguous,,yes,,,,,,,
S1-C08-secondary-50,secondary,S1,original,C,L,S1-L-I,RF,no,False,target_or_reference_in_gripper_contact_final_arrangement_ambiguous,,yes,,,,,,,
S1-C08-secondary-50,secondary,S1,original,C,L,S1-L-S,TF,no,False,target_or_reference_in_gripper_contact_final_arrangement_ambiguous,,yes,,,,,,,
S1-C08-secondary-50,secondary,S1,original,C,R,S1-R-D,DIR,yes,False,target_or_reference_in_gripper_contact_final_arrangement_ambiguous,,yes,,,,,,,
S1-C08-secondary-50,secondary,S1,original,C,R,S1-R-I,RF,yes,False,target_or_reference_in_gripper_contact_final_arrangement_ambiguous,,yes,,,,,,,
S1-C08-secondary-50,secondary,S1,original,C,R,S1-R-S,TF,yes,False,target_or_reference_in_gripper_contact_final_arrangement_ambiguous,,yes,,,,,,,
S3-C01-initial,initial,S3,original,A,L,reference_subject,reference_subject,no,True,,,no,,,,,,,
S3-C01-initial,initial,S3,original,A,L,target_subject,target_subject,no,True,,,no,,,,,,,
S3-C01-initial,initial,S3,original,A,R,reference_subject,reference_subject,yes,True,,,no,,,,,,,
S3-C01-initial,initial,S3,original,A,R,target_subject,target_subject,yes,True,,,no,,,,,,,
S3-C01-initial,initial,S3,original,A,TOP,reference_subject,reference_subject,no,True,,,no,,,,,,,
S3-C01-initial,initial,S3,original,A,TOP,target_subject,target_subject,no,True,,,no,,,,,,,
S3-C01-initial,initial,S3,original,C,L,S3-L-D,DIR,no,True,,,no,,,,,,,
S3-C01-initial,initial,S3,original,C,L,S3-L-I,RF,no,True,,,no,,,,,,,
S3-C01-initial,initial,S3,original,C,L,S3-L-S,TF,no,True,,,no,,,,,,,
S3-C01-initial,initial,S3,original,C,R,S3-R-D,DIR,yes,True,,,no,,,,,,,
S3-C01-initial,initial,S3,original,C,R,S3-R-I,RF,yes,True,,,no,,,,,,,
S3-C01-initial,initial,S3,original,C,R,S3-R-S,TF,yes,True,,,no,,,,,,,
S3-C01-initial,initial,S3,original,C,TOP,S3-TOP-D,DIR,no,True,,,no,,,,,,,
S3-C01-initial,initial,S3,original,C,TOP,S3-TOP-I,RF,no,True,,,no,,,,,,,
S3-C01-initial,initial,S3,original,C,TOP,S3-TOP-S,TF,no,True,,,no,,,,,,,
S3-C01-initial,initial,S3,placement,C,L,S3-L-reference_early,reference_early,no,True,,,no,,,,,,,
S3-C01-initial,initial,S3,placement,C,L,S3-L-reference_late,reference_late,no,True,,,no,,,,,,,
S3-C01-initial,initial,S3,placement,C,R,S3-R-reference_early,reference_early,yes,True,,,no,,,,,,,
S3-C01-initial,initial,S3,placement,C,R,S3-R-reference_late,reference_late,yes,True,,,no,,,,,,,
S3-C01-secondary-100,secondary,S3,original,A,L,reference_subject,reference_subject,no,True,,,yes,,,,,,,
S3-C01-secondary-100,secondary,S3,original,A,L,target_subject,target_subject,no,True,,,yes,,,,,,,
S3-C01-secondary-100,secondary,S3,original,A,R,reference_subject,reference_subject,yes,False,cone_within_5deg_of_cone_boundary,,yes,,,,,,,
S3-C01-secondary-100,secondary,S3,original,A,R,target_subject,target_subject,yes,False,cone_within_5deg_of_cone_boundary,,yes,,,,,,,
S3-C01-secondary-100,secondary,S3,original,A,TOP,reference_subject,reference_subject,no,True,,,yes,,,,,,,
S3-C01-secondary-100,secondary,S3,original,A,TOP,target_subject,target_subject,no,True,,,yes,,,,,,,
S3-C01-secondary-100,secondary,S3,original,C,L,S3-L-D,DIR,no,True,,,yes,,,,,,,
S3-C01-secondary-100,secondary,S3,original,C,L,S3-L-I,RF,no,True,,,yes,,,,,,,
S3-C01-secondary-100,secondary,S3,original,C,L,S3-L-S,TF,no,True,,,yes,,,,,,,
S3-C01-secondary-100,secondary,S3,original,C,R,S3-R-D,DIR,yes,False,cone_within_5deg_of_cone_boundary,,yes,,,,,,,
S3-C01-secondary-100,secondary,S3,original,C,R,S3-R-I,RF,yes,False,cone_within_5deg_of_cone_boundary,,yes,,,,,,,
S3-C01-secondary-100,secondary,S3,original,C,R,S3-R-S,TF,yes,False,cone_within_5deg_of_cone_boundary,,yes,,,,,,,
S3-C01-secondary-100,secondary,S3,original,C,TOP,S3-TOP-D,DIR,no,True,,,yes,,,,,,,
S3-C01-secondary-100,secondary,S3,original,C,TOP,S3-TOP-I,RF,no,True,,,yes,,,,,,,
S3-C01-secondary-100,secondary,S3,original,C,TOP,S3-TOP-S,TF,no,True,,,yes,,,,,,,
S3-C01-secondary-50,secondary,S3,original,A,L,reference_subject,reference_subject,no,True,,gripper_contact_possible_occlusion,yes,,,,,,,
S3-C01-secondary-50,secondary,S3,original,A,L,target_subject,target_subject,no,True,,gripper_contact_possible_occlusion,yes,,,,,,,
S3-C01-secondary-50,secondary,S3,original,A,R,reference_subject,reference_subject,no,False,cone_within_5deg_of_cone_boundary,gripper_contact_possible_occlusion,yes,,,,,,,
S3-C01-secondary-50,secondary,S3,original,A,R,target_subject,target_subject,no,False,cone_within_5deg_of_cone_boundary,gripper_contact_possible_occlusion,yes,,,,,,,
S3-C01-secondary-50,secondary,S3,original,A,TOP,reference_subject,reference_subject,no,True,,gripper_contact_possible_occlusion,yes,,,,,,,
S3-C01-secondary-50,secondary,S3,original,A,TOP,target_subject,target_subject,no,True,,gripper_contact_possible_occlusion,yes,,,,,,,
S3-C01-secondary-50,secondary,S3,original,C,L,S3-L-D,DIR,no,False,target_or_reference_in_gripper_contact_final_arrangement_ambiguous,,yes,,,,,,,
S3-C01-secondary-50,secondary,S3,original,C,L,S3-L-I,RF,no,False,target_or_reference_in_gripper_contact_final_arrangement_ambiguous,,yes,,,,,,,
S3-C01-secondary-50,secondary,S3,original,C,L,S3-L-S,TF,no,False,target_or_reference_in_gripper_contact_final_arrangement_ambiguous,,yes,,,,,,,
S3-C01-secondary-50,secondary,S3,original,C,R,S3-R-D,DIR,no,False,cone_within_5deg_of_cone_boundary;target_or_reference_in_gripper_contact_final_arrangement_ambiguous,,yes,,,,,,,
S3-C01-secondary-50,secondary,S3,original,C,R,S3-R-I,RF,no,False,cone_within_5deg_of_cone_boundary;target_or_reference_in_gripper_contact_final_arrangement_ambiguous,,yes,,,,,,,
S3-C01-secondary-50,secondary,S3,original,C,R,S3-R-S,TF,no,False,cone_within_5deg_of_cone_boundary;target_or_reference_in_gripper_contact_final_arrangement_ambiguous,,yes,,,,,,,
S3-C01-secondary-50,secondary,S3,original,C,TOP,S3-TOP-D,DIR,no,False,target_or_reference_in_gripper_contact_final_arrangement_ambiguous,,yes,,,,,,,
S3-C01-secondary-50,secondary,S3,original,C,TOP,S3-TOP-I,RF,no,False,target_or_reference_in_gripper_contact_final_arrangement_ambiguous,,yes,,,,,,,
S3-C01-secondary-50,secondary,S3,original,C,TOP,S3-TOP-S,TF,no,False,target_or_reference_in_gripper_contact_final_arrangement_ambiguous,,yes,,,,,,,
S3-C02-initial,initial,S3,original,A,L,reference_subject,reference_subject,no,True,,,no,,,,,,,
S3-C02-initial,initial,S3,original,A,L,target_subject,target_subject,no,True,,,no,,,,,,,
S3-C02-initial,initial,S3,original,A,R,reference_subject,reference_subject,yes,True,,,no,,,,,,,
S3-C02-initial,initial,S3,original,A,R,target_subject,target_subject,yes,True,,,no,,,,,,,
S3-C02-initial,initial,S3,original,A,TOP,reference_subject,reference_subject,no,True,,,no,,,,,,,
S3-C02-initial,initial,S3,original,A,TOP,target_subject,target_subject,no,True,,,no,,,,,,,
S3-C02-initial,initial,S3,original,C,L,S3-L-D,DIR,no,True,,,no,,,,,,,
S3-C02-initial,initial,S3,original,C,L,S3-L-I,RF,no,True,,,no,,,,,,,
S3-C02-initial,initial,S3,original,C,L,S3-L-S,TF,no,True,,,no,,,,,,,
S3-C02-initial,initial,S3,original,C,R,S3-R-D,DIR,yes,True,,,no,,,,,,,
S3-C02-initial,initial,S3,original,C,R,S3-R-I,RF,yes,True,,,no,,,,,,,
S3-C02-initial,initial,S3,original,C,R,S3-R-S,TF,yes,True,,,no,,,,,,,
S3-C02-initial,initial,S3,original,C,TOP,S3-TOP-D,DIR,no,True,,,no,,,,,,,
S3-C02-initial,initial,S3,original,C,TOP,S3-TOP-I,RF,no,True,,,no,,,,,,,
S3-C02-initial,initial,S3,original,C,TOP,S3-TOP-S,TF,no,True,,,no,,,,,,,
S3-C02-initial,initial,S3,placement,C,L,S3-L-reference_early,reference_early,no,True,,,no,,,,,,,
S3-C02-initial,initial,S3,placement,C,L,S3-L-reference_late,reference_late,no,True,,,no,,,,,,,
S3-C02-initial,initial,S3,placement,C,R,S3-R-reference_early,reference_early,yes,True,,,no,,,,,,,
S3-C02-initial,initial,S3,placement,C,R,S3-R-reference_late,reference_late,yes,True,,,no,,,,,,,
S3-C02-secondary-100,secondary,S3,original,A,L,reference_subject,reference_subject,no,True,,,yes,,,,,,,
S3-C02-secondary-100,secondary,S3,original,A,L,target_subject,target_subject,no,True,,,yes,,,,,,,
S3-C02-secondary-100,secondary,S3,original,A,R,reference_subject,reference_subject,no,True,,,yes,,,,,,,
S3-C02-secondary-100,secondary,S3,original,A,R,target_subject,target_subject,no,True,,,yes,,,,,,,
S3-C02-secondary-100,secondary,S3,original,A,TOP,reference_subject,reference_subject,no,True,,,yes,,,,,,,
S3-C02-secondary-100,secondary,S3,original,A,TOP,target_subject,target_subject,no,True,,,yes,,,,,,,
S3-C02-secondary-100,secondary,S3,original,C,L,S3-L-D,DIR,no,True,,,yes,,,,,,,
S3-C02-secondary-100,secondary,S3,original,C,L,S3-L-I,RF,no,True,,,yes,,,,,,,
S3-C02-secondary-100,secondary,S3,original,C,L,S3-L-S,TF,no,True,,,yes,,,,,,,
S3-C02-secondary-100,secondary,S3,original,C,R,S3-R-D,DIR,no,True,,,yes,,,,,,,
S3-C02-secondary-100,secondary,S3,original,C,R,S3-R-I,RF,no,True,,,yes,,,,,,,
S3-C02-secondary-100,secondary,S3,original,C,R,S3-R-S,TF,no,True,,,yes,,,,,,,
S3-C02-secondary-100,secondary,S3,original,C,TOP,S3-TOP-D,DIR,no,True,,,yes,,,,,,,
S3-C02-secondary-100,secondary,S3,original,C,TOP,S3-TOP-I,RF,no,True,,,yes,,,,,,,
S3-C02-secondary-100,secondary,S3,original,C,TOP,S3-TOP-S,TF,no,True,,,yes,,,,,,,
S3-C02-secondary-50,secondary,S3,original,A,L,reference_subject,reference_subject,no,True,,,yes,,,,,,,
S3-C02-secondary-50,secondary,S3,original,A,L,target_subject,target_subject,no,True,,,yes,,,,,,,
S3-C02-secondary-50,secondary,S3,original,A,R,reference_subject,reference_subject,no,True,,,yes,,,,,,,
S3-C02-secondary-50,secondary,S3,original,A,R,target_subject,target_subject,no,True,,,yes,,,,,,,
S3-C02-secondary-50,secondary,S3,original,A,TOP,reference_subject,reference_subject,no,True,,,yes,,,,,,,
S3-C02-secondary-50,secondary,S3,original,A,TOP,target_subject,target_subject,no,True,,,yes,,,,,,,
S3-C02-secondary-50,secondary,S3,original,C,L,S3-L-D,DIR,no,True,,,yes,,,,,,,
S3-C02-secondary-50,secondary,S3,original,C,L,S3-L-I,RF,no,True,,,yes,,,,,,,
S3-C02-secondary-50,secondary,S3,original,C,L,S3-L-S,TF,no,True,,,yes,,,,,,,
S3-C02-secondary-50,secondary,S3,original,C,R,S3-R-D,DIR,no,True,,,yes,,,,,,,
S3-C02-secondary-50,secondary,S3,original,C,R,S3-R-I,RF,no,True,,,yes,,,,,,,
S3-C02-secondary-50,secondary,S3,original,C,R,S3-R-S,TF,no,True,,,yes,,,,,,,
S3-C02-secondary-50,secondary,S3,original,C,TOP,S3-TOP-D,DIR,no,True,,,yes,,,,,,,
S3-C02-secondary-50,secondary,S3,original,C,TOP,S3-TOP-I,RF,no,True,,,yes,,,,,,,
S3-C02-secondary-50,secondary,S3,original,C,TOP,S3-TOP-S,TF,no,True,,,yes,,,,,,,
S3-C03-initial,initial,S3,original,A,L,reference_subject,reference_subject,no,True,,,no,,,,,,,
S3-C03-initial,initial,S3,original,A,L,target_subject,target_subject,no,True,,,no,,,,,,,
S3-C03-initial,initial,S3,original,A,R,reference_subject,reference_subject,yes,True,,,no,,,,,,,
S3-C03-initial,initial,S3,original,A,R,target_subject,target_subject,yes,True,,,no,,,,,,,
S3-C03-initial,initial,S3,original,A,TOP,reference_subject,reference_subject,no,True,,,no,,,,,,,
S3-C03-initial,initial,S3,original,A,TOP,target_subject,target_subject,no,True,,,no,,,,,,,
S3-C03-initial,initial,S3,original,C,L,S3-L-D,DIR,no,True,,,no,,,,,,,
S3-C03-initial,initial,S3,original,C,L,S3-L-I,RF,no,True,,,no,,,,,,,
S3-C03-initial,initial,S3,original,C,L,S3-L-S,TF,no,True,,,no,,,,,,,
S3-C03-initial,initial,S3,original,C,R,S3-R-D,DIR,yes,True,,,no,,,,,,,
S3-C03-initial,initial,S3,original,C,R,S3-R-I,RF,yes,True,,,no,,,,,,,
S3-C03-initial,initial,S3,original,C,R,S3-R-S,TF,yes,True,,,no,,,,,,,
S3-C03-initial,initial,S3,original,C,TOP,S3-TOP-D,DIR,no,True,,,no,,,,,,,
S3-C03-initial,initial,S3,original,C,TOP,S3-TOP-I,RF,no,True,,,no,,,,,,,
S3-C03-initial,initial,S3,original,C,TOP,S3-TOP-S,TF,no,True,,,no,,,,,,,
S3-C03-initial,initial,S3,placement,C,L,S3-L-reference_early,reference_early,no,True,,,no,,,,,,,
S3-C03-initial,initial,S3,placement,C,L,S3-L-reference_late,reference_late,no,True,,,no,,,,,,,
S3-C03-initial,initial,S3,placement,C,R,S3-R-reference_early,reference_early,yes,True,,,no,,,,,,,
S3-C03-initial,initial,S3,placement,C,R,S3-R-reference_late,reference_late,yes,True,,,no,,,,,,,
S3-C03-secondary-100,secondary,S3,original,A,L,reference_subject,reference_subject,no,True,,,yes,,,,,,,
S3-C03-secondary-100,secondary,S3,original,A,L,target_subject,target_subject,no,True,,,yes,,,,,,,
S3-C03-secondary-100,secondary,S3,original,A,R,reference_subject,reference_subject,no,False,cone_within_5deg_of_cone_boundary,,yes,,,,,,,
S3-C03-secondary-100,secondary,S3,original,A,R,target_subject,target_subject,no,False,cone_within_5deg_of_cone_boundary,,yes,,,,,,,
S3-C03-secondary-100,secondary,S3,original,A,TOP,reference_subject,reference_subject,no,True,,,yes,,,,,,,
S3-C03-secondary-100,secondary,S3,original,A,TOP,target_subject,target_subject,no,True,,,yes,,,,,,,
S3-C03-secondary-100,secondary,S3,original,C,L,S3-L-D,DIR,no,True,,,yes,,,,,,,
S3-C03-secondary-100,secondary,S3,original,C,L,S3-L-I,RF,no,True,,,yes,,,,,,,
S3-C03-secondary-100,secondary,S3,original,C,L,S3-L-S,TF,no,True,,,yes,,,,,,,
S3-C03-secondary-100,secondary,S3,original,C,R,S3-R-D,DIR,no,False,cone_within_5deg_of_cone_boundary,,yes,,,,,,,
S3-C03-secondary-100,secondary,S3,original,C,R,S3-R-I,RF,no,False,cone_within_5deg_of_cone_boundary,,yes,,,,,,,
S3-C03-secondary-100,secondary,S3,original,C,R,S3-R-S,TF,no,False,cone_within_5deg_of_cone_boundary,,yes,,,,,,,
S3-C03-secondary-100,secondary,S3,original,C,TOP,S3-TOP-D,DIR,no,True,,,yes,,,,,,,
S3-C03-secondary-100,secondary,S3,original,C,TOP,S3-TOP-I,RF,no,True,,,yes,,,,,,,
S3-C03-secondary-100,secondary,S3,original,C,TOP,S3-TOP-S,TF,no,True,,,yes,,,,,,,
S3-C03-secondary-50,secondary,S3,original,A,L,reference_subject,reference_subject,no,True,,gripper_contact_possible_occlusion,yes,,,,,,,
S3-C03-secondary-50,secondary,S3,original,A,L,target_subject,target_subject,no,True,,gripper_contact_possible_occlusion,yes,,,,,,,
S3-C03-secondary-50,secondary,S3,original,A,R,reference_subject,reference_subject,no,False,cone_within_5deg_of_cone_boundary,gripper_contact_possible_occlusion,yes,,,,,,,
S3-C03-secondary-50,secondary,S3,original,A,R,target_subject,target_subject,no,False,cone_within_5deg_of_cone_boundary,gripper_contact_possible_occlusion,yes,,,,,,,
S3-C03-secondary-50,secondary,S3,original,A,TOP,reference_subject,reference_subject,no,True,,gripper_contact_possible_occlusion,yes,,,,,,,
S3-C03-secondary-50,secondary,S3,original,A,TOP,target_subject,target_subject,no,True,,gripper_contact_possible_occlusion,yes,,,,,,,
S3-C03-secondary-50,secondary,S3,original,C,L,S3-L-D,DIR,no,False,target_or_reference_in_gripper_contact_final_arrangement_ambiguous,,yes,,,,,,,
S3-C03-secondary-50,secondary,S3,original,C,L,S3-L-I,RF,no,False,target_or_reference_in_gripper_contact_final_arrangement_ambiguous,,yes,,,,,,,
S3-C03-secondary-50,secondary,S3,original,C,L,S3-L-S,TF,no,False,target_or_reference_in_gripper_contact_final_arrangement_ambiguous,,yes,,,,,,,
S3-C03-secondary-50,secondary,S3,original,C,R,S3-R-D,DIR,no,False,cone_within_5deg_of_cone_boundary;target_or_reference_in_gripper_contact_final_arrangement_ambiguous,,yes,,,,,,,
S3-C03-secondary-50,secondary,S3,original,C,R,S3-R-I,RF,no,False,cone_within_5deg_of_cone_boundary;target_or_reference_in_gripper_contact_final_arrangement_ambiguous,,yes,,,,,,,
S3-C03-secondary-50,secondary,S3,original,C,R,S3-R-S,TF,no,False,cone_within_5deg_of_cone_boundary;target_or_reference_in_gripper_contact_final_arrangement_ambiguous,,yes,,,,,,,
S3-C03-secondary-50,secondary,S3,original,C,TOP,S3-TOP-D,DIR,no,False,target_or_reference_in_gripper_contact_final_arrangement_ambiguous,,yes,,,,,,,
S3-C03-secondary-50,secondary,S3,original,C,TOP,S3-TOP-I,RF,no,False,target_or_reference_in_gripper_contact_final_arrangement_ambiguous,,yes,,,,,,,
S3-C03-secondary-50,secondary,S3,original,C,TOP,S3-TOP-S,TF,no,False,target_or_reference_in_gripper_contact_final_arrangement_ambiguous,,yes,,,,,,,
S3-C04-initial,initial,S3,original,A,L,reference_subject,reference_subject,no,True,,,no,,,,,,,
S3-C04-initial,initial,S3,original,A,L,target_subject,target_subject,no,True,,,no,,,,,,,
S3-C04-initial,initial,S3,original,A,R,reference_subject,reference_subject,yes,True,,,no,,,,,,,
S3-C04-initial,initial,S3,original,A,R,target_subject,target_subject,yes,True,,,no,,,,,,,
S3-C04-initial,initial,S3,original,A,TOP,reference_subject,reference_subject,no,True,,,no,,,,,,,
S3-C04-initial,initial,S3,original,A,TOP,target_subject,target_subject,no,True,,,no,,,,,,,
S3-C04-initial,initial,S3,original,C,L,S3-L-D,DIR,no,True,,,no,,,,,,,
S3-C04-initial,initial,S3,original,C,L,S3-L-I,RF,no,True,,,no,,,,,,,
S3-C04-initial,initial,S3,original,C,L,S3-L-S,TF,no,True,,,no,,,,,,,
S3-C04-initial,initial,S3,original,C,R,S3-R-D,DIR,yes,True,,,no,,,,,,,
S3-C04-initial,initial,S3,original,C,R,S3-R-I,RF,yes,True,,,no,,,,,,,
S3-C04-initial,initial,S3,original,C,R,S3-R-S,TF,yes,True,,,no,,,,,,,
S3-C04-initial,initial,S3,original,C,TOP,S3-TOP-D,DIR,no,True,,,no,,,,,,,
S3-C04-initial,initial,S3,original,C,TOP,S3-TOP-I,RF,no,True,,,no,,,,,,,
S3-C04-initial,initial,S3,original,C,TOP,S3-TOP-S,TF,no,True,,,no,,,,,,,
S3-C04-initial,initial,S3,placement,C,L,S3-L-reference_early,reference_early,no,True,,,no,,,,,,,
S3-C04-initial,initial,S3,placement,C,L,S3-L-reference_late,reference_late,no,True,,,no,,,,,,,
S3-C04-initial,initial,S3,placement,C,R,S3-R-reference_early,reference_early,yes,True,,,no,,,,,,,
S3-C04-initial,initial,S3,placement,C,R,S3-R-reference_late,reference_late,yes,True,,,no,,,,,,,
S3-C04-secondary-100,secondary,S3,original,A,L,reference_subject,reference_subject,no,True,,,yes,,,,,,,
S3-C04-secondary-100,secondary,S3,original,A,L,target_subject,target_subject,no,True,,,yes,,,,,,,
S3-C04-secondary-100,secondary,S3,original,A,R,reference_subject,reference_subject,yes,True,,,yes,,,,,,,
S3-C04-secondary-100,secondary,S3,original,A,R,target_subject,target_subject,yes,True,,,yes,,,,,,,
S3-C04-secondary-100,secondary,S3,original,A,TOP,reference_subject,reference_subject,no,True,,,yes,,,,,,,
S3-C04-secondary-100,secondary,S3,original,A,TOP,target_subject,target_subject,no,True,,,yes,,,,,,,
S3-C04-secondary-100,secondary,S3,original,C,L,S3-L-D,DIR,no,True,,,yes,,,,,,,
S3-C04-secondary-100,secondary,S3,original,C,L,S3-L-I,RF,no,True,,,yes,,,,,,,
S3-C04-secondary-100,secondary,S3,original,C,L,S3-L-S,TF,no,True,,,yes,,,,,,,
S3-C04-secondary-100,secondary,S3,original,C,R,S3-R-D,DIR,yes,True,,,yes,,,,,,,
S3-C04-secondary-100,secondary,S3,original,C,R,S3-R-I,RF,yes,True,,,yes,,,,,,,
S3-C04-secondary-100,secondary,S3,original,C,R,S3-R-S,TF,yes,True,,,yes,,,,,,,
S3-C04-secondary-100,secondary,S3,original,C,TOP,S3-TOP-D,DIR,no,True,,,yes,,,,,,,
S3-C04-secondary-100,secondary,S3,original,C,TOP,S3-TOP-I,RF,no,True,,,yes,,,,,,,
S3-C04-secondary-100,secondary,S3,original,C,TOP,S3-TOP-S,TF,no,True,,,yes,,,,,,,
S3-C04-secondary-50,secondary,S3,original,A,L,reference_subject,reference_subject,no,True,,,no,,,,,,,
S3-C04-secondary-50,secondary,S3,original,A,L,target_subject,target_subject,no,True,,,no,,,,,,,
S3-C04-secondary-50,secondary,S3,original,A,R,reference_subject,reference_subject,yes,True,,,no,,,,,,,
S3-C04-secondary-50,secondary,S3,original,A,R,target_subject,target_subject,yes,True,,,no,,,,,,,
S3-C04-secondary-50,secondary,S3,original,A,TOP,reference_subject,reference_subject,no,True,,,no,,,,,,,
S3-C04-secondary-50,secondary,S3,original,A,TOP,target_subject,target_subject,no,True,,,no,,,,,,,
S3-C04-secondary-50,secondary,S3,original,C,L,S3-L-D,DIR,no,True,,,no,,,,,,,
S3-C04-secondary-50,secondary,S3,original,C,L,S3-L-I,RF,no,True,,,no,,,,,,,
S3-C04-secondary-50,secondary,S3,original,C,L,S3-L-S,TF,no,True,,,no,,,,,,,
S3-C04-secondary-50,secondary,S3,original,C,R,S3-R-D,DIR,yes,True,,,no,,,,,,,
S3-C04-secondary-50,secondary,S3,original,C,R,S3-R-I,RF,yes,True,,,no,,,,,,,
S3-C04-secondary-50,secondary,S3,original,C,R,S3-R-S,TF,yes,True,,,no,,,,,,,
S3-C04-secondary-50,secondary,S3,original,C,TOP,S3-TOP-D,DIR,no,True,,,no,,,,,,,
S3-C04-secondary-50,secondary,S3,original,C,TOP,S3-TOP-I,RF,no,True,,,no,,,,,,,
S3-C04-secondary-50,secondary,S3,original,C,TOP,S3-TOP-S,TF,no,True,,,no,,,,,,,
S3-C05-initial,initial,S3,original,A,L,reference_subject,reference_subject,no,True,,,yes,,,,,,,
S3-C05-initial,initial,S3,original,A,L,target_subject,target_subject,no,True,,,yes,,,,,,,
S3-C05-initial,initial,S3,original,A,R,reference_subject,reference_subject,yes,False,cone_within_5deg_of_cone_boundary,,yes,,,,,,,
S3-C05-initial,initial,S3,original,A,R,target_subject,target_subject,yes,False,cone_within_5deg_of_cone_boundary,,yes,,,,,,,
S3-C05-initial,initial,S3,original,A,TOP,reference_subject,reference_subject,no,True,,,yes,,,,,,,
S3-C05-initial,initial,S3,original,A,TOP,target_subject,target_subject,no,True,,,yes,,,,,,,
S3-C05-initial,initial,S3,original,C,L,S3-L-D,DIR,no,True,,,yes,,,,,,,
S3-C05-initial,initial,S3,original,C,L,S3-L-I,RF,no,True,,,yes,,,,,,,
S3-C05-initial,initial,S3,original,C,L,S3-L-S,TF,no,True,,,yes,,,,,,,
S3-C05-initial,initial,S3,original,C,R,S3-R-D,DIR,yes,False,cone_within_5deg_of_cone_boundary,,yes,,,,,,,
S3-C05-initial,initial,S3,original,C,R,S3-R-I,RF,yes,False,cone_within_5deg_of_cone_boundary,,yes,,,,,,,
S3-C05-initial,initial,S3,original,C,R,S3-R-S,TF,yes,False,cone_within_5deg_of_cone_boundary,,yes,,,,,,,
S3-C05-initial,initial,S3,original,C,TOP,S3-TOP-D,DIR,no,True,,,yes,,,,,,,
S3-C05-initial,initial,S3,original,C,TOP,S3-TOP-I,RF,no,True,,,yes,,,,,,,
S3-C05-initial,initial,S3,original,C,TOP,S3-TOP-S,TF,no,True,,,yes,,,,,,,
S3-C05-initial,initial,S3,placement,C,L,S3-L-reference_early,reference_early,no,True,,,yes,,,,,,,
S3-C05-initial,initial,S3,placement,C,L,S3-L-reference_late,reference_late,no,True,,,yes,,,,,,,
S3-C05-initial,initial,S3,placement,C,R,S3-R-reference_early,reference_early,yes,False,cone_within_5deg_of_cone_boundary,,yes,,,,,,,
S3-C05-initial,initial,S3,placement,C,R,S3-R-reference_late,reference_late,yes,False,cone_within_5deg_of_cone_boundary,,yes,,,,,,,
S3-C05-secondary-100,secondary,S3,original,A,L,reference_subject,reference_subject,no,True,,,no,,,,,,,
S3-C05-secondary-100,secondary,S3,original,A,L,target_subject,target_subject,no,True,,,no,,,,,,,
S3-C05-secondary-100,secondary,S3,original,A,R,reference_subject,reference_subject,no,True,,,no,,,,,,,
S3-C05-secondary-100,secondary,S3,original,A,R,target_subject,target_subject,no,True,,,no,,,,,,,
S3-C05-secondary-100,secondary,S3,original,A,TOP,reference_subject,reference_subject,no,True,,,no,,,,,,,
S3-C05-secondary-100,secondary,S3,original,A,TOP,target_subject,target_subject,no,True,,,no,,,,,,,
S3-C05-secondary-100,secondary,S3,original,C,L,S3-L-D,DIR,no,True,,,no,,,,,,,
S3-C05-secondary-100,secondary,S3,original,C,L,S3-L-I,RF,no,True,,,no,,,,,,,
S3-C05-secondary-100,secondary,S3,original,C,L,S3-L-S,TF,no,True,,,no,,,,,,,
S3-C05-secondary-100,secondary,S3,original,C,R,S3-R-D,DIR,no,True,,,no,,,,,,,
S3-C05-secondary-100,secondary,S3,original,C,R,S3-R-I,RF,no,True,,,no,,,,,,,
S3-C05-secondary-100,secondary,S3,original,C,R,S3-R-S,TF,no,True,,,no,,,,,,,
S3-C05-secondary-100,secondary,S3,original,C,TOP,S3-TOP-D,DIR,no,True,,,no,,,,,,,
S3-C05-secondary-100,secondary,S3,original,C,TOP,S3-TOP-I,RF,no,True,,,no,,,,,,,
S3-C05-secondary-100,secondary,S3,original,C,TOP,S3-TOP-S,TF,no,True,,,no,,,,,,,
S3-C05-secondary-50,secondary,S3,original,A,L,reference_subject,reference_subject,no,True,,gripper_contact_possible_occlusion,yes,,,,,,,
S3-C05-secondary-50,secondary,S3,original,A,L,target_subject,target_subject,no,True,,gripper_contact_possible_occlusion,yes,,,,,,,
S3-C05-secondary-50,secondary,S3,original,A,R,reference_subject,reference_subject,yes,True,,gripper_contact_possible_occlusion,yes,,,,,,,
S3-C05-secondary-50,secondary,S3,original,A,R,target_subject,target_subject,yes,True,,gripper_contact_possible_occlusion,yes,,,,,,,
S3-C05-secondary-50,secondary,S3,original,A,TOP,reference_subject,reference_subject,no,True,,gripper_contact_possible_occlusion,yes,,,,,,,
S3-C05-secondary-50,secondary,S3,original,A,TOP,target_subject,target_subject,no,True,,gripper_contact_possible_occlusion,yes,,,,,,,
S3-C05-secondary-50,secondary,S3,original,C,L,S3-L-D,DIR,no,False,target_or_reference_in_gripper_contact_final_arrangement_ambiguous,,yes,,,,,,,
S3-C05-secondary-50,secondary,S3,original,C,L,S3-L-I,RF,no,False,target_or_reference_in_gripper_contact_final_arrangement_ambiguous,,yes,,,,,,,
S3-C05-secondary-50,secondary,S3,original,C,L,S3-L-S,TF,no,False,target_or_reference_in_gripper_contact_final_arrangement_ambiguous,,yes,,,,,,,
S3-C05-secondary-50,secondary,S3,original,C,R,S3-R-D,DIR,yes,False,target_or_reference_in_gripper_contact_final_arrangement_ambiguous,,yes,,,,,,,
S3-C05-secondary-50,secondary,S3,original,C,R,S3-R-I,RF,yes,False,target_or_reference_in_gripper_contact_final_arrangement_ambiguous,,yes,,,,,,,
S3-C05-secondary-50,secondary,S3,original,C,R,S3-R-S,TF,yes,False,target_or_reference_in_gripper_contact_final_arrangement_ambiguous,,yes,,,,,,,
S3-C05-secondary-50,secondary,S3,original,C,TOP,S3-TOP-D,DIR,no,False,target_or_reference_in_gripper_contact_final_arrangement_ambiguous,,yes,,,,,,,
S3-C05-secondary-50,secondary,S3,original,C,TOP,S3-TOP-I,RF,no,False,target_or_reference_in_gripper_contact_final_arrangement_ambiguous,,yes,,,,,,,
S3-C05-secondary-50,secondary,S3,original,C,TOP,S3-TOP-S,TF,no,False,target_or_reference_in_gripper_contact_final_arrangement_ambiguous,,yes,,,,,,,
S3-C06-initial,initial,S3,original,A,L,reference_subject,reference_subject,no,True,,,no,,,,,,,
S3-C06-initial,initial,S3,original,A,L,target_subject,target_subject,no,True,,,no,,,,,,,
S3-C06-initial,initial,S3,original,A,R,reference_subject,reference_subject,yes,True,,,no,,,,,,,
S3-C06-initial,initial,S3,original,A,R,target_subject,target_subject,yes,True,,,no,,,,,,,
S3-C06-initial,initial,S3,original,A,TOP,reference_subject,reference_subject,no,True,,,no,,,,,,,
S3-C06-initial,initial,S3,original,A,TOP,target_subject,target_subject,no,True,,,no,,,,,,,
S3-C06-initial,initial,S3,original,C,L,S3-L-D,DIR,no,True,,,no,,,,,,,
S3-C06-initial,initial,S3,original,C,L,S3-L-I,RF,no,True,,,no,,,,,,,
S3-C06-initial,initial,S3,original,C,L,S3-L-S,TF,no,True,,,no,,,,,,,
S3-C06-initial,initial,S3,original,C,R,S3-R-D,DIR,yes,True,,,no,,,,,,,
S3-C06-initial,initial,S3,original,C,R,S3-R-I,RF,yes,True,,,no,,,,,,,
S3-C06-initial,initial,S3,original,C,R,S3-R-S,TF,yes,True,,,no,,,,,,,
S3-C06-initial,initial,S3,original,C,TOP,S3-TOP-D,DIR,no,True,,,no,,,,,,,
S3-C06-initial,initial,S3,original,C,TOP,S3-TOP-I,RF,no,True,,,no,,,,,,,
S3-C06-initial,initial,S3,original,C,TOP,S3-TOP-S,TF,no,True,,,no,,,,,,,
S3-C06-initial,initial,S3,placement,C,L,S3-L-reference_early,reference_early,no,True,,,no,,,,,,,
S3-C06-initial,initial,S3,placement,C,L,S3-L-reference_late,reference_late,no,True,,,no,,,,,,,
S3-C06-initial,initial,S3,placement,C,R,S3-R-reference_early,reference_early,yes,True,,,no,,,,,,,
S3-C06-initial,initial,S3,placement,C,R,S3-R-reference_late,reference_late,yes,True,,,no,,,,,,,
S3-C06-secondary-100,secondary,S3,original,A,L,reference_subject,reference_subject,no,True,,,no,,,,,,,
S3-C06-secondary-100,secondary,S3,original,A,L,target_subject,target_subject,no,True,,,no,,,,,,,
S3-C06-secondary-100,secondary,S3,original,A,R,reference_subject,reference_subject,yes,True,,,no,,,,,,,
S3-C06-secondary-100,secondary,S3,original,A,R,target_subject,target_subject,yes,True,,,no,,,,,,,
S3-C06-secondary-100,secondary,S3,original,A,TOP,reference_subject,reference_subject,no,True,,,no,,,,,,,
S3-C06-secondary-100,secondary,S3,original,A,TOP,target_subject,target_subject,no,True,,,no,,,,,,,
S3-C06-secondary-100,secondary,S3,original,C,L,S3-L-D,DIR,no,True,,,no,,,,,,,
S3-C06-secondary-100,secondary,S3,original,C,L,S3-L-I,RF,no,True,,,no,,,,,,,
S3-C06-secondary-100,secondary,S3,original,C,L,S3-L-S,TF,no,True,,,no,,,,,,,
S3-C06-secondary-100,secondary,S3,original,C,R,S3-R-D,DIR,yes,True,,,no,,,,,,,
S3-C06-secondary-100,secondary,S3,original,C,R,S3-R-I,RF,yes,True,,,no,,,,,,,
S3-C06-secondary-100,secondary,S3,original,C,R,S3-R-S,TF,yes,True,,,no,,,,,,,
S3-C06-secondary-100,secondary,S3,original,C,TOP,S3-TOP-D,DIR,no,True,,,no,,,,,,,
S3-C06-secondary-100,secondary,S3,original,C,TOP,S3-TOP-I,RF,no,True,,,no,,,,,,,
S3-C06-secondary-100,secondary,S3,original,C,TOP,S3-TOP-S,TF,no,True,,,no,,,,,,,
S3-C06-secondary-50,secondary,S3,original,A,L,reference_subject,reference_subject,no,True,,,no,,,,,,,
S3-C06-secondary-50,secondary,S3,original,A,L,target_subject,target_subject,no,True,,,no,,,,,,,
S3-C06-secondary-50,secondary,S3,original,A,R,reference_subject,reference_subject,yes,True,,,no,,,,,,,
S3-C06-secondary-50,secondary,S3,original,A,R,target_subject,target_subject,yes,True,,,no,,,,,,,
S3-C06-secondary-50,secondary,S3,original,A,TOP,reference_subject,reference_subject,no,True,,,no,,,,,,,
S3-C06-secondary-50,secondary,S3,original,A,TOP,target_subject,target_subject,no,True,,,no,,,,,,,
S3-C06-secondary-50,secondary,S3,original,C,L,S3-L-D,DIR,no,True,,,no,,,,,,,
S3-C06-secondary-50,secondary,S3,original,C,L,S3-L-I,RF,no,True,,,no,,,,,,,
S3-C06-secondary-50,secondary,S3,original,C,L,S3-L-S,TF,no,True,,,no,,,,,,,
S3-C06-secondary-50,secondary,S3,original,C,R,S3-R-D,DIR,yes,True,,,no,,,,,,,
S3-C06-secondary-50,secondary,S3,original,C,R,S3-R-I,RF,yes,True,,,no,,,,,,,
S3-C06-secondary-50,secondary,S3,original,C,R,S3-R-S,TF,yes,True,,,no,,,,,,,
S3-C06-secondary-50,secondary,S3,original,C,TOP,S3-TOP-D,DIR,no,True,,,no,,,,,,,
S3-C06-secondary-50,secondary,S3,original,C,TOP,S3-TOP-I,RF,no,True,,,no,,,,,,,
S3-C06-secondary-50,secondary,S3,original,C,TOP,S3-TOP-S,TF,no,True,,,no,,,,,,,
S3-C07-initial,initial,S3,original,A,L,reference_subject,reference_subject,no,True,,,no,,,,,,,
S3-C07-initial,initial,S3,original,A,L,target_subject,target_subject,no,True,,,no,,,,,,,
S3-C07-initial,initial,S3,original,A,R,reference_subject,reference_subject,yes,True,,,no,,,,,,,
S3-C07-initial,initial,S3,original,A,R,target_subject,target_subject,yes,True,,,no,,,,,,,
S3-C07-initial,initial,S3,original,A,TOP,reference_subject,reference_subject,no,True,,,no,,,,,,,
S3-C07-initial,initial,S3,original,A,TOP,target_subject,target_subject,no,True,,,no,,,,,,,
S3-C07-initial,initial,S3,original,C,L,S3-L-D,DIR,no,True,,,no,,,,,,,
S3-C07-initial,initial,S3,original,C,L,S3-L-I,RF,no,True,,,no,,,,,,,
S3-C07-initial,initial,S3,original,C,L,S3-L-S,TF,no,True,,,no,,,,,,,
S3-C07-initial,initial,S3,original,C,R,S3-R-D,DIR,yes,True,,,no,,,,,,,
S3-C07-initial,initial,S3,original,C,R,S3-R-I,RF,yes,True,,,no,,,,,,,
S3-C07-initial,initial,S3,original,C,R,S3-R-S,TF,yes,True,,,no,,,,,,,
S3-C07-initial,initial,S3,original,C,TOP,S3-TOP-D,DIR,no,True,,,no,,,,,,,
S3-C07-initial,initial,S3,original,C,TOP,S3-TOP-I,RF,no,True,,,no,,,,,,,
S3-C07-initial,initial,S3,original,C,TOP,S3-TOP-S,TF,no,True,,,no,,,,,,,
S3-C07-initial,initial,S3,placement,C,L,S3-L-reference_early,reference_early,no,True,,,no,,,,,,,
S3-C07-initial,initial,S3,placement,C,L,S3-L-reference_late,reference_late,no,True,,,no,,,,,,,
S3-C07-initial,initial,S3,placement,C,R,S3-R-reference_early,reference_early,yes,True,,,no,,,,,,,
S3-C07-initial,initial,S3,placement,C,R,S3-R-reference_late,reference_late,yes,True,,,no,,,,,,,
S3-C07-secondary-100,secondary,S3,original,A,L,reference_subject,reference_subject,no,True,,,no,,,,,,,
S3-C07-secondary-100,secondary,S3,original,A,L,target_subject,target_subject,no,True,,,no,,,,,,,
S3-C07-secondary-100,secondary,S3,original,A,R,reference_subject,reference_subject,no,True,,,no,,,,,,,
S3-C07-secondary-100,secondary,S3,original,A,R,target_subject,target_subject,no,True,,,no,,,,,,,
S3-C07-secondary-100,secondary,S3,original,A,TOP,reference_subject,reference_subject,yes,True,,,no,,,,,,,
S3-C07-secondary-100,secondary,S3,original,A,TOP,target_subject,target_subject,yes,True,,,no,,,,,,,
S3-C07-secondary-100,secondary,S3,original,C,L,S3-L-D,DIR,no,True,,,no,,,,,,,
S3-C07-secondary-100,secondary,S3,original,C,L,S3-L-I,RF,no,True,,,no,,,,,,,
S3-C07-secondary-100,secondary,S3,original,C,L,S3-L-S,TF,no,True,,,no,,,,,,,
S3-C07-secondary-100,secondary,S3,original,C,R,S3-R-D,DIR,no,True,,,no,,,,,,,
S3-C07-secondary-100,secondary,S3,original,C,R,S3-R-I,RF,no,True,,,no,,,,,,,
S3-C07-secondary-100,secondary,S3,original,C,R,S3-R-S,TF,no,True,,,no,,,,,,,
S3-C07-secondary-100,secondary,S3,original,C,TOP,S3-TOP-D,DIR,yes,True,,,no,,,,,,,
S3-C07-secondary-100,secondary,S3,original,C,TOP,S3-TOP-I,RF,yes,True,,,no,,,,,,,
S3-C07-secondary-100,secondary,S3,original,C,TOP,S3-TOP-S,TF,yes,True,,,no,,,,,,,
S3-C07-secondary-50,secondary,S3,original,A,L,reference_subject,reference_subject,no,True,,,yes,,,,,,,
S3-C07-secondary-50,secondary,S3,original,A,L,target_subject,target_subject,no,True,,,yes,,,,,,,
S3-C07-secondary-50,secondary,S3,original,A,R,reference_subject,reference_subject,no,False,cone_within_5deg_of_cone_boundary,,yes,,,,,,,
S3-C07-secondary-50,secondary,S3,original,A,R,target_subject,target_subject,no,False,cone_within_5deg_of_cone_boundary,,yes,,,,,,,
S3-C07-secondary-50,secondary,S3,original,A,TOP,reference_subject,reference_subject,yes,True,,,yes,,,,,,,
S3-C07-secondary-50,secondary,S3,original,A,TOP,target_subject,target_subject,yes,True,,,yes,,,,,,,
S3-C07-secondary-50,secondary,S3,original,C,L,S3-L-D,DIR,no,True,,,yes,,,,,,,
S3-C07-secondary-50,secondary,S3,original,C,L,S3-L-I,RF,no,True,,,yes,,,,,,,
S3-C07-secondary-50,secondary,S3,original,C,L,S3-L-S,TF,no,True,,,yes,,,,,,,
S3-C07-secondary-50,secondary,S3,original,C,R,S3-R-D,DIR,no,False,cone_within_5deg_of_cone_boundary,,yes,,,,,,,
S3-C07-secondary-50,secondary,S3,original,C,R,S3-R-I,RF,no,False,cone_within_5deg_of_cone_boundary,,yes,,,,,,,
S3-C07-secondary-50,secondary,S3,original,C,R,S3-R-S,TF,no,False,cone_within_5deg_of_cone_boundary,,yes,,,,,,,
S3-C07-secondary-50,secondary,S3,original,C,TOP,S3-TOP-D,DIR,yes,True,,,yes,,,,,,,
S3-C07-secondary-50,secondary,S3,original,C,TOP,S3-TOP-I,RF,yes,True,,,yes,,,,,,,
S3-C07-secondary-50,secondary,S3,original,C,TOP,S3-TOP-S,TF,yes,True,,,yes,,,,,,,
S3-C08-initial,initial,S3,original,A,L,reference_subject,reference_subject,no,True,,,no,,,,,,,
S3-C08-initial,initial,S3,original,A,L,target_subject,target_subject,no,True,,,no,,,,,,,
S3-C08-initial,initial,S3,original,A,R,reference_subject,reference_subject,yes,True,,,no,,,,,,,
S3-C08-initial,initial,S3,original,A,R,target_subject,target_subject,yes,True,,,no,,,,,,,
S3-C08-initial,initial,S3,original,A,TOP,reference_subject,reference_subject,no,True,,,no,,,,,,,
S3-C08-initial,initial,S3,original,A,TOP,target_subject,target_subject,no,True,,,no,,,,,,,
S3-C08-initial,initial,S3,original,C,L,S3-L-D,DIR,no,True,,,no,,,,,,,
S3-C08-initial,initial,S3,original,C,L,S3-L-I,RF,no,True,,,no,,,,,,,
S3-C08-initial,initial,S3,original,C,L,S3-L-S,TF,no,True,,,no,,,,,,,
S3-C08-initial,initial,S3,original,C,R,S3-R-D,DIR,yes,True,,,no,,,,,,,
S3-C08-initial,initial,S3,original,C,R,S3-R-I,RF,yes,True,,,no,,,,,,,
S3-C08-initial,initial,S3,original,C,R,S3-R-S,TF,yes,True,,,no,,,,,,,
S3-C08-initial,initial,S3,original,C,TOP,S3-TOP-D,DIR,no,True,,,no,,,,,,,
S3-C08-initial,initial,S3,original,C,TOP,S3-TOP-I,RF,no,True,,,no,,,,,,,
S3-C08-initial,initial,S3,original,C,TOP,S3-TOP-S,TF,no,True,,,no,,,,,,,
S3-C08-initial,initial,S3,placement,C,L,S3-L-reference_early,reference_early,no,True,,,no,,,,,,,
S3-C08-initial,initial,S3,placement,C,L,S3-L-reference_late,reference_late,no,True,,,no,,,,,,,
S3-C08-initial,initial,S3,placement,C,R,S3-R-reference_early,reference_early,yes,True,,,no,,,,,,,
S3-C08-initial,initial,S3,placement,C,R,S3-R-reference_late,reference_late,yes,True,,,no,,,,,,,
S3-C08-secondary-100,secondary,S3,original,A,L,reference_subject,reference_subject,no,True,,,yes,,,,,,,
S3-C08-secondary-100,secondary,S3,original,A,L,target_subject,target_subject,no,True,,,yes,,,,,,,
S3-C08-secondary-100,secondary,S3,original,A,R,reference_subject,reference_subject,yes,True,,,yes,,,,,,,
S3-C08-secondary-100,secondary,S3,original,A,R,target_subject,target_subject,yes,True,,,yes,,,,,,,
S3-C08-secondary-100,secondary,S3,original,A,TOP,reference_subject,reference_subject,no,True,,,yes,,,,,,,
S3-C08-secondary-100,secondary,S3,original,A,TOP,target_subject,target_subject,no,True,,,yes,,,,,,,
S3-C08-secondary-100,secondary,S3,original,C,L,S3-L-D,DIR,no,True,,,yes,,,,,,,
S3-C08-secondary-100,secondary,S3,original,C,L,S3-L-I,RF,no,True,,,yes,,,,,,,
S3-C08-secondary-100,secondary,S3,original,C,L,S3-L-S,TF,no,True,,,yes,,,,,,,
S3-C08-secondary-100,secondary,S3,original,C,R,S3-R-D,DIR,yes,True,,,yes,,,,,,,
S3-C08-secondary-100,secondary,S3,original,C,R,S3-R-I,RF,yes,True,,,yes,,,,,,,
S3-C08-secondary-100,secondary,S3,original,C,R,S3-R-S,TF,yes,True,,,yes,,,,,,,
S3-C08-secondary-100,secondary,S3,original,C,TOP,S3-TOP-D,DIR,no,True,,,yes,,,,,,,
S3-C08-secondary-100,secondary,S3,original,C,TOP,S3-TOP-I,RF,no,True,,,yes,,,,,,,
S3-C08-secondary-100,secondary,S3,original,C,TOP,S3-TOP-S,TF,no,True,,,yes,,,,,,,
S3-C08-secondary-50,secondary,S3,original,A,L,reference_subject,reference_subject,no,True,,,yes,,,,,,,
S3-C08-secondary-50,secondary,S3,original,A,L,target_subject,target_subject,no,True,,,yes,,,,,,,
S3-C08-secondary-50,secondary,S3,original,A,R,reference_subject,reference_subject,yes,True,,,yes,,,,,,,
S3-C08-secondary-50,secondary,S3,original,A,R,target_subject,target_subject,yes,True,,,yes,,,,,,,
S3-C08-secondary-50,secondary,S3,original,A,TOP,reference_subject,reference_subject,no,True,,,yes,,,,,,,
S3-C08-secondary-50,secondary,S3,original,A,TOP,target_subject,target_subject,no,True,,,yes,,,,,,,
S3-C08-secondary-50,secondary,S3,original,C,L,S3-L-D,DIR,no,True,,,yes,,,,,,,
S3-C08-secondary-50,secondary,S3,original,C,L,S3-L-I,RF,no,True,,,yes,,,,,,,
S3-C08-secondary-50,secondary,S3,original,C,L,S3-L-S,TF,no,True,,,yes,,,,,,,
S3-C08-secondary-50,secondary,S3,original,C,R,S3-R-D,DIR,yes,True,,,yes,,,,,,,
S3-C08-secondary-50,secondary,S3,original,C,R,S3-R-I,RF,yes,True,,,yes,,,,,,,
S3-C08-secondary-50,secondary,S3,original,C,R,S3-R-S,TF,yes,True,,,yes,,,,,,,
S3-C08-secondary-50,secondary,S3,original,C,TOP,S3-TOP-D,DIR,no,True,,,yes,,,,,,,
S3-C08-secondary-50,secondary,S3,original,C,TOP,S3-TOP-I,RF,no,True,,,yes,,,,,,,
S3-C08-secondary-50,secondary,S3,original,C,TOP,S3-TOP-S,TF,no,True,,,yes,,,,,,,
S4-C01-initial,initial,S4,original,A,L,reference_subject,reference_subject,yes,False,cone_within_5deg_of_cone_boundary,,yes,,,,,,,
S4-C01-initial,initial,S4,original,A,L,target_subject,target_subject,yes,False,cone_within_5deg_of_cone_boundary,,yes,,,,,,,
S4-C01-initial,initial,S4,original,A,R,reference_subject,reference_subject,no,True,,,yes,,,,,,,
S4-C01-initial,initial,S4,original,A,R,target_subject,target_subject,no,True,,,yes,,,,,,,
S4-C01-initial,initial,S4,original,A,TOP,reference_subject,reference_subject,no,True,,,yes,,,,,,,
S4-C01-initial,initial,S4,original,A,TOP,target_subject,target_subject,no,True,,,yes,,,,,,,
S4-C01-initial,initial,S4,original,C,L,S4-L-D,DIR,yes,False,cone_within_5deg_of_cone_boundary,,yes,,,,,,,
S4-C01-initial,initial,S4,original,C,L,S4-L-I,RF,yes,False,cone_within_5deg_of_cone_boundary,,yes,,,,,,,
S4-C01-initial,initial,S4,original,C,L,S4-L-S,TF,yes,False,cone_within_5deg_of_cone_boundary,,yes,,,,,,,
S4-C01-initial,initial,S4,original,C,R,S4-R-D,DIR,no,True,,,yes,,,,,,,
S4-C01-initial,initial,S4,original,C,R,S4-R-I,RF,no,True,,,yes,,,,,,,
S4-C01-initial,initial,S4,original,C,R,S4-R-S,TF,no,True,,,yes,,,,,,,
S4-C01-initial,initial,S4,original,C,TOP,S4-TOP-D,DIR,no,True,,,yes,,,,,,,
S4-C01-initial,initial,S4,original,C,TOP,S4-TOP-I,RF,no,True,,,yes,,,,,,,
S4-C01-initial,initial,S4,original,C,TOP,S4-TOP-S,TF,no,True,,,yes,,,,,,,
S4-C01-initial,initial,S4,placement,C,L,S4-L-reference_early,reference_early,yes,False,cone_within_5deg_of_cone_boundary,,yes,,,,,,,
S4-C01-initial,initial,S4,placement,C,L,S4-L-reference_late,reference_late,yes,False,cone_within_5deg_of_cone_boundary,,yes,,,,,,,
S4-C01-initial,initial,S4,placement,C,R,S4-R-reference_early,reference_early,no,True,,,yes,,,,,,,
S4-C01-initial,initial,S4,placement,C,R,S4-R-reference_late,reference_late,no,True,,,yes,,,,,,,
S4-C01-secondary-100,secondary,S4,original,A,L,reference_subject,reference_subject,yes,False,cone_within_5deg_of_cone_boundary,,yes,,,,,,,
S4-C01-secondary-100,secondary,S4,original,A,L,target_subject,target_subject,yes,False,cone_within_5deg_of_cone_boundary,,yes,,,,,,,
S4-C01-secondary-100,secondary,S4,original,A,R,reference_subject,reference_subject,no,True,,,yes,,,,,,,
S4-C01-secondary-100,secondary,S4,original,A,R,target_subject,target_subject,no,True,,,yes,,,,,,,
S4-C01-secondary-100,secondary,S4,original,A,TOP,reference_subject,reference_subject,no,True,,,yes,,,,,,,
S4-C01-secondary-100,secondary,S4,original,A,TOP,target_subject,target_subject,no,True,,,yes,,,,,,,
S4-C01-secondary-100,secondary,S4,original,C,L,S4-L-D,DIR,yes,False,cone_within_5deg_of_cone_boundary,,yes,,,,,,,
S4-C01-secondary-100,secondary,S4,original,C,L,S4-L-I,RF,yes,False,cone_within_5deg_of_cone_boundary,,yes,,,,,,,
S4-C01-secondary-100,secondary,S4,original,C,L,S4-L-S,TF,yes,False,cone_within_5deg_of_cone_boundary,,yes,,,,,,,
S4-C01-secondary-100,secondary,S4,original,C,R,S4-R-D,DIR,no,True,,,yes,,,,,,,
S4-C01-secondary-100,secondary,S4,original,C,R,S4-R-I,RF,no,True,,,yes,,,,,,,
S4-C01-secondary-100,secondary,S4,original,C,R,S4-R-S,TF,no,True,,,yes,,,,,,,
S4-C01-secondary-100,secondary,S4,original,C,TOP,S4-TOP-D,DIR,no,True,,,yes,,,,,,,
S4-C01-secondary-100,secondary,S4,original,C,TOP,S4-TOP-I,RF,no,True,,,yes,,,,,,,
S4-C01-secondary-100,secondary,S4,original,C,TOP,S4-TOP-S,TF,no,True,,,yes,,,,,,,
S4-C01-secondary-50,secondary,S4,original,A,L,reference_subject,reference_subject,yes,False,cone_within_5deg_of_cone_boundary,,yes,,,,,,,
S4-C01-secondary-50,secondary,S4,original,A,L,target_subject,target_subject,yes,False,cone_within_5deg_of_cone_boundary,,yes,,,,,,,
S4-C01-secondary-50,secondary,S4,original,A,R,reference_subject,reference_subject,no,True,,,yes,,,,,,,
S4-C01-secondary-50,secondary,S4,original,A,R,target_subject,target_subject,no,True,,,yes,,,,,,,
S4-C01-secondary-50,secondary,S4,original,A,TOP,reference_subject,reference_subject,no,True,,,yes,,,,,,,
S4-C01-secondary-50,secondary,S4,original,A,TOP,target_subject,target_subject,no,True,,,yes,,,,,,,
S4-C01-secondary-50,secondary,S4,original,C,L,S4-L-D,DIR,yes,False,cone_within_5deg_of_cone_boundary,,yes,,,,,,,
S4-C01-secondary-50,secondary,S4,original,C,L,S4-L-I,RF,yes,False,cone_within_5deg_of_cone_boundary,,yes,,,,,,,
S4-C01-secondary-50,secondary,S4,original,C,L,S4-L-S,TF,yes,False,cone_within_5deg_of_cone_boundary,,yes,,,,,,,
S4-C01-secondary-50,secondary,S4,original,C,R,S4-R-D,DIR,no,True,,,yes,,,,,,,
S4-C01-secondary-50,secondary,S4,original,C,R,S4-R-I,RF,no,True,,,yes,,,,,,,
S4-C01-secondary-50,secondary,S4,original,C,R,S4-R-S,TF,no,True,,,yes,,,,,,,
S4-C01-secondary-50,secondary,S4,original,C,TOP,S4-TOP-D,DIR,no,True,,,yes,,,,,,,
S4-C01-secondary-50,secondary,S4,original,C,TOP,S4-TOP-I,RF,no,True,,,yes,,,,,,,
S4-C01-secondary-50,secondary,S4,original,C,TOP,S4-TOP-S,TF,no,True,,,yes,,,,,,,
S4-C02-initial,initial,S4,original,A,L,reference_subject,reference_subject,yes,True,,,no,,,,,,,
S4-C02-initial,initial,S4,original,A,L,target_subject,target_subject,yes,True,,,no,,,,,,,
S4-C02-initial,initial,S4,original,A,R,reference_subject,reference_subject,no,True,,,no,,,,,,,
S4-C02-initial,initial,S4,original,A,R,target_subject,target_subject,no,True,,,no,,,,,,,
S4-C02-initial,initial,S4,original,A,TOP,reference_subject,reference_subject,no,True,,,no,,,,,,,
S4-C02-initial,initial,S4,original,A,TOP,target_subject,target_subject,no,True,,,no,,,,,,,
S4-C02-initial,initial,S4,original,C,L,S4-L-D,DIR,yes,True,,,no,,,,,,,
S4-C02-initial,initial,S4,original,C,L,S4-L-I,RF,yes,True,,,no,,,,,,,
S4-C02-initial,initial,S4,original,C,L,S4-L-S,TF,yes,True,,,no,,,,,,,
S4-C02-initial,initial,S4,original,C,R,S4-R-D,DIR,no,True,,,no,,,,,,,
S4-C02-initial,initial,S4,original,C,R,S4-R-I,RF,no,True,,,no,,,,,,,
S4-C02-initial,initial,S4,original,C,R,S4-R-S,TF,no,True,,,no,,,,,,,
S4-C02-initial,initial,S4,original,C,TOP,S4-TOP-D,DIR,no,True,,,no,,,,,,,
S4-C02-initial,initial,S4,original,C,TOP,S4-TOP-I,RF,no,True,,,no,,,,,,,
S4-C02-initial,initial,S4,original,C,TOP,S4-TOP-S,TF,no,True,,,no,,,,,,,
S4-C02-initial,initial,S4,placement,C,L,S4-L-reference_early,reference_early,yes,True,,,no,,,,,,,
S4-C02-initial,initial,S4,placement,C,L,S4-L-reference_late,reference_late,yes,True,,,no,,,,,,,
S4-C02-initial,initial,S4,placement,C,R,S4-R-reference_early,reference_early,no,True,,,no,,,,,,,
S4-C02-initial,initial,S4,placement,C,R,S4-R-reference_late,reference_late,no,True,,,no,,,,,,,
S4-C02-secondary-100,secondary,S4,original,A,L,reference_subject,reference_subject,yes,True,,,no,,,,,,,
S4-C02-secondary-100,secondary,S4,original,A,L,target_subject,target_subject,yes,True,,,no,,,,,,,
S4-C02-secondary-100,secondary,S4,original,A,R,reference_subject,reference_subject,no,True,,,no,,,,,,,
S4-C02-secondary-100,secondary,S4,original,A,R,target_subject,target_subject,no,True,,,no,,,,,,,
S4-C02-secondary-100,secondary,S4,original,A,TOP,reference_subject,reference_subject,no,True,,,no,,,,,,,
S4-C02-secondary-100,secondary,S4,original,A,TOP,target_subject,target_subject,no,True,,,no,,,,,,,
S4-C02-secondary-100,secondary,S4,original,C,L,S4-L-D,DIR,yes,True,,,no,,,,,,,
S4-C02-secondary-100,secondary,S4,original,C,L,S4-L-I,RF,yes,True,,,no,,,,,,,
S4-C02-secondary-100,secondary,S4,original,C,L,S4-L-S,TF,yes,True,,,no,,,,,,,
S4-C02-secondary-100,secondary,S4,original,C,R,S4-R-D,DIR,no,True,,,no,,,,,,,
S4-C02-secondary-100,secondary,S4,original,C,R,S4-R-I,RF,no,True,,,no,,,,,,,
S4-C02-secondary-100,secondary,S4,original,C,R,S4-R-S,TF,no,True,,,no,,,,,,,
S4-C02-secondary-100,secondary,S4,original,C,TOP,S4-TOP-D,DIR,no,True,,,no,,,,,,,
S4-C02-secondary-100,secondary,S4,original,C,TOP,S4-TOP-I,RF,no,True,,,no,,,,,,,
S4-C02-secondary-100,secondary,S4,original,C,TOP,S4-TOP-S,TF,no,True,,,no,,,,,,,
S4-C02-secondary-50,secondary,S4,original,A,L,reference_subject,reference_subject,yes,True,,,no,,,,,,,
S4-C02-secondary-50,secondary,S4,original,A,L,target_subject,target_subject,yes,True,,,no,,,,,,,
S4-C02-secondary-50,secondary,S4,original,A,R,reference_subject,reference_subject,no,True,,,no,,,,,,,
S4-C02-secondary-50,secondary,S4,original,A,R,target_subject,target_subject,no,True,,,no,,,,,,,
S4-C02-secondary-50,secondary,S4,original,A,TOP,reference_subject,reference_subject,no,True,,,no,,,,,,,
S4-C02-secondary-50,secondary,S4,original,A,TOP,target_subject,target_subject,no,True,,,no,,,,,,,
S4-C02-secondary-50,secondary,S4,original,C,L,S4-L-D,DIR,yes,True,,,no,,,,,,,
S4-C02-secondary-50,secondary,S4,original,C,L,S4-L-I,RF,yes,True,,,no,,,,,,,
S4-C02-secondary-50,secondary,S4,original,C,L,S4-L-S,TF,yes,True,,,no,,,,,,,
S4-C02-secondary-50,secondary,S4,original,C,R,S4-R-D,DIR,no,True,,,no,,,,,,,
S4-C02-secondary-50,secondary,S4,original,C,R,S4-R-I,RF,no,True,,,no,,,,,,,
S4-C02-secondary-50,secondary,S4,original,C,R,S4-R-S,TF,no,True,,,no,,,,,,,
S4-C02-secondary-50,secondary,S4,original,C,TOP,S4-TOP-D,DIR,no,True,,,no,,,,,,,
S4-C02-secondary-50,secondary,S4,original,C,TOP,S4-TOP-I,RF,no,True,,,no,,,,,,,
S4-C02-secondary-50,secondary,S4,original,C,TOP,S4-TOP-S,TF,no,True,,,no,,,,,,,
S4-C03-initial,initial,S4,original,A,L,reference_subject,reference_subject,yes,True,,,no,,,,,,,
S4-C03-initial,initial,S4,original,A,L,target_subject,target_subject,yes,True,,,no,,,,,,,
S4-C03-initial,initial,S4,original,A,R,reference_subject,reference_subject,no,True,,,no,,,,,,,
S4-C03-initial,initial,S4,original,A,R,target_subject,target_subject,no,True,,,no,,,,,,,
S4-C03-initial,initial,S4,original,A,TOP,reference_subject,reference_subject,no,True,,,no,,,,,,,
S4-C03-initial,initial,S4,original,A,TOP,target_subject,target_subject,no,True,,,no,,,,,,,
S4-C03-initial,initial,S4,original,C,L,S4-L-D,DIR,yes,True,,,no,,,,,,,
S4-C03-initial,initial,S4,original,C,L,S4-L-I,RF,yes,True,,,no,,,,,,,
S4-C03-initial,initial,S4,original,C,L,S4-L-S,TF,yes,True,,,no,,,,,,,
S4-C03-initial,initial,S4,original,C,R,S4-R-D,DIR,no,True,,,no,,,,,,,
S4-C03-initial,initial,S4,original,C,R,S4-R-I,RF,no,True,,,no,,,,,,,
S4-C03-initial,initial,S4,original,C,R,S4-R-S,TF,no,True,,,no,,,,,,,
S4-C03-initial,initial,S4,original,C,TOP,S4-TOP-D,DIR,no,True,,,no,,,,,,,
S4-C03-initial,initial,S4,original,C,TOP,S4-TOP-I,RF,no,True,,,no,,,,,,,
S4-C03-initial,initial,S4,original,C,TOP,S4-TOP-S,TF,no,True,,,no,,,,,,,
S4-C03-initial,initial,S4,placement,C,L,S4-L-reference_early,reference_early,yes,True,,,no,,,,,,,
S4-C03-initial,initial,S4,placement,C,L,S4-L-reference_late,reference_late,yes,True,,,no,,,,,,,
S4-C03-initial,initial,S4,placement,C,R,S4-R-reference_early,reference_early,no,True,,,no,,,,,,,
S4-C03-initial,initial,S4,placement,C,R,S4-R-reference_late,reference_late,no,True,,,no,,,,,,,
S4-C03-secondary-100,secondary,S4,original,A,L,reference_subject,reference_subject,no,True,,gripper_contact_possible_occlusion,yes,,,,,,,
S4-C03-secondary-100,secondary,S4,original,A,L,target_subject,target_subject,no,True,,gripper_contact_possible_occlusion,yes,,,,,,,
S4-C03-secondary-100,secondary,S4,original,A,R,reference_subject,reference_subject,no,True,,gripper_contact_possible_occlusion,yes,,,,,,,
S4-C03-secondary-100,secondary,S4,original,A,R,target_subject,target_subject,no,True,,gripper_contact_possible_occlusion,yes,,,,,,,
S4-C03-secondary-100,secondary,S4,original,A,TOP,reference_subject,reference_subject,no,True,,gripper_contact_possible_occlusion,yes,,,,,,,
S4-C03-secondary-100,secondary,S4,original,A,TOP,target_subject,target_subject,no,True,,gripper_contact_possible_occlusion,yes,,,,,,,
S4-C03-secondary-100,secondary,S4,original,C,L,S4-L-D,DIR,no,False,target_or_reference_in_gripper_contact_final_arrangement_ambiguous,,yes,,,,,,,
S4-C03-secondary-100,secondary,S4,original,C,L,S4-L-I,RF,no,False,target_or_reference_in_gripper_contact_final_arrangement_ambiguous,,yes,,,,,,,
S4-C03-secondary-100,secondary,S4,original,C,L,S4-L-S,TF,no,False,target_or_reference_in_gripper_contact_final_arrangement_ambiguous,,yes,,,,,,,
S4-C03-secondary-100,secondary,S4,original,C,R,S4-R-D,DIR,no,False,target_or_reference_in_gripper_contact_final_arrangement_ambiguous,,yes,,,,,,,
S4-C03-secondary-100,secondary,S4,original,C,R,S4-R-I,RF,no,False,target_or_reference_in_gripper_contact_final_arrangement_ambiguous,,yes,,,,,,,
S4-C03-secondary-100,secondary,S4,original,C,R,S4-R-S,TF,no,False,target_or_reference_in_gripper_contact_final_arrangement_ambiguous,,yes,,,,,,,
S4-C03-secondary-100,secondary,S4,original,C,TOP,S4-TOP-D,DIR,no,False,target_or_reference_in_gripper_contact_final_arrangement_ambiguous,,yes,,,,,,,
S4-C03-secondary-100,secondary,S4,original,C,TOP,S4-TOP-I,RF,no,False,target_or_reference_in_gripper_contact_final_arrangement_ambiguous,,yes,,,,,,,
S4-C03-secondary-100,secondary,S4,original,C,TOP,S4-TOP-S,TF,no,False,target_or_reference_in_gripper_contact_final_arrangement_ambiguous,,yes,,,,,,,
S4-C03-secondary-50,secondary,S4,original,A,L,reference_subject,reference_subject,no,True,,gripper_contact_possible_occlusion,yes,,,,,,,
S4-C03-secondary-50,secondary,S4,original,A,L,target_subject,target_subject,no,True,,gripper_contact_possible_occlusion,yes,,,,,,,
S4-C03-secondary-50,secondary,S4,original,A,R,reference_subject,reference_subject,yes,True,,gripper_contact_possible_occlusion,yes,,,,,,,
S4-C03-secondary-50,secondary,S4,original,A,R,target_subject,target_subject,yes,True,,gripper_contact_possible_occlusion,yes,,,,,,,
S4-C03-secondary-50,secondary,S4,original,A,TOP,reference_subject,reference_subject,no,True,,gripper_contact_possible_occlusion,yes,,,,,,,
S4-C03-secondary-50,secondary,S4,original,A,TOP,target_subject,target_subject,no,True,,gripper_contact_possible_occlusion,yes,,,,,,,
S4-C03-secondary-50,secondary,S4,original,C,L,S4-L-D,DIR,no,False,target_or_reference_in_gripper_contact_final_arrangement_ambiguous,,yes,,,,,,,
S4-C03-secondary-50,secondary,S4,original,C,L,S4-L-I,RF,no,False,target_or_reference_in_gripper_contact_final_arrangement_ambiguous,,yes,,,,,,,
S4-C03-secondary-50,secondary,S4,original,C,L,S4-L-S,TF,no,False,target_or_reference_in_gripper_contact_final_arrangement_ambiguous,,yes,,,,,,,
S4-C03-secondary-50,secondary,S4,original,C,R,S4-R-D,DIR,no,False,target_or_reference_in_gripper_contact_final_arrangement_ambiguous,,yes,,,,,,,
S4-C03-secondary-50,secondary,S4,original,C,R,S4-R-I,RF,no,False,target_or_reference_in_gripper_contact_final_arrangement_ambiguous,,yes,,,,,,,
S4-C03-secondary-50,secondary,S4,original,C,R,S4-R-S,TF,no,False,target_or_reference_in_gripper_contact_final_arrangement_ambiguous,,yes,,,,,,,
S4-C03-secondary-50,secondary,S4,original,C,TOP,S4-TOP-D,DIR,no,False,target_or_reference_in_gripper_contact_final_arrangement_ambiguous,,yes,,,,,,,
S4-C03-secondary-50,secondary,S4,original,C,TOP,S4-TOP-I,RF,no,False,target_or_reference_in_gripper_contact_final_arrangement_ambiguous,,yes,,,,,,,
S4-C03-secondary-50,secondary,S4,original,C,TOP,S4-TOP-S,TF,no,False,target_or_reference_in_gripper_contact_final_arrangement_ambiguous,,yes,,,,,,,
S4-C04-initial,initial,S4,original,A,L,reference_subject,reference_subject,yes,True,,,yes,,,,,,,
S4-C04-initial,initial,S4,original,A,L,target_subject,target_subject,yes,True,,,yes,,,,,,,
S4-C04-initial,initial,S4,original,A,R,reference_subject,reference_subject,no,True,,,yes,,,,,,,
S4-C04-initial,initial,S4,original,A,R,target_subject,target_subject,no,True,,,yes,,,,,,,
S4-C04-initial,initial,S4,original,A,TOP,reference_subject,reference_subject,no,True,,,yes,,,,,,,
S4-C04-initial,initial,S4,original,A,TOP,target_subject,target_subject,no,True,,,yes,,,,,,,
S4-C04-initial,initial,S4,original,C,L,S4-L-D,DIR,yes,True,,,yes,,,,,,,
S4-C04-initial,initial,S4,original,C,L,S4-L-I,RF,yes,True,,,yes,,,,,,,
S4-C04-initial,initial,S4,original,C,L,S4-L-S,TF,yes,True,,,yes,,,,,,,
S4-C04-initial,initial,S4,original,C,R,S4-R-D,DIR,no,True,,,yes,,,,,,,
S4-C04-initial,initial,S4,original,C,R,S4-R-I,RF,no,True,,,yes,,,,,,,
S4-C04-initial,initial,S4,original,C,R,S4-R-S,TF,no,True,,,yes,,,,,,,
S4-C04-initial,initial,S4,original,C,TOP,S4-TOP-D,DIR,no,True,,,yes,,,,,,,
S4-C04-initial,initial,S4,original,C,TOP,S4-TOP-I,RF,no,True,,,yes,,,,,,,
S4-C04-initial,initial,S4,original,C,TOP,S4-TOP-S,TF,no,True,,,yes,,,,,,,
S4-C04-initial,initial,S4,placement,C,L,S4-L-reference_early,reference_early,yes,True,,,yes,,,,,,,
S4-C04-initial,initial,S4,placement,C,L,S4-L-reference_late,reference_late,yes,True,,,yes,,,,,,,
S4-C04-initial,initial,S4,placement,C,R,S4-R-reference_early,reference_early,no,True,,,yes,,,,,,,
S4-C04-initial,initial,S4,placement,C,R,S4-R-reference_late,reference_late,no,True,,,yes,,,,,,,
S4-C04-secondary-100,secondary,S4,original,A,L,reference_subject,reference_subject,no,True,,gripper_contact_possible_occlusion,yes,,,,,,,
S4-C04-secondary-100,secondary,S4,original,A,L,target_subject,target_subject,no,True,,gripper_contact_possible_occlusion,yes,,,,,,,
S4-C04-secondary-100,secondary,S4,original,A,R,reference_subject,reference_subject,no,True,,gripper_contact_possible_occlusion,yes,,,,,,,
S4-C04-secondary-100,secondary,S4,original,A,R,target_subject,target_subject,no,True,,gripper_contact_possible_occlusion,yes,,,,,,,
S4-C04-secondary-100,secondary,S4,original,A,TOP,reference_subject,reference_subject,yes,True,,gripper_contact_possible_occlusion,yes,,,,,,,
S4-C04-secondary-100,secondary,S4,original,A,TOP,target_subject,target_subject,yes,True,,gripper_contact_possible_occlusion,yes,,,,,,,
S4-C04-secondary-100,secondary,S4,original,C,L,S4-L-D,DIR,no,False,target_or_reference_in_gripper_contact_final_arrangement_ambiguous,,yes,,,,,,,
S4-C04-secondary-100,secondary,S4,original,C,L,S4-L-I,RF,no,False,target_or_reference_in_gripper_contact_final_arrangement_ambiguous,,yes,,,,,,,
S4-C04-secondary-100,secondary,S4,original,C,L,S4-L-S,TF,no,False,target_or_reference_in_gripper_contact_final_arrangement_ambiguous,,yes,,,,,,,
S4-C04-secondary-100,secondary,S4,original,C,R,S4-R-D,DIR,no,False,target_or_reference_in_gripper_contact_final_arrangement_ambiguous,,yes,,,,,,,
S4-C04-secondary-100,secondary,S4,original,C,R,S4-R-I,RF,no,False,target_or_reference_in_gripper_contact_final_arrangement_ambiguous,,yes,,,,,,,
S4-C04-secondary-100,secondary,S4,original,C,R,S4-R-S,TF,no,False,target_or_reference_in_gripper_contact_final_arrangement_ambiguous,,yes,,,,,,,
S4-C04-secondary-100,secondary,S4,original,C,TOP,S4-TOP-D,DIR,yes,False,target_or_reference_in_gripper_contact_final_arrangement_ambiguous,,yes,,,,,,,
S4-C04-secondary-100,secondary,S4,original,C,TOP,S4-TOP-I,RF,yes,False,target_or_reference_in_gripper_contact_final_arrangement_ambiguous,,yes,,,,,,,
S4-C04-secondary-100,secondary,S4,original,C,TOP,S4-TOP-S,TF,yes,False,target_or_reference_in_gripper_contact_final_arrangement_ambiguous,,yes,,,,,,,
S4-C04-secondary-50,secondary,S4,original,A,L,reference_subject,reference_subject,yes,True,,gripper_contact_possible_occlusion,yes,,,,,,,
S4-C04-secondary-50,secondary,S4,original,A,L,target_subject,target_subject,yes,True,,gripper_contact_possible_occlusion,yes,,,,,,,
S4-C04-secondary-50,secondary,S4,original,A,R,reference_subject,reference_subject,no,True,,gripper_contact_possible_occlusion,yes,,,,,,,
S4-C04-secondary-50,secondary,S4,original,A,R,target_subject,target_subject,no,True,,gripper_contact_possible_occlusion,yes,,,,,,,
S4-C04-secondary-50,secondary,S4,original,A,TOP,reference_subject,reference_subject,no,True,,gripper_contact_possible_occlusion,yes,,,,,,,
S4-C04-secondary-50,secondary,S4,original,A,TOP,target_subject,target_subject,no,True,,gripper_contact_possible_occlusion,yes,,,,,,,
S4-C04-secondary-50,secondary,S4,original,C,L,S4-L-D,DIR,no,False,target_or_reference_in_gripper_contact_final_arrangement_ambiguous,,yes,,,,,,,
S4-C04-secondary-50,secondary,S4,original,C,L,S4-L-I,RF,no,False,target_or_reference_in_gripper_contact_final_arrangement_ambiguous,,yes,,,,,,,
S4-C04-secondary-50,secondary,S4,original,C,L,S4-L-S,TF,no,False,target_or_reference_in_gripper_contact_final_arrangement_ambiguous,,yes,,,,,,,
S4-C04-secondary-50,secondary,S4,original,C,R,S4-R-D,DIR,no,False,target_or_reference_in_gripper_contact_final_arrangement_ambiguous,,yes,,,,,,,
S4-C04-secondary-50,secondary,S4,original,C,R,S4-R-I,RF,no,False,target_or_reference_in_gripper_contact_final_arrangement_ambiguous,,yes,,,,,,,
S4-C04-secondary-50,secondary,S4,original,C,R,S4-R-S,TF,no,False,target_or_reference_in_gripper_contact_final_arrangement_ambiguous,,yes,,,,,,,
S4-C04-secondary-50,secondary,S4,original,C,TOP,S4-TOP-D,DIR,no,False,target_or_reference_in_gripper_contact_final_arrangement_ambiguous,,yes,,,,,,,
S4-C04-secondary-50,secondary,S4,original,C,TOP,S4-TOP-I,RF,no,False,target_or_reference_in_gripper_contact_final_arrangement_ambiguous,,yes,,,,,,,
S4-C04-secondary-50,secondary,S4,original,C,TOP,S4-TOP-S,TF,no,False,target_or_reference_in_gripper_contact_final_arrangement_ambiguous,,yes,,,,,,,
S4-C05-initial,initial,S4,original,A,L,reference_subject,reference_subject,yes,True,,,no,,,,,,,
S4-C05-initial,initial,S4,original,A,L,target_subject,target_subject,yes,True,,,no,,,,,,,
S4-C05-initial,initial,S4,original,A,R,reference_subject,reference_subject,no,True,,,no,,,,,,,
S4-C05-initial,initial,S4,original,A,R,target_subject,target_subject,no,True,,,no,,,,,,,
S4-C05-initial,initial,S4,original,A,TOP,reference_subject,reference_subject,no,True,,,no,,,,,,,
S4-C05-initial,initial,S4,original,A,TOP,target_subject,target_subject,no,True,,,no,,,,,,,
S4-C05-initial,initial,S4,original,C,L,S4-L-D,DIR,yes,True,,,no,,,,,,,
S4-C05-initial,initial,S4,original,C,L,S4-L-I,RF,yes,True,,,no,,,,,,,
S4-C05-initial,initial,S4,original,C,L,S4-L-S,TF,yes,True,,,no,,,,,,,
S4-C05-initial,initial,S4,original,C,R,S4-R-D,DIR,no,True,,,no,,,,,,,
S4-C05-initial,initial,S4,original,C,R,S4-R-I,RF,no,True,,,no,,,,,,,
S4-C05-initial,initial,S4,original,C,R,S4-R-S,TF,no,True,,,no,,,,,,,
S4-C05-initial,initial,S4,original,C,TOP,S4-TOP-D,DIR,no,True,,,no,,,,,,,
S4-C05-initial,initial,S4,original,C,TOP,S4-TOP-I,RF,no,True,,,no,,,,,,,
S4-C05-initial,initial,S4,original,C,TOP,S4-TOP-S,TF,no,True,,,no,,,,,,,
S4-C05-initial,initial,S4,placement,C,L,S4-L-reference_early,reference_early,yes,True,,,no,,,,,,,
S4-C05-initial,initial,S4,placement,C,L,S4-L-reference_late,reference_late,yes,True,,,no,,,,,,,
S4-C05-initial,initial,S4,placement,C,R,S4-R-reference_early,reference_early,no,True,,,no,,,,,,,
S4-C05-initial,initial,S4,placement,C,R,S4-R-reference_late,reference_late,no,True,,,no,,,,,,,
S4-C05-secondary-100,secondary,S4,original,A,L,reference_subject,reference_subject,no,True,,gripper_contact_possible_occlusion,yes,,,,,,,
S4-C05-secondary-100,secondary,S4,original,A,L,target_subject,target_subject,no,True,,gripper_contact_possible_occlusion,yes,,,,,,,
S4-C05-secondary-100,secondary,S4,original,A,R,reference_subject,reference_subject,yes,True,,gripper_contact_possible_occlusion,yes,,,,,,,
S4-C05-secondary-100,secondary,S4,original,A,R,target_subject,target_subject,yes,True,,gripper_contact_possible_occlusion,yes,,,,,,,
S4-C05-secondary-100,secondary,S4,original,A,TOP,reference_subject,reference_subject,no,True,,gripper_contact_possible_occlusion,yes,,,,,,,
S4-C05-secondary-100,secondary,S4,original,A,TOP,target_subject,target_subject,no,True,,gripper_contact_possible_occlusion,yes,,,,,,,
S4-C05-secondary-100,secondary,S4,original,C,L,S4-L-D,DIR,no,False,target_or_reference_in_gripper_contact_final_arrangement_ambiguous,,yes,,,,,,,
S4-C05-secondary-100,secondary,S4,original,C,L,S4-L-I,RF,no,False,target_or_reference_in_gripper_contact_final_arrangement_ambiguous,,yes,,,,,,,
S4-C05-secondary-100,secondary,S4,original,C,L,S4-L-S,TF,no,False,target_or_reference_in_gripper_contact_final_arrangement_ambiguous,,yes,,,,,,,
S4-C05-secondary-100,secondary,S4,original,C,R,S4-R-D,DIR,no,False,target_or_reference_in_gripper_contact_final_arrangement_ambiguous,,yes,,,,,,,
S4-C05-secondary-100,secondary,S4,original,C,R,S4-R-I,RF,no,False,target_or_reference_in_gripper_contact_final_arrangement_ambiguous,,yes,,,,,,,
S4-C05-secondary-100,secondary,S4,original,C,R,S4-R-S,TF,no,False,target_or_reference_in_gripper_contact_final_arrangement_ambiguous,,yes,,,,,,,
S4-C05-secondary-100,secondary,S4,original,C,TOP,S4-TOP-D,DIR,no,False,target_or_reference_in_gripper_contact_final_arrangement_ambiguous,,yes,,,,,,,
S4-C05-secondary-100,secondary,S4,original,C,TOP,S4-TOP-I,RF,no,False,target_or_reference_in_gripper_contact_final_arrangement_ambiguous,,yes,,,,,,,
S4-C05-secondary-100,secondary,S4,original,C,TOP,S4-TOP-S,TF,no,False,target_or_reference_in_gripper_contact_final_arrangement_ambiguous,,yes,,,,,,,
S4-C05-secondary-50,secondary,S4,original,A,L,reference_subject,reference_subject,no,True,,,no,,,,,,,
S4-C05-secondary-50,secondary,S4,original,A,L,target_subject,target_subject,no,True,,,no,,,,,,,
S4-C05-secondary-50,secondary,S4,original,A,R,reference_subject,reference_subject,yes,True,,,no,,,,,,,
S4-C05-secondary-50,secondary,S4,original,A,R,target_subject,target_subject,yes,True,,,no,,,,,,,
S4-C05-secondary-50,secondary,S4,original,A,TOP,reference_subject,reference_subject,no,True,,,no,,,,,,,
S4-C05-secondary-50,secondary,S4,original,A,TOP,target_subject,target_subject,no,True,,,no,,,,,,,
S4-C05-secondary-50,secondary,S4,original,C,L,S4-L-D,DIR,no,True,,,no,,,,,,,
S4-C05-secondary-50,secondary,S4,original,C,L,S4-L-I,RF,no,True,,,no,,,,,,,
S4-C05-secondary-50,secondary,S4,original,C,L,S4-L-S,TF,no,True,,,no,,,,,,,
S4-C05-secondary-50,secondary,S4,original,C,R,S4-R-D,DIR,yes,True,,,no,,,,,,,
S4-C05-secondary-50,secondary,S4,original,C,R,S4-R-I,RF,yes,True,,,no,,,,,,,
S4-C05-secondary-50,secondary,S4,original,C,R,S4-R-S,TF,yes,True,,,no,,,,,,,
S4-C05-secondary-50,secondary,S4,original,C,TOP,S4-TOP-D,DIR,no,True,,,no,,,,,,,
S4-C05-secondary-50,secondary,S4,original,C,TOP,S4-TOP-I,RF,no,True,,,no,,,,,,,
S4-C05-secondary-50,secondary,S4,original,C,TOP,S4-TOP-S,TF,no,True,,,no,,,,,,,
S4-C06-initial,initial,S4,original,A,L,reference_subject,reference_subject,yes,True,,,no,,,,,,,
S4-C06-initial,initial,S4,original,A,L,target_subject,target_subject,yes,True,,,no,,,,,,,
S4-C06-initial,initial,S4,original,A,R,reference_subject,reference_subject,no,True,,,no,,,,,,,
S4-C06-initial,initial,S4,original,A,R,target_subject,target_subject,no,True,,,no,,,,,,,
S4-C06-initial,initial,S4,original,A,TOP,reference_subject,reference_subject,no,True,,,no,,,,,,,
S4-C06-initial,initial,S4,original,A,TOP,target_subject,target_subject,no,True,,,no,,,,,,,
S4-C06-initial,initial,S4,original,C,L,S4-L-D,DIR,yes,True,,,no,,,,,,,
S4-C06-initial,initial,S4,original,C,L,S4-L-I,RF,yes,True,,,no,,,,,,,
S4-C06-initial,initial,S4,original,C,L,S4-L-S,TF,yes,True,,,no,,,,,,,
S4-C06-initial,initial,S4,original,C,R,S4-R-D,DIR,no,True,,,no,,,,,,,
S4-C06-initial,initial,S4,original,C,R,S4-R-I,RF,no,True,,,no,,,,,,,
S4-C06-initial,initial,S4,original,C,R,S4-R-S,TF,no,True,,,no,,,,,,,
S4-C06-initial,initial,S4,original,C,TOP,S4-TOP-D,DIR,no,True,,,no,,,,,,,
S4-C06-initial,initial,S4,original,C,TOP,S4-TOP-I,RF,no,True,,,no,,,,,,,
S4-C06-initial,initial,S4,original,C,TOP,S4-TOP-S,TF,no,True,,,no,,,,,,,
S4-C06-initial,initial,S4,placement,C,L,S4-L-reference_early,reference_early,yes,True,,,no,,,,,,,
S4-C06-initial,initial,S4,placement,C,L,S4-L-reference_late,reference_late,yes,True,,,no,,,,,,,
S4-C06-initial,initial,S4,placement,C,R,S4-R-reference_early,reference_early,no,True,,,no,,,,,,,
S4-C06-initial,initial,S4,placement,C,R,S4-R-reference_late,reference_late,no,True,,,no,,,,,,,
S4-C06-secondary-100,secondary,S4,original,A,L,reference_subject,reference_subject,no,True,,,no,,,,,,,
S4-C06-secondary-100,secondary,S4,original,A,L,target_subject,target_subject,no,True,,,no,,,,,,,
S4-C06-secondary-100,secondary,S4,original,A,R,reference_subject,reference_subject,yes,True,,,no,,,,,,,
S4-C06-secondary-100,secondary,S4,original,A,R,target_subject,target_subject,yes,True,,,no,,,,,,,
S4-C06-secondary-100,secondary,S4,original,A,TOP,reference_subject,reference_subject,no,True,,,no,,,,,,,
S4-C06-secondary-100,secondary,S4,original,A,TOP,target_subject,target_subject,no,True,,,no,,,,,,,
S4-C06-secondary-100,secondary,S4,original,C,L,S4-L-D,DIR,no,True,,,no,,,,,,,
S4-C06-secondary-100,secondary,S4,original,C,L,S4-L-I,RF,no,True,,,no,,,,,,,
S4-C06-secondary-100,secondary,S4,original,C,L,S4-L-S,TF,no,True,,,no,,,,,,,
S4-C06-secondary-100,secondary,S4,original,C,R,S4-R-D,DIR,yes,True,,,no,,,,,,,
S4-C06-secondary-100,secondary,S4,original,C,R,S4-R-I,RF,yes,True,,,no,,,,,,,
S4-C06-secondary-100,secondary,S4,original,C,R,S4-R-S,TF,yes,True,,,no,,,,,,,
S4-C06-secondary-100,secondary,S4,original,C,TOP,S4-TOP-D,DIR,no,True,,,no,,,,,,,
S4-C06-secondary-100,secondary,S4,original,C,TOP,S4-TOP-I,RF,no,True,,,no,,,,,,,
S4-C06-secondary-100,secondary,S4,original,C,TOP,S4-TOP-S,TF,no,True,,,no,,,,,,,
S4-C06-secondary-50,secondary,S4,original,A,L,reference_subject,reference_subject,no,True,,gripper_contact_possible_occlusion,yes,,,,,,,
S4-C06-secondary-50,secondary,S4,original,A,L,target_subject,target_subject,no,True,,gripper_contact_possible_occlusion,yes,,,,,,,
S4-C06-secondary-50,secondary,S4,original,A,R,reference_subject,reference_subject,yes,True,,gripper_contact_possible_occlusion,yes,,,,,,,
S4-C06-secondary-50,secondary,S4,original,A,R,target_subject,target_subject,yes,True,,gripper_contact_possible_occlusion,yes,,,,,,,
S4-C06-secondary-50,secondary,S4,original,A,TOP,reference_subject,reference_subject,no,True,,gripper_contact_possible_occlusion,yes,,,,,,,
S4-C06-secondary-50,secondary,S4,original,A,TOP,target_subject,target_subject,no,True,,gripper_contact_possible_occlusion,yes,,,,,,,
S4-C06-secondary-50,secondary,S4,original,C,L,S4-L-D,DIR,no,False,target_or_reference_in_gripper_contact_final_arrangement_ambiguous,,yes,,,,,,,
S4-C06-secondary-50,secondary,S4,original,C,L,S4-L-I,RF,no,False,target_or_reference_in_gripper_contact_final_arrangement_ambiguous,,yes,,,,,,,
S4-C06-secondary-50,secondary,S4,original,C,L,S4-L-S,TF,no,False,target_or_reference_in_gripper_contact_final_arrangement_ambiguous,,yes,,,,,,,
S4-C06-secondary-50,secondary,S4,original,C,R,S4-R-D,DIR,yes,False,target_or_reference_in_gripper_contact_final_arrangement_ambiguous,,yes,,,,,,,
S4-C06-secondary-50,secondary,S4,original,C,R,S4-R-I,RF,yes,False,target_or_reference_in_gripper_contact_final_arrangement_ambiguous,,yes,,,,,,,
S4-C06-secondary-50,secondary,S4,original,C,R,S4-R-S,TF,yes,False,target_or_reference_in_gripper_contact_final_arrangement_ambiguous,,yes,,,,,,,
S4-C06-secondary-50,secondary,S4,original,C,TOP,S4-TOP-D,DIR,no,False,target_or_reference_in_gripper_contact_final_arrangement_ambiguous,,yes,,,,,,,
S4-C06-secondary-50,secondary,S4,original,C,TOP,S4-TOP-I,RF,no,False,target_or_reference_in_gripper_contact_final_arrangement_ambiguous,,yes,,,,,,,
S4-C06-secondary-50,secondary,S4,original,C,TOP,S4-TOP-S,TF,no,False,target_or_reference_in_gripper_contact_final_arrangement_ambiguous,,yes,,,,,,,
S4-C07-initial,initial,S4,original,A,L,reference_subject,reference_subject,yes,True,,,yes,,,,,,,
S4-C07-initial,initial,S4,original,A,L,target_subject,target_subject,yes,True,,,yes,,,,,,,
S4-C07-initial,initial,S4,original,A,R,reference_subject,reference_subject,no,True,,,yes,,,,,,,
S4-C07-initial,initial,S4,original,A,R,target_subject,target_subject,no,True,,,yes,,,,,,,
S4-C07-initial,initial,S4,original,A,TOP,reference_subject,reference_subject,no,True,,,yes,,,,,,,
S4-C07-initial,initial,S4,original,A,TOP,target_subject,target_subject,no,True,,,yes,,,,,,,
S4-C07-initial,initial,S4,original,C,L,S4-L-D,DIR,yes,True,,,yes,,,,,,,
S4-C07-initial,initial,S4,original,C,L,S4-L-I,RF,yes,True,,,yes,,,,,,,
S4-C07-initial,initial,S4,original,C,L,S4-L-S,TF,yes,True,,,yes,,,,,,,
S4-C07-initial,initial,S4,original,C,R,S4-R-D,DIR,no,True,,,yes,,,,,,,
S4-C07-initial,initial,S4,original,C,R,S4-R-I,RF,no,True,,,yes,,,,,,,
S4-C07-initial,initial,S4,original,C,R,S4-R-S,TF,no,True,,,yes,,,,,,,
S4-C07-initial,initial,S4,original,C,TOP,S4-TOP-D,DIR,no,True,,,yes,,,,,,,
S4-C07-initial,initial,S4,original,C,TOP,S4-TOP-I,RF,no,True,,,yes,,,,,,,
S4-C07-initial,initial,S4,original,C,TOP,S4-TOP-S,TF,no,True,,,yes,,,,,,,
S4-C07-initial,initial,S4,placement,C,L,S4-L-reference_early,reference_early,yes,True,,,yes,,,,,,,
S4-C07-initial,initial,S4,placement,C,L,S4-L-reference_late,reference_late,yes,True,,,yes,,,,,,,
S4-C07-initial,initial,S4,placement,C,R,S4-R-reference_early,reference_early,no,True,,,yes,,,,,,,
S4-C07-initial,initial,S4,placement,C,R,S4-R-reference_late,reference_late,no,True,,,yes,,,,,,,
S4-C07-secondary-100,secondary,S4,original,A,L,reference_subject,reference_subject,yes,True,,,no,,,,,,,
S4-C07-secondary-100,secondary,S4,original,A,L,target_subject,target_subject,yes,True,,,no,,,,,,,
S4-C07-secondary-100,secondary,S4,original,A,R,reference_subject,reference_subject,no,True,,,no,,,,,,,
S4-C07-secondary-100,secondary,S4,original,A,R,target_subject,target_subject,no,True,,,no,,,,,,,
S4-C07-secondary-100,secondary,S4,original,A,TOP,reference_subject,reference_subject,no,True,,,no,,,,,,,
S4-C07-secondary-100,secondary,S4,original,A,TOP,target_subject,target_subject,no,True,,,no,,,,,,,
S4-C07-secondary-100,secondary,S4,original,C,L,S4-L-D,DIR,yes,True,,,no,,,,,,,
S4-C07-secondary-100,secondary,S4,original,C,L,S4-L-I,RF,yes,True,,,no,,,,,,,
S4-C07-secondary-100,secondary,S4,original,C,L,S4-L-S,TF,yes,True,,,no,,,,,,,
S4-C07-secondary-100,secondary,S4,original,C,R,S4-R-D,DIR,no,True,,,no,,,,,,,
S4-C07-secondary-100,secondary,S4,original,C,R,S4-R-I,RF,no,True,,,no,,,,,,,
S4-C07-secondary-100,secondary,S4,original,C,R,S4-R-S,TF,no,True,,,no,,,,,,,
S4-C07-secondary-100,secondary,S4,original,C,TOP,S4-TOP-D,DIR,no,True,,,no,,,,,,,
S4-C07-secondary-100,secondary,S4,original,C,TOP,S4-TOP-I,RF,no,True,,,no,,,,,,,
S4-C07-secondary-100,secondary,S4,original,C,TOP,S4-TOP-S,TF,no,True,,,no,,,,,,,
S4-C07-secondary-50,secondary,S4,original,A,L,reference_subject,reference_subject,yes,True,,,no,,,,,,,
S4-C07-secondary-50,secondary,S4,original,A,L,target_subject,target_subject,yes,True,,,no,,,,,,,
S4-C07-secondary-50,secondary,S4,original,A,R,reference_subject,reference_subject,no,True,,,no,,,,,,,
S4-C07-secondary-50,secondary,S4,original,A,R,target_subject,target_subject,no,True,,,no,,,,,,,
S4-C07-secondary-50,secondary,S4,original,A,TOP,reference_subject,reference_subject,no,True,,,no,,,,,,,
S4-C07-secondary-50,secondary,S4,original,A,TOP,target_subject,target_subject,no,True,,,no,,,,,,,
S4-C07-secondary-50,secondary,S4,original,C,L,S4-L-D,DIR,yes,True,,,no,,,,,,,
S4-C07-secondary-50,secondary,S4,original,C,L,S4-L-I,RF,yes,True,,,no,,,,,,,
S4-C07-secondary-50,secondary,S4,original,C,L,S4-L-S,TF,yes,True,,,no,,,,,,,
S4-C07-secondary-50,secondary,S4,original,C,R,S4-R-D,DIR,no,True,,,no,,,,,,,
S4-C07-secondary-50,secondary,S4,original,C,R,S4-R-I,RF,no,True,,,no,,,,,,,
S4-C07-secondary-50,secondary,S4,original,C,R,S4-R-S,TF,no,True,,,no,,,,,,,
S4-C07-secondary-50,secondary,S4,original,C,TOP,S4-TOP-D,DIR,no,True,,,no,,,,,,,
S4-C07-secondary-50,secondary,S4,original,C,TOP,S4-TOP-I,RF,no,True,,,no,,,,,,,
S4-C07-secondary-50,secondary,S4,original,C,TOP,S4-TOP-S,TF,no,True,,,no,,,,,,,
S4-C08-initial,initial,S4,original,A,L,reference_subject,reference_subject,yes,True,,,no,,,,,,,
S4-C08-initial,initial,S4,original,A,L,target_subject,target_subject,yes,True,,,no,,,,,,,
S4-C08-initial,initial,S4,original,A,R,reference_subject,reference_subject,no,True,,,no,,,,,,,
S4-C08-initial,initial,S4,original,A,R,target_subject,target_subject,no,True,,,no,,,,,,,
S4-C08-initial,initial,S4,original,A,TOP,reference_subject,reference_subject,no,True,,,no,,,,,,,
S4-C08-initial,initial,S4,original,A,TOP,target_subject,target_subject,no,True,,,no,,,,,,,
S4-C08-initial,initial,S4,original,C,L,S4-L-D,DIR,yes,True,,,no,,,,,,,
S4-C08-initial,initial,S4,original,C,L,S4-L-I,RF,yes,True,,,no,,,,,,,
S4-C08-initial,initial,S4,original,C,L,S4-L-S,TF,yes,True,,,no,,,,,,,
S4-C08-initial,initial,S4,original,C,R,S4-R-D,DIR,no,True,,,no,,,,,,,
S4-C08-initial,initial,S4,original,C,R,S4-R-I,RF,no,True,,,no,,,,,,,
S4-C08-initial,initial,S4,original,C,R,S4-R-S,TF,no,True,,,no,,,,,,,
S4-C08-initial,initial,S4,original,C,TOP,S4-TOP-D,DIR,no,True,,,no,,,,,,,
S4-C08-initial,initial,S4,original,C,TOP,S4-TOP-I,RF,no,True,,,no,,,,,,,
S4-C08-initial,initial,S4,original,C,TOP,S4-TOP-S,TF,no,True,,,no,,,,,,,
S4-C08-initial,initial,S4,placement,C,L,S4-L-reference_early,reference_early,yes,True,,,no,,,,,,,
S4-C08-initial,initial,S4,placement,C,L,S4-L-reference_late,reference_late,yes,True,,,no,,,,,,,
S4-C08-initial,initial,S4,placement,C,R,S4-R-reference_early,reference_early,no,True,,,no,,,,,,,
S4-C08-initial,initial,S4,placement,C,R,S4-R-reference_late,reference_late,no,True,,,no,,,,,,,
S4-C08-secondary-100,secondary,S4,original,A,L,reference_subject,reference_subject,yes,True,,,no,,,,,,,
S4-C08-secondary-100,secondary,S4,original,A,L,target_subject,target_subject,yes,True,,,no,,,,,,,
S4-C08-secondary-100,secondary,S4,original,A,R,reference_subject,reference_subject,no,True,,,no,,,,,,,
S4-C08-secondary-100,secondary,S4,original,A,R,target_subject,target_subject,no,True,,,no,,,,,,,
S4-C08-secondary-100,secondary,S4,original,A,TOP,reference_subject,reference_subject,no,True,,,no,,,,,,,
S4-C08-secondary-100,secondary,S4,original,A,TOP,target_subject,target_subject,no,True,,,no,,,,,,,
S4-C08-secondary-100,secondary,S4,original,C,L,S4-L-D,DIR,yes,True,,,no,,,,,,,
S4-C08-secondary-100,secondary,S4,original,C,L,S4-L-I,RF,yes,True,,,no,,,,,,,
S4-C08-secondary-100,secondary,S4,original,C,L,S4-L-S,TF,yes,True,,,no,,,,,,,
S4-C08-secondary-100,secondary,S4,original,C,R,S4-R-D,DIR,no,True,,,no,,,,,,,
S4-C08-secondary-100,secondary,S4,original,C,R,S4-R-I,RF,no,True,,,no,,,,,,,
S4-C08-secondary-100,secondary,S4,original,C,R,S4-R-S,TF,no,True,,,no,,,,,,,
S4-C08-secondary-100,secondary,S4,original,C,TOP,S4-TOP-D,DIR,no,True,,,no,,,,,,,
S4-C08-secondary-100,secondary,S4,original,C,TOP,S4-TOP-I,RF,no,True,,,no,,,,,,,
S4-C08-secondary-100,secondary,S4,original,C,TOP,S4-TOP-S,TF,no,True,,,no,,,,,,,
S4-C08-secondary-50,secondary,S4,original,A,L,reference_subject,reference_subject,yes,True,,,no,,,,,,,
S4-C08-secondary-50,secondary,S4,original,A,L,target_subject,target_subject,yes,True,,,no,,,,,,,
S4-C08-secondary-50,secondary,S4,original,A,R,reference_subject,reference_subject,no,True,,,no,,,,,,,
S4-C08-secondary-50,secondary,S4,original,A,R,target_subject,target_subject,no,True,,,no,,,,,,,
S4-C08-secondary-50,secondary,S4,original,A,TOP,reference_subject,reference_subject,no,True,,,no,,,,,,,
S4-C08-secondary-50,secondary,S4,original,A,TOP,target_subject,target_subject,no,True,,,no,,,,,,,
S4-C08-secondary-50,secondary,S4,original,C,L,S4-L-D,DIR,yes,True,,,no,,,,,,,
S4-C08-secondary-50,secondary,S4,original,C,L,S4-L-I,RF,yes,True,,,no,,,,,,,
S4-C08-secondary-50,secondary,S4,original,C,L,S4-L-S,TF,yes,True,,,no,,,,,,,
S4-C08-secondary-50,secondary,S4,original,C,R,S4-R-D,DIR,no,True,,,no,,,,,,,
S4-C08-secondary-50,secondary,S4,original,C,R,S4-R-I,RF,no,True,,,no,,,,,,,
S4-C08-secondary-50,secondary,S4,original,C,R,S4-R-S,TF,no,True,,,no,,,,,,,
S4-C08-secondary-50,secondary,S4,original,C,TOP,S4-TOP-D,DIR,no,True,,,no,,,,,,,
S4-C08-secondary-50,secondary,S4,original,C,TOP,S4-TOP-I,RF,no,True,,,no,,,,,,,
S4-C08-secondary-50,secondary,S4,original,C,TOP,S4-TOP-S,TF,no,True,,,no,,,,,,,
S5-C01-initial,initial,S5,original,A,LR,reference_subject,reference_subject,no,True,,,no,,,,,,,
S5-C01-initial,initial,S5,original,A,LR,target_subject,target_subject,no,True,,,no,,,,,,,
S5-C01-initial,initial,S5,original,A,RL,reference_subject,reference_subject,no,True,,,no,,,,,,,
S5-C01-initial,initial,S5,original,A,RL,target_subject,target_subject,no,True,,,no,,,,,,,
S5-C01-initial,initial,S5,original,C,LR,S5-LR-D,DIR,no,True,,,no,,,,,,,
S5-C01-initial,initial,S5,original,C,LR,S5-LR-I,RF,no,True,,,no,,,,,,,
S5-C01-initial,initial,S5,original,C,LR,S5-LR-S,TF,no,True,,,no,,,,,,,
S5-C01-initial,initial,S5,original,C,RL,S5-RL-D,DIR,no,True,,,no,,,,,,,
S5-C01-initial,initial,S5,original,C,RL,S5-RL-I,RF,no,True,,,no,,,,,,,
S5-C01-initial,initial,S5,original,C,RL,S5-RL-S,TF,no,True,,,no,,,,,,,
S5-C01-secondary-100,secondary,S5,original,A,LR,reference_subject,reference_subject,no,True,,,no,,,,,,,
S5-C01-secondary-100,secondary,S5,original,A,LR,target_subject,target_subject,no,True,,,no,,,,,,,
S5-C01-secondary-100,secondary,S5,original,A,RL,reference_subject,reference_subject,no,True,,,no,,,,,,,
S5-C01-secondary-100,secondary,S5,original,A,RL,target_subject,target_subject,no,True,,,no,,,,,,,
S5-C01-secondary-100,secondary,S5,original,C,LR,S5-LR-D,DIR,no,True,,,no,,,,,,,
S5-C01-secondary-100,secondary,S5,original,C,LR,S5-LR-I,RF,no,True,,,no,,,,,,,
S5-C01-secondary-100,secondary,S5,original,C,LR,S5-LR-S,TF,no,True,,,no,,,,,,,
S5-C01-secondary-100,secondary,S5,original,C,RL,S5-RL-D,DIR,no,True,,,no,,,,,,,
S5-C01-secondary-100,secondary,S5,original,C,RL,S5-RL-I,RF,no,True,,,no,,,,,,,
S5-C01-secondary-100,secondary,S5,original,C,RL,S5-RL-S,TF,no,True,,,no,,,,,,,
S5-C01-secondary-50,secondary,S5,original,A,LR,reference_subject,reference_subject,no,True,,gripper_contact_possible_occlusion,yes,,,,,,,
S5-C01-secondary-50,secondary,S5,original,A,LR,target_subject,target_subject,no,True,,gripper_contact_possible_occlusion,yes,,,,,,,
S5-C01-secondary-50,secondary,S5,original,A,RL,reference_subject,reference_subject,no,True,,gripper_contact_possible_occlusion,yes,,,,,,,
S5-C01-secondary-50,secondary,S5,original,A,RL,target_subject,target_subject,no,True,,gripper_contact_possible_occlusion,yes,,,,,,,
S5-C01-secondary-50,secondary,S5,original,C,LR,S5-LR-D,DIR,no,False,target_or_reference_in_gripper_contact_final_arrangement_ambiguous,,yes,,,,,,,
S5-C01-secondary-50,secondary,S5,original,C,LR,S5-LR-I,RF,no,False,target_or_reference_in_gripper_contact_final_arrangement_ambiguous,,yes,,,,,,,
S5-C01-secondary-50,secondary,S5,original,C,LR,S5-LR-S,TF,no,False,target_or_reference_in_gripper_contact_final_arrangement_ambiguous,,yes,,,,,,,
S5-C01-secondary-50,secondary,S5,original,C,RL,S5-RL-D,DIR,no,False,target_or_reference_in_gripper_contact_final_arrangement_ambiguous,,yes,,,,,,,
S5-C01-secondary-50,secondary,S5,original,C,RL,S5-RL-I,RF,no,False,target_or_reference_in_gripper_contact_final_arrangement_ambiguous,,yes,,,,,,,
S5-C01-secondary-50,secondary,S5,original,C,RL,S5-RL-S,TF,no,False,target_or_reference_in_gripper_contact_final_arrangement_ambiguous,,yes,,,,,,,
S5-C02-initial,initial,S5,original,A,LR,reference_subject,reference_subject,no,True,,,no,,,,,,,
S5-C02-initial,initial,S5,original,A,LR,target_subject,target_subject,no,True,,,no,,,,,,,
S5-C02-initial,initial,S5,original,A,RL,reference_subject,reference_subject,no,True,,,no,,,,,,,
S5-C02-initial,initial,S5,original,A,RL,target_subject,target_subject,no,True,,,no,,,,,,,
S5-C02-initial,initial,S5,original,C,LR,S5-LR-D,DIR,no,True,,,no,,,,,,,
S5-C02-initial,initial,S5,original,C,LR,S5-LR-I,RF,no,True,,,no,,,,,,,
S5-C02-initial,initial,S5,original,C,LR,S5-LR-S,TF,no,True,,,no,,,,,,,
S5-C02-initial,initial,S5,original,C,RL,S5-RL-D,DIR,no,True,,,no,,,,,,,
S5-C02-initial,initial,S5,original,C,RL,S5-RL-I,RF,no,True,,,no,,,,,,,
S5-C02-initial,initial,S5,original,C,RL,S5-RL-S,TF,no,True,,,no,,,,,,,
S5-C02-secondary-100,secondary,S5,original,A,LR,reference_subject,reference_subject,no,True,,,no,,,,,,,
S5-C02-secondary-100,secondary,S5,original,A,LR,target_subject,target_subject,no,True,,,no,,,,,,,
S5-C02-secondary-100,secondary,S5,original,A,RL,reference_subject,reference_subject,no,True,,,no,,,,,,,
S5-C02-secondary-100,secondary,S5,original,A,RL,target_subject,target_subject,no,True,,,no,,,,,,,
S5-C02-secondary-100,secondary,S5,original,C,LR,S5-LR-D,DIR,no,True,,,no,,,,,,,
S5-C02-secondary-100,secondary,S5,original,C,LR,S5-LR-I,RF,no,True,,,no,,,,,,,
S5-C02-secondary-100,secondary,S5,original,C,LR,S5-LR-S,TF,no,True,,,no,,,,,,,
S5-C02-secondary-100,secondary,S5,original,C,RL,S5-RL-D,DIR,no,True,,,no,,,,,,,
S5-C02-secondary-100,secondary,S5,original,C,RL,S5-RL-I,RF,no,True,,,no,,,,,,,
S5-C02-secondary-100,secondary,S5,original,C,RL,S5-RL-S,TF,no,True,,,no,,,,,,,
S5-C02-secondary-50,secondary,S5,original,A,LR,reference_subject,reference_subject,no,True,,,no,,,,,,,
S5-C02-secondary-50,secondary,S5,original,A,LR,target_subject,target_subject,no,True,,,no,,,,,,,
S5-C02-secondary-50,secondary,S5,original,A,RL,reference_subject,reference_subject,no,True,,,no,,,,,,,
S5-C02-secondary-50,secondary,S5,original,A,RL,target_subject,target_subject,no,True,,,no,,,,,,,
S5-C02-secondary-50,secondary,S5,original,C,LR,S5-LR-D,DIR,no,True,,,no,,,,,,,
S5-C02-secondary-50,secondary,S5,original,C,LR,S5-LR-I,RF,no,True,,,no,,,,,,,
S5-C02-secondary-50,secondary,S5,original,C,LR,S5-LR-S,TF,no,True,,,no,,,,,,,
S5-C02-secondary-50,secondary,S5,original,C,RL,S5-RL-D,DIR,no,True,,,no,,,,,,,
S5-C02-secondary-50,secondary,S5,original,C,RL,S5-RL-I,RF,no,True,,,no,,,,,,,
S5-C02-secondary-50,secondary,S5,original,C,RL,S5-RL-S,TF,no,True,,,no,,,,,,,
S5-C03-initial,initial,S5,original,A,LR,reference_subject,reference_subject,no,True,,,yes,,,,,,,
S5-C03-initial,initial,S5,original,A,LR,target_subject,target_subject,no,True,,,yes,,,,,,,
S5-C03-initial,initial,S5,original,A,RL,reference_subject,reference_subject,no,True,,,yes,,,,,,,
S5-C03-initial,initial,S5,original,A,RL,target_subject,target_subject,no,True,,,yes,,,,,,,
S5-C03-initial,initial,S5,original,C,LR,S5-LR-D,DIR,no,True,,,yes,,,,,,,
S5-C03-initial,initial,S5,original,C,LR,S5-LR-I,RF,no,True,,,yes,,,,,,,
S5-C03-initial,initial,S5,original,C,LR,S5-LR-S,TF,no,True,,,yes,,,,,,,
S5-C03-initial,initial,S5,original,C,RL,S5-RL-D,DIR,no,True,,,yes,,,,,,,
S5-C03-initial,initial,S5,original,C,RL,S5-RL-I,RF,no,True,,,yes,,,,,,,
S5-C03-initial,initial,S5,original,C,RL,S5-RL-S,TF,no,True,,,yes,,,,,,,
S5-C03-secondary-100,secondary,S5,original,A,LR,reference_subject,reference_subject,yes,True,,,no,,,,,,,
S5-C03-secondary-100,secondary,S5,original,A,LR,target_subject,target_subject,yes,True,,,no,,,,,,,
S5-C03-secondary-100,secondary,S5,original,A,RL,reference_subject,reference_subject,yes,True,,,no,,,,,,,
S5-C03-secondary-100,secondary,S5,original,A,RL,target_subject,target_subject,yes,True,,,no,,,,,,,
S5-C03-secondary-100,secondary,S5,original,C,LR,S5-LR-D,DIR,yes,True,,,no,,,,,,,
S5-C03-secondary-100,secondary,S5,original,C,LR,S5-LR-I,RF,yes,True,,,no,,,,,,,
S5-C03-secondary-100,secondary,S5,original,C,LR,S5-LR-S,TF,yes,True,,,no,,,,,,,
S5-C03-secondary-100,secondary,S5,original,C,RL,S5-RL-D,DIR,yes,True,,,no,,,,,,,
S5-C03-secondary-100,secondary,S5,original,C,RL,S5-RL-I,RF,no,True,,,no,,,,,,,
S5-C03-secondary-100,secondary,S5,original,C,RL,S5-RL-S,TF,yes,True,,,no,,,,,,,
S5-C03-secondary-50,secondary,S5,original,A,LR,reference_subject,reference_subject,yes,True,,,no,,,,,,,
S5-C03-secondary-50,secondary,S5,original,A,LR,target_subject,target_subject,yes,True,,,no,,,,,,,
S5-C03-secondary-50,secondary,S5,original,A,RL,reference_subject,reference_subject,yes,True,,,no,,,,,,,
S5-C03-secondary-50,secondary,S5,original,A,RL,target_subject,target_subject,yes,True,,,no,,,,,,,
S5-C03-secondary-50,secondary,S5,original,C,LR,S5-LR-D,DIR,yes,True,,,no,,,,,,,
S5-C03-secondary-50,secondary,S5,original,C,LR,S5-LR-I,RF,yes,True,,,no,,,,,,,
S5-C03-secondary-50,secondary,S5,original,C,LR,S5-LR-S,TF,yes,True,,,no,,,,,,,
S5-C03-secondary-50,secondary,S5,original,C,RL,S5-RL-D,DIR,yes,True,,,no,,,,,,,
S5-C03-secondary-50,secondary,S5,original,C,RL,S5-RL-I,RF,no,True,,,no,,,,,,,
S5-C03-secondary-50,secondary,S5,original,C,RL,S5-RL-S,TF,yes,True,,,no,,,,,,,
S5-C04-initial,initial,S5,original,A,LR,reference_subject,reference_subject,no,True,,,no,,,,,,,
S5-C04-initial,initial,S5,original,A,LR,target_subject,target_subject,no,True,,,no,,,,,,,
S5-C04-initial,initial,S5,original,A,RL,reference_subject,reference_subject,no,True,,,no,,,,,,,
S5-C04-initial,initial,S5,original,A,RL,target_subject,target_subject,no,True,,,no,,,,,,,
S5-C04-initial,initial,S5,original,C,LR,S5-LR-D,DIR,no,True,,,no,,,,,,,
S5-C04-initial,initial,S5,original,C,LR,S5-LR-I,RF,no,True,,,no,,,,,,,
S5-C04-initial,initial,S5,original,C,LR,S5-LR-S,TF,no,True,,,no,,,,,,,
S5-C04-initial,initial,S5,original,C,RL,S5-RL-D,DIR,no,True,,,no,,,,,,,
S5-C04-initial,initial,S5,original,C,RL,S5-RL-I,RF,no,True,,,no,,,,,,,
S5-C04-initial,initial,S5,original,C,RL,S5-RL-S,TF,no,True,,,no,,,,,,,
S5-C04-secondary-100,secondary,S5,original,A,LR,reference_subject,reference_subject,no,True,,,no,,,,,,,
S5-C04-secondary-100,secondary,S5,original,A,LR,target_subject,target_subject,no,True,,,no,,,,,,,
S5-C04-secondary-100,secondary,S5,original,A,RL,reference_subject,reference_subject,no,True,,,no,,,,,,,
S5-C04-secondary-100,secondary,S5,original,A,RL,target_subject,target_subject,no,True,,,no,,,,,,,
S5-C04-secondary-100,secondary,S5,original,C,LR,S5-LR-D,DIR,no,True,,,no,,,,,,,
S5-C04-secondary-100,secondary,S5,original,C,LR,S5-LR-I,RF,no,True,,,no,,,,,,,
S5-C04-secondary-100,secondary,S5,original,C,LR,S5-LR-S,TF,no,True,,,no,,,,,,,
S5-C04-secondary-100,secondary,S5,original,C,RL,S5-RL-D,DIR,no,True,,,no,,,,,,,
S5-C04-secondary-100,secondary,S5,original,C,RL,S5-RL-I,RF,no,True,,,no,,,,,,,
S5-C04-secondary-100,secondary,S5,original,C,RL,S5-RL-S,TF,no,True,,,no,,,,,,,
S5-C04-secondary-50,secondary,S5,original,A,LR,reference_subject,reference_subject,no,True,,gripper_contact_possible_occlusion,yes,,,,,,,
S5-C04-secondary-50,secondary,S5,original,A,LR,target_subject,target_subject,no,True,,gripper_contact_possible_occlusion,yes,,,,,,,
S5-C04-secondary-50,secondary,S5,original,A,RL,reference_subject,reference_subject,no,True,,gripper_contact_possible_occlusion,yes,,,,,,,
S5-C04-secondary-50,secondary,S5,original,A,RL,target_subject,target_subject,no,True,,gripper_contact_possible_occlusion,yes,,,,,,,
S5-C04-secondary-50,secondary,S5,original,C,LR,S5-LR-D,DIR,no,False,target_or_reference_in_gripper_contact_final_arrangement_ambiguous,,yes,,,,,,,
S5-C04-secondary-50,secondary,S5,original,C,LR,S5-LR-I,RF,no,False,target_or_reference_in_gripper_contact_final_arrangement_ambiguous,,yes,,,,,,,
S5-C04-secondary-50,secondary,S5,original,C,LR,S5-LR-S,TF,no,False,target_or_reference_in_gripper_contact_final_arrangement_ambiguous,,yes,,,,,,,
S5-C04-secondary-50,secondary,S5,original,C,RL,S5-RL-D,DIR,no,False,target_or_reference_in_gripper_contact_final_arrangement_ambiguous,,yes,,,,,,,
S5-C04-secondary-50,secondary,S5,original,C,RL,S5-RL-I,RF,no,False,target_or_reference_in_gripper_contact_final_arrangement_ambiguous,,yes,,,,,,,
S5-C04-secondary-50,secondary,S5,original,C,RL,S5-RL-S,TF,no,False,target_or_reference_in_gripper_contact_final_arrangement_ambiguous,,yes,,,,,,,
S5-C05-initial,initial,S5,original,A,LR,reference_subject,reference_subject,no,True,,,no,,,,,,,
S5-C05-initial,initial,S5,original,A,LR,target_subject,target_subject,no,True,,,no,,,,,,,
S5-C05-initial,initial,S5,original,A,RL,reference_subject,reference_subject,no,True,,,no,,,,,,,
S5-C05-initial,initial,S5,original,A,RL,target_subject,target_subject,no,True,,,no,,,,,,,
S5-C05-initial,initial,S5,original,C,LR,S5-LR-D,DIR,no,True,,,no,,,,,,,
S5-C05-initial,initial,S5,original,C,LR,S5-LR-I,RF,no,True,,,no,,,,,,,
S5-C05-initial,initial,S5,original,C,LR,S5-LR-S,TF,no,True,,,no,,,,,,,
S5-C05-initial,initial,S5,original,C,RL,S5-RL-D,DIR,no,True,,,no,,,,,,,
S5-C05-initial,initial,S5,original,C,RL,S5-RL-I,RF,no,True,,,no,,,,,,,
S5-C05-initial,initial,S5,original,C,RL,S5-RL-S,TF,no,True,,,no,,,,,,,
S5-C05-secondary-100,secondary,S5,original,A,LR,reference_subject,reference_subject,no,True,,,yes,,,,,,,
S5-C05-secondary-100,secondary,S5,original,A,LR,target_subject,target_subject,no,True,,,yes,,,,,,,
S5-C05-secondary-100,secondary,S5,original,A,RL,reference_subject,reference_subject,no,True,,,yes,,,,,,,
S5-C05-secondary-100,secondary,S5,original,A,RL,target_subject,target_subject,no,True,,,yes,,,,,,,
S5-C05-secondary-100,secondary,S5,original,C,LR,S5-LR-D,DIR,no,True,,,yes,,,,,,,
S5-C05-secondary-100,secondary,S5,original,C,LR,S5-LR-I,RF,no,True,,,yes,,,,,,,
S5-C05-secondary-100,secondary,S5,original,C,LR,S5-LR-S,TF,no,True,,,yes,,,,,,,
S5-C05-secondary-100,secondary,S5,original,C,RL,S5-RL-D,DIR,no,True,,,yes,,,,,,,
S5-C05-secondary-100,secondary,S5,original,C,RL,S5-RL-I,RF,no,True,,,yes,,,,,,,
S5-C05-secondary-100,secondary,S5,original,C,RL,S5-RL-S,TF,no,True,,,yes,,,,,,,
S5-C05-secondary-50,secondary,S5,original,A,LR,reference_subject,reference_subject,no,True,,gripper_contact_possible_occlusion,yes,,,,,,,
S5-C05-secondary-50,secondary,S5,original,A,LR,target_subject,target_subject,no,True,,gripper_contact_possible_occlusion,yes,,,,,,,
S5-C05-secondary-50,secondary,S5,original,A,RL,reference_subject,reference_subject,no,True,,gripper_contact_possible_occlusion,yes,,,,,,,
S5-C05-secondary-50,secondary,S5,original,A,RL,target_subject,target_subject,no,True,,gripper_contact_possible_occlusion,yes,,,,,,,
S5-C05-secondary-50,secondary,S5,original,C,LR,S5-LR-D,DIR,no,False,target_or_reference_in_gripper_contact_final_arrangement_ambiguous,,yes,,,,,,,
S5-C05-secondary-50,secondary,S5,original,C,LR,S5-LR-I,RF,no,False,target_or_reference_in_gripper_contact_final_arrangement_ambiguous,,yes,,,,,,,
S5-C05-secondary-50,secondary,S5,original,C,LR,S5-LR-S,TF,no,False,target_or_reference_in_gripper_contact_final_arrangement_ambiguous,,yes,,,,,,,
S5-C05-secondary-50,secondary,S5,original,C,RL,S5-RL-D,DIR,no,False,target_or_reference_in_gripper_contact_final_arrangement_ambiguous,,yes,,,,,,,
S5-C05-secondary-50,secondary,S5,original,C,RL,S5-RL-I,RF,no,False,target_or_reference_in_gripper_contact_final_arrangement_ambiguous,,yes,,,,,,,
S5-C05-secondary-50,secondary,S5,original,C,RL,S5-RL-S,TF,no,False,target_or_reference_in_gripper_contact_final_arrangement_ambiguous,,yes,,,,,,,
S5-C06-initial,initial,S5,original,A,LR,reference_subject,reference_subject,no,True,,,no,,,,,,,
S5-C06-initial,initial,S5,original,A,LR,target_subject,target_subject,no,True,,,no,,,,,,,
S5-C06-initial,initial,S5,original,A,RL,reference_subject,reference_subject,no,True,,,no,,,,,,,
S5-C06-initial,initial,S5,original,A,RL,target_subject,target_subject,no,True,,,no,,,,,,,
S5-C06-initial,initial,S5,original,C,LR,S5-LR-D,DIR,no,True,,,no,,,,,,,
S5-C06-initial,initial,S5,original,C,LR,S5-LR-I,RF,no,True,,,no,,,,,,,
S5-C06-initial,initial,S5,original,C,LR,S5-LR-S,TF,no,True,,,no,,,,,,,
S5-C06-initial,initial,S5,original,C,RL,S5-RL-D,DIR,no,True,,,no,,,,,,,
S5-C06-initial,initial,S5,original,C,RL,S5-RL-I,RF,no,True,,,no,,,,,,,
S5-C06-initial,initial,S5,original,C,RL,S5-RL-S,TF,no,True,,,no,,,,,,,
S5-C06-secondary-100,secondary,S5,original,A,LR,reference_subject,reference_subject,yes,False,bowl_identity_not_followable_both_bowls_moved,,yes,,,,,,,
S5-C06-secondary-100,secondary,S5,original,A,LR,target_subject,target_subject,yes,False,bowl_identity_not_followable_both_bowls_moved,,yes,,,,,,,
S5-C06-secondary-100,secondary,S5,original,A,RL,reference_subject,reference_subject,yes,False,bowl_identity_not_followable_both_bowls_moved,,yes,,,,,,,
S5-C06-secondary-100,secondary,S5,original,A,RL,target_subject,target_subject,yes,False,bowl_identity_not_followable_both_bowls_moved,,yes,,,,,,,
S5-C06-secondary-100,secondary,S5,original,C,LR,S5-LR-D,DIR,yes,False,bowl_identity_not_followable_both_bowls_moved,,yes,,,,,,,
S5-C06-secondary-100,secondary,S5,original,C,LR,S5-LR-I,RF,no,False,bowl_identity_not_followable_both_bowls_moved,,yes,,,,,,,
S5-C06-secondary-100,secondary,S5,original,C,LR,S5-LR-S,TF,yes,False,bowl_identity_not_followable_both_bowls_moved,,yes,,,,,,,
S5-C06-secondary-100,secondary,S5,original,C,RL,S5-RL-D,DIR,yes,False,bowl_identity_not_followable_both_bowls_moved,,yes,,,,,,,
S5-C06-secondary-100,secondary,S5,original,C,RL,S5-RL-I,RF,yes,False,bowl_identity_not_followable_both_bowls_moved,,yes,,,,,,,
S5-C06-secondary-100,secondary,S5,original,C,RL,S5-RL-S,TF,yes,False,bowl_identity_not_followable_both_bowls_moved,,yes,,,,,,,
S5-C06-secondary-50,secondary,S5,original,A,LR,reference_subject,reference_subject,yes,True,,gripper_contact_possible_occlusion,yes,,,,,,,
S5-C06-secondary-50,secondary,S5,original,A,LR,target_subject,target_subject,yes,True,,gripper_contact_possible_occlusion,yes,,,,,,,
S5-C06-secondary-50,secondary,S5,original,A,RL,reference_subject,reference_subject,yes,True,,gripper_contact_possible_occlusion,yes,,,,,,,
S5-C06-secondary-50,secondary,S5,original,A,RL,target_subject,target_subject,yes,True,,gripper_contact_possible_occlusion,yes,,,,,,,
S5-C06-secondary-50,secondary,S5,original,C,LR,S5-LR-D,DIR,yes,False,target_or_reference_in_gripper_contact_final_arrangement_ambiguous,,yes,,,,,,,
S5-C06-secondary-50,secondary,S5,original,C,LR,S5-LR-I,RF,no,False,target_or_reference_in_gripper_contact_final_arrangement_ambiguous,,yes,,,,,,,
S5-C06-secondary-50,secondary,S5,original,C,LR,S5-LR-S,TF,yes,False,target_or_reference_in_gripper_contact_final_arrangement_ambiguous,,yes,,,,,,,
S5-C06-secondary-50,secondary,S5,original,C,RL,S5-RL-D,DIR,yes,False,target_or_reference_in_gripper_contact_final_arrangement_ambiguous,,yes,,,,,,,
S5-C06-secondary-50,secondary,S5,original,C,RL,S5-RL-I,RF,yes,False,target_or_reference_in_gripper_contact_final_arrangement_ambiguous,,yes,,,,,,,
S5-C06-secondary-50,secondary,S5,original,C,RL,S5-RL-S,TF,yes,False,target_or_reference_in_gripper_contact_final_arrangement_ambiguous,,yes,,,,,,,
S5-C07-initial,initial,S5,original,A,LR,reference_subject,reference_subject,no,True,,,no,,,,,,,
S5-C07-initial,initial,S5,original,A,LR,target_subject,target_subject,no,True,,,no,,,,,,,
S5-C07-initial,initial,S5,original,A,RL,reference_subject,reference_subject,no,True,,,no,,,,,,,
S5-C07-initial,initial,S5,original,A,RL,target_subject,target_subject,no,True,,,no,,,,,,,
S5-C07-initial,initial,S5,original,C,LR,S5-LR-D,DIR,no,True,,,no,,,,,,,
S5-C07-initial,initial,S5,original,C,LR,S5-LR-I,RF,no,True,,,no,,,,,,,
S5-C07-initial,initial,S5,original,C,LR,S5-LR-S,TF,no,True,,,no,,,,,,,
S5-C07-initial,initial,S5,original,C,RL,S5-RL-D,DIR,no,True,,,no,,,,,,,
S5-C07-initial,initial,S5,original,C,RL,S5-RL-I,RF,no,True,,,no,,,,,,,
S5-C07-initial,initial,S5,original,C,RL,S5-RL-S,TF,no,True,,,no,,,,,,,
S5-C07-secondary-100,secondary,S5,original,A,LR,reference_subject,reference_subject,no,False,bowl_identity_not_followable_both_bowls_moved,,yes,,,,,,,
S5-C07-secondary-100,secondary,S5,original,A,LR,target_subject,target_subject,no,False,bowl_identity_not_followable_both_bowls_moved,,yes,,,,,,,
S5-C07-secondary-100,secondary,S5,original,A,RL,reference_subject,reference_subject,no,False,bowl_identity_not_followable_both_bowls_moved,,yes,,,,,,,
S5-C07-secondary-100,secondary,S5,original,A,RL,target_subject,target_subject,no,False,bowl_identity_not_followable_both_bowls_moved,,yes,,,,,,,
S5-C07-secondary-100,secondary,S5,original,C,LR,S5-LR-D,DIR,no,False,bowl_identity_not_followable_both_bowls_moved,,yes,,,,,,,
S5-C07-secondary-100,secondary,S5,original,C,LR,S5-LR-I,RF,no,False,bowl_identity_not_followable_both_bowls_moved,,yes,,,,,,,
S5-C07-secondary-100,secondary,S5,original,C,LR,S5-LR-S,TF,no,False,bowl_identity_not_followable_both_bowls_moved,,yes,,,,,,,
S5-C07-secondary-100,secondary,S5,original,C,RL,S5-RL-D,DIR,no,False,bowl_identity_not_followable_both_bowls_moved,,yes,,,,,,,
S5-C07-secondary-100,secondary,S5,original,C,RL,S5-RL-I,RF,no,False,bowl_identity_not_followable_both_bowls_moved,,yes,,,,,,,
S5-C07-secondary-100,secondary,S5,original,C,RL,S5-RL-S,TF,no,False,bowl_identity_not_followable_both_bowls_moved,,yes,,,,,,,
S5-C07-secondary-50,secondary,S5,original,A,LR,reference_subject,reference_subject,no,False,bowl_identity_not_followable_both_bowls_moved,,yes,,,,,,,
S5-C07-secondary-50,secondary,S5,original,A,LR,target_subject,target_subject,no,False,bowl_identity_not_followable_both_bowls_moved,,yes,,,,,,,
S5-C07-secondary-50,secondary,S5,original,A,RL,reference_subject,reference_subject,no,False,bowl_identity_not_followable_both_bowls_moved,,yes,,,,,,,
S5-C07-secondary-50,secondary,S5,original,A,RL,target_subject,target_subject,no,False,bowl_identity_not_followable_both_bowls_moved,,yes,,,,,,,
S5-C07-secondary-50,secondary,S5,original,C,LR,S5-LR-D,DIR,no,False,bowl_identity_not_followable_both_bowls_moved,,yes,,,,,,,
S5-C07-secondary-50,secondary,S5,original,C,LR,S5-LR-I,RF,no,False,bowl_identity_not_followable_both_bowls_moved,,yes,,,,,,,
S5-C07-secondary-50,secondary,S5,original,C,LR,S5-LR-S,TF,no,False,bowl_identity_not_followable_both_bowls_moved,,yes,,,,,,,
S5-C07-secondary-50,secondary,S5,original,C,RL,S5-RL-D,DIR,no,False,bowl_identity_not_followable_both_bowls_moved,,yes,,,,,,,
S5-C07-secondary-50,secondary,S5,original,C,RL,S5-RL-I,RF,no,False,bowl_identity_not_followable_both_bowls_moved,,yes,,,,,,,
S5-C07-secondary-50,secondary,S5,original,C,RL,S5-RL-S,TF,no,False,bowl_identity_not_followable_both_bowls_moved,,yes,,,,,,,
S5-C08-initial,initial,S5,original,A,LR,reference_subject,reference_subject,no,True,,,no,,,,,,,
S5-C08-initial,initial,S5,original,A,LR,target_subject,target_subject,no,True,,,no,,,,,,,
S5-C08-initial,initial,S5,original,A,RL,reference_subject,reference_subject,no,True,,,no,,,,,,,
S5-C08-initial,initial,S5,original,A,RL,target_subject,target_subject,no,True,,,no,,,,,,,
S5-C08-initial,initial,S5,original,C,LR,S5-LR-D,DIR,no,True,,,no,,,,,,,
S5-C08-initial,initial,S5,original,C,LR,S5-LR-I,RF,no,True,,,no,,,,,,,
S5-C08-initial,initial,S5,original,C,LR,S5-LR-S,TF,no,True,,,no,,,,,,,
S5-C08-initial,initial,S5,original,C,RL,S5-RL-D,DIR,no,True,,,no,,,,,,,
S5-C08-initial,initial,S5,original,C,RL,S5-RL-I,RF,no,True,,,no,,,,,,,
S5-C08-initial,initial,S5,original,C,RL,S5-RL-S,TF,no,True,,,no,,,,,,,
S5-C08-secondary-100,secondary,S5,original,A,LR,reference_subject,reference_subject,no,True,,,yes,,,,,,,
S5-C08-secondary-100,secondary,S5,original,A,LR,target_subject,target_subject,no,True,,,yes,,,,,,,
S5-C08-secondary-100,secondary,S5,original,A,RL,reference_subject,reference_subject,no,True,,,yes,,,,,,,
S5-C08-secondary-100,secondary,S5,original,A,RL,target_subject,target_subject,no,True,,,yes,,,,,,,
S5-C08-secondary-100,secondary,S5,original,C,LR,S5-LR-D,DIR,no,True,,,yes,,,,,,,
S5-C08-secondary-100,secondary,S5,original,C,LR,S5-LR-I,RF,no,True,,,yes,,,,,,,
S5-C08-secondary-100,secondary,S5,original,C,LR,S5-LR-S,TF,no,True,,,yes,,,,,,,
S5-C08-secondary-100,secondary,S5,original,C,RL,S5-RL-D,DIR,no,True,,,yes,,,,,,,
S5-C08-secondary-100,secondary,S5,original,C,RL,S5-RL-I,RF,no,True,,,yes,,,,,,,
S5-C08-secondary-100,secondary,S5,original,C,RL,S5-RL-S,TF,no,True,,,yes,,,,,,,
S5-C08-secondary-50,secondary,S5,original,A,LR,reference_subject,reference_subject,no,True,,,yes,,,,,,,
S5-C08-secondary-50,secondary,S5,original,A,LR,target_subject,target_subject,no,True,,,yes,,,,,,,
S5-C08-secondary-50,secondary,S5,original,A,RL,reference_subject,reference_subject,no,True,,,yes,,,,,,,
S5-C08-secondary-50,secondary,S5,original,A,RL,target_subject,target_subject,no,True,,,yes,,,,,,,
S5-C08-secondary-50,secondary,S5,original,C,LR,S5-LR-D,DIR,no,True,,,yes,,,,,,,
S5-C08-secondary-50,secondary,S5,original,C,LR,S5-LR-I,RF,no,True,,,yes,,,,,,,
S5-C08-secondary-50,secondary,S5,original,C,LR,S5-LR-S,TF,no,True,,,yes,,,,,,,
S5-C08-secondary-50,secondary,S5,original,C,RL,S5-RL-D,DIR,no,True,,,yes,,,,,,,
S5-C08-secondary-50,secondary,S5,original,C,RL,S5-RL-I,RF,no,True,,,yes,,,,,,,
S5-C08-secondary-50,secondary,S5,original,C,RL,S5-RL-S,TF,no,True,,,yes,,,,,,,
