metric,estimate,ci_low,ci_high,n_units,raw_correct,raw_n,support,status
E3-base/initial/main_S1_S3_S4/A_accuracy,0.7135416666666666,0.6545138888888888,0.7586805555555555,156,115.0,156,,
E3-base/initial/main_S1_S3_S4/A_pairs/accuracy_target_subject,0.6909722222222223,0.625,0.75,78,,,,
E3-base/initial/main_S1_S3_S4/A_pairs/accuracy_reference_subject,0.736111111111111,0.673611111111111,0.7777777777777777,78,,,,
E3-base/initial/main_S1_S3_S4/A_pairs/gap,-0.04513888888888889,-0.10416666666666667,0.010416666666666666,78,,,,
E3-base/initial/main_S1_S3_S4/A_pairs/both_correct,0.670138888888889,0.5902777777777778,0.7395833333333334,78,,,,
E3-base/initial/main_S1_S3_S4/A_pairs/disagreement,0.08680555555555554,0.03472222222222222,0.1423611111111111,78,,,,
E3-base/initial/main_S1_S3_S4/A_balanced/recall_yes,0.6041666666666666,,,,27.0,,44,
E3-base/initial/main_S1_S3_S4/A_balanced/recall_no,0.7638888888888888,,,,88.0,,112,
E3-base/initial/main_S1_S3_S4/A_balanced/balanced_accuracy,0.6840277777777777,0.6163194444444444,0.7326388888888888,,,,,
E3-base/initial/main_S1_S3_S4/C_accuracy_all_forms,0.6979166666666666,0.6944444444444443,0.704861111111111,234,169.0,234,,
E3-base/initial/main_S1_S3_S4/C_accuracy_DIR,0.6944444444444443,0.6944444444444443,0.6944444444444443,78,56.0,78,,
E3-base/initial/main_S1_S3_S4/C_balanced_DIR/recall_yes,0.0,,,,0.0,,22,
E3-base/initial/main_S1_S3_S4/C_balanced_DIR/recall_no,1.0,,,,56.0,,56,
E3-base/initial/main_S1_S3_S4/C_balanced_DIR/balanced_accuracy,0.5,0.5,0.5,,,,,
E3-base/initial/main_S1_S3_S4/C_accuracy_TF,0.704861111111111,0.6944444444444443,0.7256944444444443,78,57.0,78,,
E3-base/initial/main_S1_S3_S4/C_balanced_TF/recall_yes,0.041666666666666664,,,,1.0,,22,
E3-base/initial/main_S1_S3_S4/C_balanced_TF/recall_no,1.0,,,,56.0,,56,
E3-base/initial/main_S1_S3_S4/C_balanced_TF/balanced_accuracy,0.5208333333333334,0.5,0.5625,,,,,
E3-base/initial/main_S1_S3_S4/C_accuracy_RF,0.6944444444444443,0.6944444444444443,0.6944444444444443,78,56.0,78,,
E3-base/initial/main_S1_S3_S4/C_balanced_RF/recall_yes,0.0,,,,0.0,,22,
E3-base/initial/main_S1_S3_S4/C_balanced_RF/recall_no,1.0,,,,56.0,,56,
E3-base/initial/main_S1_S3_S4/C_balanced_RF/balanced_accuracy,0.5,0.5,0.5,,,,,
E3-base/initial/main_S1_S3_S4/C_balanced_all_forms/recall_yes,0.013888888888888888,,,,1.0,,66,
E3-base/initial/main_S1_S3_S4/C_balanced_all_forms/recall_no,1.0,,,,168.0,,168,
E3-base/initial/main_S1_S3_S4/C_balanced_all_forms/balanced_accuracy,0.5069444444444444,0.5,0.5208333333333334,,,,,
E3-base/initial/main_S1_S3_S4/C_TF_RF/accuracy_TF,0.704861111111111,0.6944444444444443,0.7256944444444443,78,,,,
E3-base/initial/main_S1_S3_S4/C_TF_RF/accuracy_RF,0.6944444444444443,0.6944444444444443,0.6944444444444443,78,,,,
E3-base/initial/main_S1_S3_S4/C_TF_RF/gap,0.010416666666666666,0.0,0.03125,78,,,,
E3-base/initial/main_S1_S3_S4/C_TF_RF/both_correct,0.6944444444444443,0.6944444444444443,0.6944444444444443,78,,,,
E3-base/initial/main_S1_S3_S4/C_TF_RF/disagreement,0.010416666666666666,0.0,0.03125,78,,,,
E3-base/initial/main_S1_S3_S4/C_DIR_TF/accuracy_DIR,0.6944444444444443,0.6944444444444443,0.6944444444444443,78,,,,
E3-base/initial/main_S1_S3_S4/C_DIR_TF/accuracy_TF,0.704861111111111,0.6944444444444443,0.7256944444444443,78,,,,
E3-base/initial/main_S1_S3_S4/C_DIR_TF/gap,-0.010416666666666666,-0.03125,0.0,78,,,,
E3-base/initial/main_S1_S3_S4/C_DIR_TF/both_correct,0.6944444444444443,0.6944444444444443,0.6944444444444443,78,,,,
E3-base/initial/main_S1_S3_S4/C_DIR_TF/disagreement,0.010416666666666666,0.0,0.03125,78,,,,
E3-base/initial/main_S1_S3_S4/C_DIR_RF/accuracy_DIR,0.6944444444444443,0.6944444444444443,0.6944444444444443,78,,,,
E3-base/initial/main_S1_S3_S4/C_DIR_RF/accuracy_RF,0.6944444444444443,0.6944444444444443,0.6944444444444443,78,,,,
E3-base/initial/main_S1_S3_S4/C_DIR_RF/gap,0.0,0.0,0.0,78,,,,
E3-base/initial/main_S1_S3_S4/C_DIR_RF/both_correct,0.6944444444444443,0.6944444444444443,0.6944444444444443,78,,,,
E3-base/initial/main_S1_S3_S4/C_DIR_RF/disagreement,0.0,0.0,0.0,78,,,,
E3-base/initial/main_S1_S3_S4/C_TF_RF_all_geometry_sensitivity/accuracy_TF,0.704861111111111,0.6944444444444443,0.7256944444444443,80,,,,
E3-base/initial/main_S1_S3_S4/C_TF_RF_all_geometry_sensitivity/accuracy_RF,0.6944444444444443,0.6944444444444443,0.6944444444444443,80,,,,
E3-base/initial/main_S1_S3_S4/C_TF_RF_all_geometry_sensitivity/gap,0.010416666666666666,0.0,0.03125,80,,,,
E3-base/initial/main_S1_S3_S4/C_TF_RF_all_geometry_sensitivity/both_correct,0.6944444444444443,0.6944444444444443,0.6944444444444443,80,,,,
E3-base/initial/main_S1_S3_S4/C_TF_RF_all_geometry_sensitivity/disagreement,0.010416666666666666,0.0,0.03125,80,,,,
E3-base/initial/main_S1_S3_S4/A_pairs_all_geometry_sensitivity/accuracy_target_subject,0.704861111111111,0.6458333333333334,0.7534722222222222,80,,,,
E3-base/initial/main_S1_S3_S4/A_pairs_all_geometry_sensitivity/accuracy_reference_subject,0.7222222222222222,0.6493055555555555,0.7777777777777777,80,,,,
E3-base/initial/main_S1_S3_S4/A_pairs_all_geometry_sensitivity/gap,-0.01736111111111111,-0.06597222222222222,0.02777777777777778,80,,,,
E3-base/initial/main_S1_S3_S4/A_pairs_all_geometry_sensitivity/both_correct,0.65625,0.5659722222222222,0.7326388888888888,80,,,,
E3-base/initial/main_S1_S3_S4/A_pairs_all_geometry_sensitivity/disagreement,0.11458333333333333,0.041666666666666664,0.20138888888888887,80,,,,
E3-base/initial/main_S1_S3_S4/B_image_tuple_accuracy,0.024305555555555556,0.006944444444444444,0.04513888888888889,240,7.0,240,,
E3-base/initial/main_S1_S3_S4/B_image_target_accuracy,0.060185185185185175,0.03935185185185185,0.08217592592592592,240,15.0,240,,
E3-base/initial/main_S1_S3_S4/B_image_reference_accuracy,0.060185185185185175,0.03935185185185185,0.08217592592592592,240,15.0,240,,
E3-base/initial/main_S1_S3_S4/B_image_relation_accuracy,0.024305555555555556,0.006944444444444444,0.04513888888888889,240,7.0,240,,
E3-base/initial/main_S1_S3_S4/B_image_tuple_accuracy_DIR,0.010416666666666666,0.0,0.03125,80,1.0,80,,
E3-base/initial/main_S1_S3_S4/B_image_tuple_accuracy_TF,0.0625,0.020833333333333332,0.10416666666666667,80,6.0,80,,
E3-base/initial/main_S1_S3_S4/B_image_tuple_accuracy_RF,0.0,0.0,0.0,80,0.0,80,,
E3-base/initial/main_S1_S3_S4/B_image_TF_RF/accuracy_TF,0.0625,0.020833333333333332,0.10416666666666667,80,,,,
E3-base/initial/main_S1_S3_S4/B_image_TF_RF/accuracy_RF,0.0,0.0,0.0,80,,,,
E3-base/initial/main_S1_S3_S4/B_image_TF_RF/gap,0.0625,0.020833333333333332,0.10416666666666667,80,,,,
E3-base/initial/main_S1_S3_S4/B_image_TF_RF/both_correct,0.0,0.0,0.0,80,,,,
E3-base/initial/main_S1_S3_S4/B_image_TF_RF/disagreement,0.07291666666666667,0.03125,0.11458333333333333,80,,,,
E3-base/initial/main_S1_S3_S4/B_image_DIR_TF/accuracy_DIR,0.010416666666666666,0.0,0.03125,80,,,,
E3-base/initial/main_S1_S3_S4/B_image_DIR_TF/accuracy_TF,0.0625,0.020833333333333332,0.10416666666666667,80,,,,
E3-base/initial/main_S1_S3_S4/B_image_DIR_TF/gap,-0.052083333333333336,-0.07291666666666667,-0.020833333333333332,80,,,,
E3-base/initial/main_S1_S3_S4/B_image_DIR_TF/both_correct,0.010416666666666666,0.0,0.03125,80,,,,
E3-base/initial/main_S1_S3_S4/B_image_DIR_TF/disagreement,0.14930555555555555,0.11111111111111112,0.18402777777777776,80,,,,
E3-base/initial/main_S1_S3_S4/placement_B_image/accuracy_reference_early,0.0,0.0,0.0,64,,,,
E3-base/initial/main_S1_S3_S4/placement_B_image/accuracy_reference_late,0.0,0.0,0.0,64,,,,
E3-base/initial/main_S1_S3_S4/placement_B_image/gap,0.0,0.0,0.0,64,,,,
E3-base/initial/main_S1_S3_S4/placement_B_image/both_correct,0.0,0.0,0.0,64,,,,
E3-base/initial/main_S1_S3_S4/placement_B_image/disagreement,0.0,0.0,0.0,64,,,,
E3-base/initial/main_S1_S3_S4/placement_C_image/accuracy_reference_early,0.59375,0.5833333333333334,0.6145833333333334,62,,,,
E3-base/initial/main_S1_S3_S4/placement_C_image/accuracy_reference_late,0.6458333333333334,0.6145833333333334,0.6666666666666666,62,,,,
E3-base/initial/main_S1_S3_S4/placement_C_image/gap,-0.052083333333333336,-0.07291666666666667,-0.020833333333333332,62,,,,
E3-base/initial/main_S1_S3_S4/placement_C_image/both_correct,0.59375,0.5833333333333334,0.6145833333333334,62,,,,
E3-base/initial/main_S1_S3_S4/placement_C_image/disagreement,0.052083333333333336,0.020833333333333332,0.07291666666666667,62,,,,
E3-base/initial/main_S1_S3_S4/placement_C_image_accuracy,0.6197916666666666,0.6041666666666666,0.6354166666666666,124,87.0,124,,
E3-base/initial/main_S1_S3_S4/C_no_image_reuse_accuracy,0.6203703703703702,0.6203703703703702,0.6203703703703702,234,152.0,234,,
E3-base/initial/main_S1_S3_S4/C_no_image_reuse_TF_RF/accuracy_TF,0.6944444444444443,0.6944444444444443,0.6944444444444443,78,,,,
E3-base/initial/main_S1_S3_S4/C_no_image_reuse_TF_RF/accuracy_RF,0.6944444444444443,0.6944444444444443,0.6944444444444443,78,,,,
E3-base/initial/main_S1_S3_S4/C_no_image_reuse_TF_RF/gap,0.0,0.0,0.0,78,,,,
E3-base/initial/main_S1_S3_S4/C_no_image_reuse_TF_RF/both_correct,0.6944444444444443,0.6944444444444443,0.6944444444444443,78,,,,
E3-base/initial/main_S1_S3_S4/C_no_image_reuse_TF_RF/disagreement,0.0,0.0,0.0,78,,,,
E3-base/initial/main_S1_S3_S4/C_no_image_reuse_balanced/recall_yes,0.0,,,,0.0,,66,
E3-base/initial/main_S1_S3_S4/C_no_image_reuse_balanced/recall_no,0.8888888888888888,,,,152.0,,168,
E3-base/initial/main_S1_S3_S4/C_no_image_reuse_balanced/balanced_accuracy,0.4444444444444444,0.4444444444444444,0.4444444444444444,,,,,
E3-base/initial/S5/A_accuracy,0.84375,0.78125,0.9375,32,27.0,32,,
E3-base/initial/S5/A_pairs/accuracy_target_subject,0.6875,0.5625,0.875,16,,,,
E3-base/initial/S5/A_pairs/accuracy_reference_subject,1.0,1.0,1.0,16,,,,
E3-base/initial/S5/A_pairs/gap,-0.3125,-0.4375,-0.125,16,,,,
E3-base/initial/S5/A_pairs/both_correct,0.6875,0.5625,0.875,16,,,,
E3-base/initial/S5/A_pairs/disagreement,0.3125,0.125,0.4375,16,,,,
E3-base/initial/S5/A_balanced/recall_yes,,,,,0.0,,0,
E3-base/initial/S5/A_balanced/recall_no,0.84375,,,,27.0,,32,
E3-base/initial/S5/A_balanced/balanced_accuracy,,,,,,,,undefined_one_class_absent
E3-base/initial/S5/C_accuracy_all_forms,1.0,1.0,1.0,48,48.0,48,,
E3-base/initial/S5/C_accuracy_DIR,1.0,1.0,1.0,16,16.0,16,,
E3-base/initial/S5/C_balanced_DIR/recall_yes,,,,,0.0,,0,
E3-base/initial/S5/C_balanced_DIR/recall_no,1.0,,,,16.0,,16,
E3-base/initial/S5/C_balanced_DIR/balanced_accuracy,,,,,,,,undefined_one_class_absent
E3-base/initial/S5/C_accuracy_TF,1.0,1.0,1.0,16,16.0,16,,
E3-base/initial/S5/C_balanced_TF/recall_yes,,,,,0.0,,0,
E3-base/initial/S5/C_balanced_TF/recall_no,1.0,,,,16.0,,16,
E3-base/initial/S5/C_balanced_TF/balanced_accuracy,,,,,,,,undefined_one_class_absent
E3-base/initial/S5/C_accuracy_RF,1.0,1.0,1.0,16,16.0,16,,
E3-base/initial/S5/C_balanced_RF/recall_yes,,,,,0.0,,0,
E3-base/initial/S5/C_balanced_RF/recall_no,1.0,,,,16.0,,16,
E3-base/initial/S5/C_balanced_RF/balanced_accuracy,,,,,,,,undefined_one_class_absent
E3-base/initial/S5/C_balanced_all_forms/recall_yes,,,,,0.0,,0,
E3-base/initial/S5/C_balanced_all_forms/recall_no,1.0,,,,48.0,,48,
E3-base/initial/S5/C_balanced_all_forms/balanced_accuracy,,,,,,,,undefined_one_class_absent
E3-base/initial/S5/C_TF_RF/accuracy_TF,1.0,1.0,1.0,16,,,,
E3-base/initial/S5/C_TF_RF/accuracy_RF,1.0,1.0,1.0,16,,,,
E3-base/initial/S5/C_TF_RF/gap,0.0,0.0,0.0,16,,,,
E3-base/initial/S5/C_TF_RF/both_correct,1.0,1.0,1.0,16,,,,
E3-base/initial/S5/C_TF_RF/disagreement,0.0,0.0,0.0,16,,,,
E3-base/initial/S5/C_DIR_TF/accuracy_DIR,1.0,1.0,1.0,16,,,,
E3-base/initial/S5/C_DIR_TF/accuracy_TF,1.0,1.0,1.0,16,,,,
E3-base/initial/S5/C_DIR_TF/gap,0.0,0.0,0.0,16,,,,
E3-base/initial/S5/C_DIR_TF/both_correct,1.0,1.0,1.0,16,,,,
E3-base/initial/S5/C_DIR_TF/disagreement,0.0,0.0,0.0,16,,,,
E3-base/initial/S5/C_DIR_RF/accuracy_DIR,1.0,1.0,1.0,16,,,,
E3-base/initial/S5/C_DIR_RF/accuracy_RF,1.0,1.0,1.0,16,,,,
E3-base/initial/S5/C_DIR_RF/gap,0.0,0.0,0.0,16,,,,
E3-base/initial/S5/C_DIR_RF/both_correct,1.0,1.0,1.0,16,,,,
E3-base/initial/S5/C_DIR_RF/disagreement,0.0,0.0,0.0,16,,,,
E3-base/initial/S5/C_TF_RF_all_geometry_sensitivity/accuracy_TF,1.0,1.0,1.0,16,,,,
E3-base/initial/S5/C_TF_RF_all_geometry_sensitivity/accuracy_RF,1.0,1.0,1.0,16,,,,
E3-base/initial/S5/C_TF_RF_all_geometry_sensitivity/gap,0.0,0.0,0.0,16,,,,
E3-base/initial/S5/C_TF_RF_all_geometry_sensitivity/both_correct,1.0,1.0,1.0,16,,,,
E3-base/initial/S5/C_TF_RF_all_geometry_sensitivity/disagreement,0.0,0.0,0.0,16,,,,
E3-base/initial/S5/A_pairs_all_geometry_sensitivity/accuracy_target_subject,0.6875,0.5625,0.875,16,,,,
E3-base/initial/S5/A_pairs_all_geometry_sensitivity/accuracy_reference_subject,1.0,1.0,1.0,16,,,,
E3-base/initial/S5/A_pairs_all_geometry_sensitivity/gap,-0.3125,-0.4375,-0.125,16,,,,
E3-base/initial/S5/A_pairs_all_geometry_sensitivity/both_correct,0.6875,0.5625,0.875,16,,,,
E3-base/initial/S5/A_pairs_all_geometry_sensitivity/disagreement,0.3125,0.125,0.4375,16,,,,
E3-base/initial/S5/B_image_tuple_accuracy,0.0625,0.020833333333333332,0.125,48,3.0,48,,
E3-base/initial/S5/B_image_target_accuracy,0.14583333333333331,0.0625,0.22916666666666666,48,7.0,48,,
E3-base/initial/S5/B_image_reference_accuracy,0.14583333333333331,0.0625,0.22916666666666666,48,7.0,48,,
E3-base/initial/S5/B_image_relation_accuracy,0.0625,0.020833333333333332,0.125,48,3.0,48,,
E3-base/initial/S5/B_image_tuple_accuracy_DIR,0.0,0.0,0.0,16,0.0,16,,
E3-base/initial/S5/B_image_tuple_accuracy_TF,0.1875,0.0625,0.375,16,3.0,16,,
E3-base/initial/S5/B_image_tuple_accuracy_RF,0.0,0.0,0.0,16,0.0,16,,
E3-base/initial/S5/B_image_TF_RF/accuracy_TF,0.1875,0.0625,0.375,16,,,,
E3-base/initial/S5/B_image_TF_RF/accuracy_RF,0.0,0.0,0.0,16,,,,
E3-base/initial/S5/B_image_TF_RF/gap,0.1875,0.0625,0.375,16,,,,
E3-base/initial/S5/B_image_TF_RF/both_correct,0.0,0.0,0.0,16,,,,
E3-base/initial/S5/B_image_TF_RF/disagreement,0.3125,0.0625,0.5625,16,,,,
E3-base/initial/S5/B_image_DIR_TF/accuracy_DIR,0.0,0.0,0.0,16,,,,
E3-base/initial/S5/B_image_DIR_TF/accuracy_TF,0.1875,0.0625,0.375,16,,,,
E3-base/initial/S5/B_image_DIR_TF/gap,-0.1875,-0.375,-0.0625,16,,,,
E3-base/initial/S5/B_image_DIR_TF/both_correct,0.0,0.0,0.0,16,,,,
E3-base/initial/S5/B_image_DIR_TF/disagreement,0.3125,0.125,0.4375,16,,,,
E3-base/initial/S5/C_no_image_reuse_accuracy,1.0,1.0,1.0,48,48.0,48,,
E3-base/initial/S5/C_no_image_reuse_TF_RF/accuracy_TF,1.0,1.0,1.0,16,,,,
E3-base/initial/S5/C_no_image_reuse_TF_RF/accuracy_RF,1.0,1.0,1.0,16,,,,
E3-base/initial/S5/C_no_image_reuse_TF_RF/gap,0.0,0.0,0.0,16,,,,
E3-base/initial/S5/C_no_image_reuse_TF_RF/both_correct,1.0,1.0,1.0,16,,,,
E3-base/initial/S5/C_no_image_reuse_TF_RF/disagreement,0.0,0.0,0.0,16,,,,
E3-base/initial/S5/C_no_image_reuse_balanced/recall_yes,,,,,0.0,,0,
E3-base/initial/S5/C_no_image_reuse_balanced/recall_no,1.0,,,,48.0,,48,
E3-base/initial/S5/C_no_image_reuse_balanced/balanced_accuracy,,,,,,,,undefined_one_class_absent
E3-base/initial/all_scenes/A_accuracy,0.74609375,0.6979166666666667,0.7864583333333333,188,142.0,188,,
E3-base/initial/all_scenes/A_pairs/accuracy_target_subject,0.6901041666666667,0.6276041666666666,0.75,94,,,,
E3-base/initial/all_scenes/A_pairs/accuracy_reference_subject,0.8020833333333333,0.7552083333333333,0.8333333333333333,94,,,,
E3-base/initial/all_scenes/A_pairs/gap,-0.11197916666666666,-0.171875,-0.05208333333333333,94,,,,
E3-base/initial/all_scenes/A_pairs/both_correct,0.6744791666666667,0.6041666666666666,0.7395833333333334,94,,,,
E3-base/initial/all_scenes/A_pairs/disagreement,0.14322916666666666,0.0859375,0.20052083333333331,94,,,,
E3-base/initial/all_scenes/A_balanced/recall_yes,0.6041666666666666,,,,27.0,,44,
E3-base/initial/all_scenes/A_balanced/recall_no,0.7838541666666666,,,,115.0,,144,
E3-base/initial/all_scenes/A_balanced/balanced_accuracy,0.6940104166666666,0.6315104166666667,0.7395833333333333,,,,,
E3-base/initial/all_scenes/C_accuracy_all_forms,0.7734375,0.7708333333333333,0.7786458333333333,282,217.0,282,,
E3-base/initial/all_scenes/C_accuracy_DIR,0.7708333333333333,0.7708333333333333,0.7708333333333333,94,72.0,94,,
E3-base/initial/all_scenes/C_balanced_DIR/recall_yes,0.0,,,,0.0,,22,
E3-base/initial/all_scenes/C_balanced_DIR/recall_no,1.0,,,,72.0,,72,
E3-base/initial/all_scenes/C_balanced_DIR/balanced_accuracy,0.5,0.5,0.5,,,,,
E3-base/initial/all_scenes/C_accuracy_TF,0.7786458333333333,0.7708333333333333,0.7942708333333333,94,73.0,94,,
E3-base/initial/all_scenes/C_balanced_TF/recall_yes,0.041666666666666664,,,,1.0,,22,
E3-base/initial/all_scenes/C_balanced_TF/recall_no,1.0,,,,72.0,,72,
E3-base/initial/all_scenes/C_balanced_TF/balanced_accuracy,0.5208333333333334,0.5,0.5625,,,,,
E3-base/initial/all_scenes/C_accuracy_RF,0.7708333333333333,0.7708333333333333,0.7708333333333333,94,72.0,94,,
E3-base/initial/all_scenes/C_balanced_RF/recall_yes,0.0,,,,0.0,,22,
E3-base/initial/all_scenes/C_balanced_RF/recall_no,1.0,,,,72.0,,72,
E3-base/initial/all_scenes/C_balanced_RF/balanced_accuracy,0.5,0.5,0.5,,,,,
E3-base/initial/all_scenes/C_balanced_all_forms/recall_yes,0.013888888888888888,,,,1.0,,66,
E3-base/initial/all_scenes/C_balanced_all_forms/recall_no,1.0,,,,216.0,,216,
E3-base/initial/all_scenes/C_balanced_all_forms/balanced_accuracy,0.5069444444444444,0.5,0.5208333333333334,,,,,
E3-base/initial/all_scenes/C_TF_RF/accuracy_TF,0.7786458333333333,0.7708333333333333,0.7942708333333333,94,,,,
E3-base/initial/all_scenes/C_TF_RF/accuracy_RF,0.7708333333333333,0.7708333333333333,0.7708333333333333,94,,,,
E3-base/initial/all_scenes/C_TF_RF/gap,0.0078125,0.0,0.0234375,94,,,,
E3-base/initial/all_scenes/C_TF_RF/both_correct,0.7708333333333333,0.7708333333333333,0.7708333333333333,94,,,,
E3-base/initial/all_scenes/C_TF_RF/disagreement,0.0078125,0.0,0.0234375,94,,,,
E3-base/initial/all_scenes/C_DIR_TF/accuracy_DIR,0.7708333333333333,0.7708333333333333,0.7708333333333333,94,,,,
E3-base/initial/all_scenes/C_DIR_TF/accuracy_TF,0.7786458333333333,0.7708333333333333,0.7942708333333333,94,,,,
E3-base/initial/all_scenes/C_DIR_TF/gap,-0.0078125,-0.0234375,0.0,94,,,,
E3-base/initial/all_scenes/C_DIR_TF/both_correct,0.7708333333333333,0.7708333333333333,0.7708333333333333,94,,,,
E3-base/initial/all_scenes/C_DIR_TF/disagreement,0.0078125,0.0,0.0234375,94,,,,
E3-base/initial/all_scenes/C_DIR_RF/accuracy_DIR,0.7708333333333333,0.7708333333333333,0.7708333333333333,94,,,,
E3-base/initial/all_scenes/C_DIR_RF/accuracy_RF,0.7708333333333333,0.7708333333333333,0.7708333333333333,94,,,,
E3-base/initial/all_scenes/C_DIR_RF/gap,0.0,0.0,0.0,94,,,,
E3-base/initial/all_scenes/C_DIR_RF/both_correct,0.7708333333333333,0.7708333333333333,0.7708333333333333,94,,,,
E3-base/initial/all_scenes/C_DIR_RF/disagreement,0.0,0.0,0.0,94,,,,
E3-base/initial/all_scenes/C_TF_RF_all_geometry_sensitivity/accuracy_TF,0.7786458333333333,0.7708333333333333,0.7942708333333333,96,,,,
E3-base/initial/all_scenes/C_TF_RF_all_geometry_sensitivity/accuracy_RF,0.7708333333333333,0.7708333333333333,0.7708333333333333,96,,,,
E3-base/initial/all_scenes/C_TF_RF_all_geometry_sensitivity/gap,0.0078125,0.0,0.0234375,96,,,,
E3-base/initial/all_scenes/C_TF_RF_all_geometry_sensitivity/both_correct,0.7708333333333333,0.7708333333333333,0.7708333333333333,96,,,,
E3-base/initial/all_scenes/C_TF_RF_all_geometry_sensitivity/disagreement,0.0078125,0.0,0.0234375,96,,,,
E3-base/initial/all_scenes/A_pairs_all_geometry_sensitivity/accuracy_target_subject,0.7005208333333333,0.6432291666666666,0.7578125,96,,,,
E3-base/initial/all_scenes/A_pairs_all_geometry_sensitivity/accuracy_reference_subject,0.7916666666666666,0.7369791666666666,0.8333333333333333,96,,,,
E3-base/initial/all_scenes/A_pairs_all_geometry_sensitivity/gap,-0.09114583333333333,-0.14583333333333334,-0.03645833333333333,96,,,,
E3-base/initial/all_scenes/A_pairs_all_geometry_sensitivity/both_correct,0.6640625,0.5859375,0.7369791666666666,96,,,,
E3-base/initial/all_scenes/A_pairs_all_geometry_sensitivity/disagreement,0.1640625,0.09375,0.23958333333333331,96,,,,
E3-base/initial/all_scenes/B_image_tuple_accuracy,0.03385416666666667,0.015625,0.0546875,288,10.0,288,,
E3-base/initial/all_scenes/B_image_target_accuracy,0.08159722222222221,0.0546875,0.10937499999999999,288,22.0,288,,
E3-base/initial/all_scenes/B_image_reference_accuracy,0.08159722222222221,0.0546875,0.10937499999999999,288,22.0,288,,
E3-base/initial/all_scenes/B_image_relation_accuracy,0.03385416666666667,0.015625,0.0546875,288,10.0,288,,
E3-base/initial/all_scenes/B_image_tuple_accuracy_DIR,0.0078125,0.0,0.0234375,96,1.0,96,,
E3-base/initial/all_scenes/B_image_tuple_accuracy_TF,0.09375,0.046875,0.1484375,96,9.0,96,,
E3-base/initial/all_scenes/B_image_tuple_accuracy_RF,0.0,0.0,0.0,96,0.0,96,,
E3-base/initial/all_scenes/B_image_TF_RF/accuracy_TF,0.09375,0.046875,0.1484375,96,,,,
E3-base/initial/all_scenes/B_image_TF_RF/accuracy_RF,0.0,0.0,0.0,96,,,,
E3-base/initial/all_scenes/B_image_TF_RF/gap,0.09375,0.046875,0.1484375,96,,,,
E3-base/initial/all_scenes/B_image_TF_RF/both_correct,0.0,0.0,0.0,96,,,,
E3-base/initial/all_scenes/B_image_TF_RF/disagreement,0.1328125,0.0703125,0.203125,96,,,,
E3-base/initial/all_scenes/B_image_DIR_TF/accuracy_DIR,0.0078125,0.0,0.0234375,96,,,,
E3-base/initial/all_scenes/B_image_DIR_TF/accuracy_TF,0.09375,0.046875,0.1484375,96,,,,
E3-base/initial/all_scenes/B_image_DIR_TF/gap,-0.0859375,-0.1328125,-0.0390625,96,,,,
E3-base/initial/all_scenes/B_image_DIR_TF/both_correct,0.0078125,0.0,0.0234375,96,,,,
E3-base/initial/all_scenes/B_image_DIR_TF/disagreement,0.19010416666666669,0.13802083333333334,0.23958333333333331,96,,,,
E3-base/initial/all_scenes/placement_B_image/accuracy_reference_early,0.0,0.0,0.0,64,,,,
E3-base/initial/all_scenes/placement_B_image/accuracy_reference_late,0.0,0.0,0.0,64,,,,
E3-base/initial/all_scenes/placement_B_image/gap,0.0,0.0,0.0,64,,,,
E3-base/initial/all_scenes/placement_B_image/both_correct,0.0,0.0,0.0,64,,,,
E3-base/initial/all_scenes/placement_B_image/disagreement,0.0,0.0,0.0,64,,,,
E3-base/initial/all_scenes/placement_C_image/accuracy_reference_early,0.59375,0.5833333333333334,0.6145833333333334,62,,,,
E3-base/initial/all_scenes/placement_C_image/accuracy_reference_late,0.6458333333333334,0.6145833333333334,0.6666666666666666,62,,,,
E3-base/initial/all_scenes/placement_C_image/gap,-0.052083333333333336,-0.07291666666666667,-0.020833333333333332,62,,,,
E3-base/initial/all_scenes/placement_C_image/both_correct,0.59375,0.5833333333333334,0.6145833333333334,62,,,,
E3-base/initial/all_scenes/placement_C_image/disagreement,0.052083333333333336,0.020833333333333332,0.07291666666666667,62,,,,
E3-base/initial/all_scenes/placement_C_image_accuracy,0.6197916666666666,0.6041666666666666,0.6354166666666666,124,87.0,124,,
E3-base/initial/all_scenes/C_no_image_reuse_accuracy,0.7152777777777777,0.7152777777777777,0.7152777777777777,282,200.0,282,,
E3-base/initial/all_scenes/C_no_image_reuse_TF_RF/accuracy_TF,0.7708333333333333,0.7708333333333333,0.7708333333333333,94,,,,
E3-base/initial/all_scenes/C_no_image_reuse_TF_RF/accuracy_RF,0.7708333333333333,0.7708333333333333,0.7708333333333333,94,,,,
E3-base/initial/all_scenes/C_no_image_reuse_TF_RF/gap,0.0,0.0,0.0,94,,,,
E3-base/initial/all_scenes/C_no_image_reuse_TF_RF/both_correct,0.7708333333333333,0.7708333333333333,0.7708333333333333,94,,,,
E3-base/initial/all_scenes/C_no_image_reuse_TF_RF/disagreement,0.0,0.0,0.0,94,,,,
E3-base/initial/all_scenes/C_no_image_reuse_balanced/recall_yes,0.0,,,,0.0,,66,
E3-base/initial/all_scenes/C_no_image_reuse_balanced/recall_no,0.9166666666666666,,,,200.0,,216,
E3-base/initial/all_scenes/C_no_image_reuse_balanced/balanced_accuracy,0.4583333333333333,0.4583333333333333,0.4583333333333333,,,,,
E3-base/initial/all_scenes_intended_goal_sensitivity/C_TF_RF/accuracy_TF,0.7786458333333333,0.7708333333333333,0.7942708333333333,94,,,,
E3-base/initial/all_scenes_intended_goal_sensitivity/C_TF_RF/accuracy_RF,0.7708333333333333,0.7708333333333333,0.7708333333333333,94,,,,
E3-base/initial/all_scenes_intended_goal_sensitivity/C_TF_RF/gap,0.0078125,0.0,0.0234375,94,,,,
E3-base/initial/all_scenes_intended_goal_sensitivity/C_TF_RF/both_correct,0.7708333333333333,0.7708333333333333,0.7708333333333333,94,,,,
E3-base/initial/all_scenes_intended_goal_sensitivity/C_TF_RF/disagreement,0.0078125,0.0,0.0234375,94,,,,
E3-base/secondary/main_S1_S3_S4/A_accuracy,0.5286458333333334,0.46382998511904766,0.5941251240079365,306,165.0,306,,
E3-base/secondary/main_S1_S3_S4/A_pairs/accuracy_target_subject,0.4502314814814814,0.38168816137566136,0.5188554067460317,153,,,,
E3-base/secondary/main_S1_S3_S4/A_pairs/accuracy_reference_subject,0.6070601851851852,0.5190145502645503,0.6973379629629629,153,,,,
E3-base/secondary/main_S1_S3_S4/A_pairs/gap,-0.1568287037037037,-0.24826388888888887,-0.06770213293650802,153,,,,
E3-base/secondary/main_S1_S3_S4/A_pairs/both_correct,0.3900462962962963,0.3276269014550265,0.452629794973545,153,,,,
E3-base/secondary/main_S1_S3_S4/A_pairs/disagreement,0.27719907407407407,0.19328703703703706,0.3670138888888889,153,,,,
E3-base/secondary/main_S1_S3_S4/A_balanced/recall_yes,0.6145833333333334,,,,46.0,,76,
E3-base/secondary/main_S1_S3_S4/A_balanced/recall_no,0.4860697751322751,,,,119.0,,230,
E3-base/secondary/main_S1_S3_S4/A_balanced/balanced_accuracy,0.5503265542328042,0.43330594824735447,0.6444862971230159,,,,,
E3-base/secondary/main_S1_S3_S4/C_accuracy_all_forms,0.7469907407407407,0.7030423280423279,0.7972271825396824,360,272.0,360,,
E3-base/secondary/main_S1_S3_S4/C_accuracy_DIR,0.7302083333333332,0.6722147817460317,0.7862929894179893,120,90.0,120,,
E3-base/secondary/main_S1_S3_S4/C_balanced_DIR/recall_yes,0.018518518518518517,,,,2.0,,30,
E3-base/secondary/main_S1_S3_S4/C_balanced_DIR/recall_no,0.9755291005291006,,,,88.0,,90,
E3-base/secondary/main_S1_S3_S4/C_balanced_DIR/balanced_accuracy,0.49702380952380953,0.4761904761904762,0.5338541666666666,,,,,
E3-base/secondary/main_S1_S3_S4/C_accuracy_TF,0.7672453703703703,0.7137512400793651,0.8322991071428572,120,92.0,120,,
E3-base/secondary/main_S1_S3_S4/C_balanced_TF/recall_yes,0.10185185185185186,,,,3.0,,30,
E3-base/secondary/main_S1_S3_S4/C_balanced_TF/recall_no,0.9940476190476191,,,,89.0,,90,
E3-base/secondary/main_S1_S3_S4/C_balanced_TF/balanced_accuracy,0.5479497354497355,0.5,0.6115364583333321,,,,,
E3-base/secondary/main_S1_S3_S4/C_accuracy_RF,0.7435185185185184,0.6997354497354497,0.7923280423280423,120,90.0,120,,
E3-base/secondary/main_S1_S3_S4/C_balanced_RF/recall_yes,0.0,,,,0.0,,30,
E3-base/secondary/main_S1_S3_S4/C_balanced_RF/recall_no,1.0,,,,90.0,,90,
E3-base/secondary/main_S1_S3_S4/C_balanced_RF/balanced_accuracy,0.5,0.5,0.5,,,,,
E3-base/secondary/main_S1_S3_S4/C_balanced_all_forms/recall_yes,0.040123456790123455,,,,5.0,,90,
E3-base/secondary/main_S1_S3_S4/C_balanced_all_forms/recall_no,0.9898589065255732,,,,267.0,,270,
E3-base/secondary/main_S1_S3_S4/C_balanced_all_forms/balanced_accuracy,0.5149911816578483,0.5,0.5430059523809522,,,,,
E3-base/secondary/main_S1_S3_S4/C_TF_RF/accuracy_TF,0.7672453703703703,0.7137512400793651,0.8322991071428572,120,,,,
E3-base/secondary/main_S1_S3_S4/C_TF_RF/accuracy_RF,0.7435185185185184,0.6997354497354497,0.7923280423280423,120,,,,
E3-base/secondary/main_S1_S3_S4/C_TF_RF/gap,0.02372685185185185,0.0,0.06597222222222222,120,,,,
E3-base/secondary/main_S1_S3_S4/C_TF_RF/both_correct,0.7383101851851851,0.6944444444444443,0.7896825396825397,120,,,,
E3-base/secondary/main_S1_S3_S4/C_TF_RF/disagreement,0.03414351851851852,0.0,0.08391203703703703,120,,,,
E3-base/secondary/main_S1_S3_S4/C_DIR_TF/accuracy_DIR,0.7302083333333332,0.6722147817460317,0.7862929894179893,120,,,,
E3-base/secondary/main_S1_S3_S4/C_DIR_TF/accuracy_TF,0.7672453703703703,0.7137512400793651,0.8322991071428572,120,,,,
E3-base/secondary/main_S1_S3_S4/C_DIR_TF/gap,-0.037037037037037035,-0.1111111111111111,0.0,120,,,,
E3-base/secondary/main_S1_S3_S4/C_DIR_TF/both_correct,0.7302083333333332,0.6722147817460317,0.7862929894179893,120,,,,
E3-base/secondary/main_S1_S3_S4/C_DIR_TF/disagreement,0.037037037037037035,0.0,0.1111111111111111,120,,,,
E3-base/secondary/main_S1_S3_S4/C_DIR_RF/accuracy_DIR,0.7302083333333332,0.6722147817460317,0.7862929894179893,120,,,,
E3-base/secondary/main_S1_S3_S4/C_DIR_RF/accuracy_RF,0.7435185185185184,0.6997354497354497,0.7923280423280423,120,,,,
E3-base/secondary/main_S1_S3_S4/C_DIR_RF/gap,-0.013310185185185184,-0.05555555555555555,0.01223958333333207,120,,,,
E3-base/secondary/main_S1_S3_S4/C_DIR_RF/both_correct,0.7197916666666666,0.6614583333333334,0.7759288194444445,120,,,,
E3-base/secondary/main_S1_S3_S4/C_DIR_RF/disagreement,0.03414351851851852,0.0,0.08391203703703703,120,,,,
E3-base/secondary/main_S1_S3_S4/C_TF_RF_all_geometry_sensitivity/accuracy_TF,0.7598379629629629,0.7135416666666666,0.8159722222222223,125,,,,
E3-base/secondary/main_S1_S3_S4/C_TF_RF_all_geometry_sensitivity/accuracy_RF,0.736111111111111,0.7083333333333334,0.7777777777777777,125,,,,
E3-base/secondary/main_S1_S3_S4/C_TF_RF_all_geometry_sensitivity/gap,0.02372685185185185,0.0,0.06597222222222222,125,,,,
E3-base/secondary/main_S1_S3_S4/C_TF_RF_all_geometry_sensitivity/both_correct,0.7309027777777777,0.6944444444444443,0.7725694444444443,125,,,,
E3-base/secondary/main_S1_S3_S4/C_TF_RF_all_geometry_sensitivity/disagreement,0.03414351851851852,0.0,0.08391203703703703,125,,,,
E3-base/secondary/main_S1_S3_S4/A_pairs_all_geometry_sensitivity/accuracy_target_subject,0.4548611111111111,0.3836805555555556,0.5243055555555555,160,,,,
E3-base/secondary/main_S1_S3_S4/A_pairs_all_geometry_sensitivity/accuracy_reference_subject,0.609375,0.5173611111111112,0.6996527777777778,160,,,,
E3-base/secondary/main_S1_S3_S4/A_pairs_all_geometry_sensitivity/gap,-0.15451388888888887,-0.25,-0.057291666666666664,160,,,,
E3-base/secondary/main_S1_S3_S4/A_pairs_all_geometry_sensitivity/both_correct,0.3923611111111111,0.3298611111111111,0.453125,160,,,,
E3-base/secondary/main_S1_S3_S4/A_pairs_all_geometry_sensitivity/disagreement,0.2795138888888889,0.20312499999999997,0.36111111111111116,160,,,,
E3-base/secondary/S5/A_accuracy,0.7142857142857143,0.3333333333333333,1.0,52,40.0,52,,
E3-base/secondary/S5/A_pairs/accuracy_target_subject,0.7142857142857143,0.3333333333333333,1.0,26,,,,
E3-base/secondary/S5/A_pairs/accuracy_reference_subject,0.7142857142857143,0.3333333333333333,1.0,26,,,,
E3-base/secondary/S5/A_pairs/gap,0.0,0.0,0.0,26,,,,
E3-base/secondary/S5/A_pairs/both_correct,0.7142857142857143,0.3333333333333333,1.0,26,,,,
E3-base/secondary/S5/A_pairs/disagreement,0.0,0.0,0.0,26,,,,
E3-base/secondary/S5/A_balanced/recall_yes,0.0,,,,0.0,,12,
E3-base/secondary/S5/A_balanced/recall_no,1.0,,,,40.0,,40,
E3-base/secondary/S5/A_balanced/balanced_accuracy,0.5,0.5,0.5,,,,,
E3-base/secondary/S5/C_accuracy_all_forms,0.8611111111111112,0.5833333333333333,1.0,54,44.0,54,,
E3-base/secondary/S5/C_accuracy_DIR,0.8333333333333334,0.5,1.0,18,14.0,18,,
E3-base/secondary/S5/C_balanced_DIR/recall_yes,0.0,,,,0.0,,4,
E3-base/secondary/S5/C_balanced_DIR/recall_no,1.0,,,,14.0,,14,
E3-base/secondary/S5/C_balanced_DIR/balanced_accuracy,0.5,0.5,0.5,,,,,
E3-base/secondary/S5/C_accuracy_TF,0.8333333333333334,0.5,1.0,18,14.0,18,,
E3-base/secondary/S5/C_balanced_TF/recall_yes,0.0,,,,0.0,,4,
E3-base/secondary/S5/C_balanced_TF/recall_no,1.0,,,,14.0,,14,
E3-base/secondary/S5/C_balanced_TF/balanced_accuracy,0.5,0.5,0.5,,,,,
E3-base/secondary/S5/C_accuracy_RF,0.9166666666666667,0.75,1.0,18,16.0,18,,
E3-base/secondary/S5/C_balanced_RF/recall_yes,0.0,,,,0.0,,2,
E3-base/secondary/S5/C_balanced_RF/recall_no,1.0,,,,16.0,,16,
E3-base/secondary/S5/C_balanced_RF/balanced_accuracy,0.5,0.5,0.5,,,,,
E3-base/secondary/S5/C_balanced_all_forms/recall_yes,0.0,,,,0.0,,10,
E3-base/secondary/S5/C_balanced_all_forms/recall_no,1.0,,,,44.0,,44,
E3-base/secondary/S5/C_balanced_all_forms/balanced_accuracy,0.5,0.5,0.5,,,,,
E3-base/secondary/S5/C_TF_RF/accuracy_TF,0.8333333333333334,0.5,1.0,18,,,,
E3-base/secondary/S5/C_TF_RF/accuracy_RF,0.9166666666666667,0.75,1.0,18,,,,
E3-base/secondary/S5/C_TF_RF/gap,-0.08333333333333333,-0.25,0.0,18,,,,
E3-base/secondary/S5/C_TF_RF/both_correct,0.8333333333333334,0.5,1.0,18,,,,
E3-base/secondary/S5/C_TF_RF/disagreement,0.0,0.0,0.0,18,,,,
E3-base/secondary/S5/C_DIR_TF/accuracy_DIR,0.8333333333333334,0.5,1.0,18,,,,
E3-base/secondary/S5/C_DIR_TF/accuracy_TF,0.8333333333333334,0.5,1.0,18,,,,
E3-base/secondary/S5/C_DIR_TF/gap,0.0,0.0,0.0,18,,,,
E3-base/secondary/S5/C_DIR_TF/both_correct,0.8333333333333334,0.5,1.0,18,,,,
E3-base/secondary/S5/C_DIR_TF/disagreement,0.0,0.0,0.0,18,,,,
E3-base/secondary/S5/C_DIR_RF/accuracy_DIR,0.8333333333333334,0.5,1.0,18,,,,
E3-base/secondary/S5/C_DIR_RF/accuracy_RF,0.9166666666666667,0.75,1.0,18,,,,
E3-base/secondary/S5/C_DIR_RF/gap,-0.08333333333333333,-0.25,0.0,18,,,,
E3-base/secondary/S5/C_DIR_RF/both_correct,0.8333333333333334,0.5,1.0,18,,,,
E3-base/secondary/S5/C_DIR_RF/disagreement,0.0,0.0,0.0,18,,,,
E3-base/secondary/S5/C_TF_RF_all_geometry_sensitivity/accuracy_TF,0.8333333333333334,0.5,1.0,18,,,,
E3-base/secondary/S5/C_TF_RF_all_geometry_sensitivity/accuracy_RF,0.9166666666666667,0.75,1.0,18,,,,
E3-base/secondary/S5/C_TF_RF_all_geometry_sensitivity/gap,-0.08333333333333333,-0.25,0.0,18,,,,
E3-base/secondary/S5/C_TF_RF_all_geometry_sensitivity/both_correct,0.8333333333333334,0.5,1.0,18,,,,
E3-base/secondary/S5/C_TF_RF_all_geometry_sensitivity/disagreement,0.0,0.0,0.0,18,,,,
E3-base/secondary/S5/A_pairs_all_geometry_sensitivity/accuracy_target_subject,0.7142857142857143,0.3333333333333333,1.0,26,,,,
E3-base/secondary/S5/A_pairs_all_geometry_sensitivity/accuracy_reference_subject,0.7142857142857143,0.3333333333333333,1.0,26,,,,
E3-base/secondary/S5/A_pairs_all_geometry_sensitivity/gap,0.0,0.0,0.0,26,,,,
E3-base/secondary/S5/A_pairs_all_geometry_sensitivity/both_correct,0.7142857142857143,0.3333333333333333,1.0,26,,,,
E3-base/secondary/S5/A_pairs_all_geometry_sensitivity/disagreement,0.0,0.0,0.0,26,,,,
E3-base/secondary/all_scenes/A_accuracy,0.5750558035714286,0.47172541542658736,0.664808872767857,358,205.0,358,,
E3-base/secondary/all_scenes/A_pairs/accuracy_target_subject,0.5162450396825397,0.41052827380952384,0.609202628968254,179,,,,
E3-base/secondary/all_scenes/A_pairs/accuracy_reference_subject,0.6338665674603174,0.5221354166666667,0.7345610119047619,179,,,,
E3-base/secondary/all_scenes/A_pairs/gap,-0.11762152777777776,-0.18619791666666666,-0.05077659970238101,179,,,,
E3-base/secondary/all_scenes/A_pairs/both_correct,0.4711061507936508,0.3692940848214286,0.5599609375,179,,,,
E3-base/secondary/all_scenes/A_pairs/disagreement,0.20789930555555555,0.1449652777777778,0.2752604166666667,179,,,,
E3-base/secondary/all_scenes/A_balanced/recall_yes,0.4609375,,,,46.0,,88,
E3-base/secondary/all_scenes/A_balanced/recall_no,0.6145523313492063,,,,159.0,,270,
E3-base/secondary/all_scenes/A_balanced/balanced_accuracy,0.5377449156746031,0.4514838324652778,0.608172123015873,,,,,
E3-base/secondary/all_scenes/C_accuracy_all_forms,0.7755208333333333,0.6949404761904763,0.8368061755952381,414,316.0,414,,
E3-base/secondary/all_scenes/C_accuracy_DIR,0.7559895833333333,0.6592261904761905,0.8289434523809524,138,104.0,138,,
E3-base/secondary/all_scenes/C_balanced_DIR/recall_yes,0.013888888888888888,,,,2.0,,34,
E3-base/secondary/all_scenes/C_balanced_DIR/recall_no,0.9816468253968255,,,,102.0,,104,
E3-base/secondary/all_scenes/C_balanced_DIR/balanced_accuracy,0.49776785714285715,0.4819196428571429,0.525390625,,,,,
E3-base/secondary/all_scenes/C_accuracy_TF,0.7837673611111111,0.6866418650793651,0.860814422123016,138,106.0,138,,
E3-base/secondary/all_scenes/C_balanced_TF/recall_yes,0.0763888888888889,,,,3.0,,34,
E3-base/secondary/all_scenes/C_balanced_TF/recall_no,0.9955357142857143,,,,103.0,,104,
E3-base/secondary/all_scenes/C_balanced_TF/balanced_accuracy,0.5359623015873016,0.5,0.5859375,,,,,
E3-base/secondary/all_scenes/C_accuracy_RF,0.7868055555555555,0.7336309523809523,0.8348263888888888,138,106.0,138,,
E3-base/secondary/all_scenes/C_balanced_RF/recall_yes,0.0,,,,0.0,,32,
E3-base/secondary/all_scenes/C_balanced_RF/recall_no,1.0,,,,106.0,,106,
E3-base/secondary/all_scenes/C_balanced_RF/balanced_accuracy,0.5,0.5,0.5,,,,,
E3-base/secondary/all_scenes/C_balanced_all_forms/recall_yes,0.03009259259259259,,,,5.0,,100,
E3-base/secondary/all_scenes/C_balanced_all_forms/recall_no,0.9923941798941799,,,,311.0,,314,
E3-base/secondary/all_scenes/C_balanced_all_forms/balanced_accuracy,0.5112433862433863,0.5,0.5324032738095238,,,,,
E3-base/secondary/all_scenes/C_TF_RF/accuracy_TF,0.7837673611111111,0.6866418650793651,0.860814422123016,138,,,,
E3-base/secondary/all_scenes/C_TF_RF/accuracy_RF,0.7868055555555555,0.7336309523809523,0.8348263888888888,138,,,,
E3-base/secondary/all_scenes/C_TF_RF/gap,-0.003038194444444444,-0.05357142857142857,0.04114583333333333,138,,,,
E3-base/secondary/all_scenes/C_TF_RF/both_correct,0.7620659722222222,0.6685689484126984,0.8303571428571428,138,,,,
E3-base/secondary/all_scenes/C_TF_RF/disagreement,0.025607638888888888,0.0,0.06293402777777778,138,,,,
E3-base/secondary/all_scenes/C_DIR_TF/accuracy_DIR,0.7559895833333333,0.6592261904761905,0.8289434523809524,138,,,,
E3-base/secondary/all_scenes/C_DIR_TF/accuracy_TF,0.7837673611111111,0.6866418650793651,0.860814422123016,138,,,,
E3-base/secondary/all_scenes/C_DIR_TF/gap,-0.027777777777777776,-0.08333333333333333,0.0,138,,,,
E3-base/secondary/all_scenes/C_DIR_TF/both_correct,0.7559895833333333,0.6592261904761905,0.8289434523809524,138,,,,
E3-base/secondary/all_scenes/C_DIR_TF/disagreement,0.027777777777777776,0.0,0.08333333333333333,138,,,,
E3-base/secondary/all_scenes/C_DIR_RF/accuracy_DIR,0.7559895833333333,0.6592261904761905,0.8289434523809524,138,,,,
E3-base/secondary/all_scenes/C_DIR_RF/accuracy_RF,0.7868055555555555,0.7336309523809523,0.8348263888888888,138,,,,
E3-base/secondary/all_scenes/C_DIR_RF/gap,-0.03081597222222222,-0.08333333333333334,0.0078125,138,,,,
E3-base/secondary/all_scenes/C_DIR_RF/both_correct,0.7481770833333333,0.6508537946428572,0.8214285714285714,138,,,,
E3-base/secondary/all_scenes/C_DIR_RF/disagreement,0.025607638888888888,0.0,0.06293402777777778,138,,,,
E3-base/secondary/all_scenes/C_TF_RF_all_geometry_sensitivity/accuracy_TF,0.7782118055555556,0.6809895833333333,0.8491443452380952,143,,,,
E3-base/secondary/all_scenes/C_TF_RF_all_geometry_sensitivity/accuracy_RF,0.78125,0.7291666666666666,0.8229166666666666,143,,,,
E3-base/secondary/all_scenes/C_TF_RF_all_geometry_sensitivity/gap,-0.003038194444444444,-0.05357142857142857,0.04114583333333333,143,,,,
E3-base/secondary/all_scenes/C_TF_RF_all_geometry_sensitivity/both_correct,0.7565104166666666,0.6627604166666666,0.8190104166666666,143,,,,
E3-base/secondary/all_scenes/C_TF_RF_all_geometry_sensitivity/disagreement,0.025607638888888888,0.0,0.06293402777777778,143,,,,
E3-base/secondary/all_scenes/A_pairs_all_geometry_sensitivity/accuracy_target_subject,0.5197172619047619,0.4153645833333333,0.61328125,186,,,,
E3-base/secondary/all_scenes/A_pairs_all_geometry_sensitivity/accuracy_reference_subject,0.6356026785714286,0.5219494047619048,0.7377232142857143,186,,,,
E3-base/secondary/all_scenes/A_pairs_all_geometry_sensitivity/gap,-0.11588541666666666,-0.1875,-0.04296875,186,,,,
E3-base/secondary/all_scenes/A_pairs_all_geometry_sensitivity/both_correct,0.47284226190476186,0.37109375,0.5611979166666667,186,,,,
E3-base/secondary/all_scenes/A_pairs_all_geometry_sensitivity/disagreement,0.20963541666666666,0.15234374999999997,0.27083333333333337,186,,,,
E3-base/secondary/all_scenes_intended_goal_sensitivity/C_TF_RF/accuracy_TF,0.7837673611111111,0.6866418650793651,0.860814422123016,138,,,,
E3-base/secondary/all_scenes_intended_goal_sensitivity/C_TF_RF/accuracy_RF,0.7659722222222222,0.6718179563492064,0.8338343253968253,138,,,,
E3-base/secondary/all_scenes_intended_goal_sensitivity/C_TF_RF/gap,0.017795138888888888,0.0,0.049479166666666664,138,,,,
E3-base/secondary/all_scenes_intended_goal_sensitivity/C_TF_RF/both_correct,0.7620659722222222,0.6685689484126984,0.8303571428571428,138,,,,
E3-base/secondary/all_scenes_intended_goal_sensitivity/C_TF_RF/disagreement,0.025607638888888888,0.0,0.06293402777777778,138,,,,
E3-policy/initial/main_S1_S3_S4/A_accuracy,0.7135416666666666,0.6545138888888888,0.7586805555555555,156,115.0,156,,
E3-policy/initial/main_S1_S3_S4/A_pairs/accuracy_target_subject,0.6909722222222223,0.625,0.75,78,,,,
E3-policy/initial/main_S1_S3_S4/A_pairs/accuracy_reference_subject,0.736111111111111,0.673611111111111,0.7777777777777777,78,,,,
E3-policy/initial/main_S1_S3_S4/A_pairs/gap,-0.04513888888888889,-0.10416666666666667,0.010416666666666666,78,,,,
E3-policy/initial/main_S1_S3_S4/A_pairs/both_correct,0.670138888888889,0.5902777777777778,0.7395833333333334,78,,,,
E3-policy/initial/main_S1_S3_S4/A_pairs/disagreement,0.08680555555555554,0.03472222222222222,0.1423611111111111,78,,,,
E3-policy/initial/main_S1_S3_S4/A_balanced/recall_yes,0.6041666666666666,,,,27.0,,44,
E3-policy/initial/main_S1_S3_S4/A_balanced/recall_no,0.7638888888888888,,,,88.0,,112,
E3-policy/initial/main_S1_S3_S4/A_balanced/balanced_accuracy,0.6840277777777777,0.6163194444444444,0.7326388888888888,,,,,
E3-policy/initial/main_S1_S3_S4/C_accuracy_all_forms,0.6979166666666666,0.6944444444444443,0.704861111111111,234,169.0,234,,
E3-policy/initial/main_S1_S3_S4/C_accuracy_DIR,0.6944444444444443,0.6944444444444443,0.6944444444444443,78,56.0,78,,
E3-policy/initial/main_S1_S3_S4/C_balanced_DIR/recall_yes,0.0,,,,0.0,,22,
E3-policy/initial/main_S1_S3_S4/C_balanced_DIR/recall_no,1.0,,,,56.0,,56,
E3-policy/initial/main_S1_S3_S4/C_balanced_DIR/balanced_accuracy,0.5,0.5,0.5,,,,,
E3-policy/initial/main_S1_S3_S4/C_accuracy_TF,0.704861111111111,0.6944444444444443,0.7256944444444443,78,57.0,78,,
E3-policy/initial/main_S1_S3_S4/C_balanced_TF/recall_yes,0.041666666666666664,,,,1.0,,22,
E3-policy/initial/main_S1_S3_S4/C_balanced_TF/recall_no,1.0,,,,56.0,,56,
E3-policy/initial/main_S1_S3_S4/C_balanced_TF/balanced_accuracy,0.5208333333333334,0.5,0.5625,,,,,
E3-policy/initial/main_S1_S3_S4/C_accuracy_RF,0.6944444444444443,0.6944444444444443,0.6944444444444443,78,56.0,78,,
E3-policy/initial/main_S1_S3_S4/C_balanced_RF/recall_yes,0.0,,,,0.0,,22,
E3-policy/initial/main_S1_S3_S4/C_balanced_RF/recall_no,1.0,,,,56.0,,56,
E3-policy/initial/main_S1_S3_S4/C_balanced_RF/balanced_accuracy,0.5,0.5,0.5,,,,,
E3-policy/initial/main_S1_S3_S4/C_balanced_all_forms/recall_yes,0.013888888888888888,,,,1.0,,66,
E3-policy/initial/main_S1_S3_S4/C_balanced_all_forms/recall_no,1.0,,,,168.0,,168,
E3-policy/initial/main_S1_S3_S4/C_balanced_all_forms/balanced_accuracy,0.5069444444444444,0.5,0.5208333333333334,,,,,
E3-policy/initial/main_S1_S3_S4/C_TF_RF/accuracy_TF,0.704861111111111,0.6944444444444443,0.7256944444444443,78,,,,
E3-policy/initial/main_S1_S3_S4/C_TF_RF/accuracy_RF,0.6944444444444443,0.6944444444444443,0.6944444444444443,78,,,,
E3-policy/initial/main_S1_S3_S4/C_TF_RF/gap,0.010416666666666666,0.0,0.03125,78,,,,
E3-policy/initial/main_S1_S3_S4/C_TF_RF/both_correct,0.6944444444444443,0.6944444444444443,0.6944444444444443,78,,,,
E3-policy/initial/main_S1_S3_S4/C_TF_RF/disagreement,0.010416666666666666,0.0,0.03125,78,,,,
E3-policy/initial/main_S1_S3_S4/C_DIR_TF/accuracy_DIR,0.6944444444444443,0.6944444444444443,0.6944444444444443,78,,,,
E3-policy/initial/main_S1_S3_S4/C_DIR_TF/accuracy_TF,0.704861111111111,0.6944444444444443,0.7256944444444443,78,,,,
E3-policy/initial/main_S1_S3_S4/C_DIR_TF/gap,-0.010416666666666666,-0.03125,0.0,78,,,,
E3-policy/initial/main_S1_S3_S4/C_DIR_TF/both_correct,0.6944444444444443,0.6944444444444443,0.6944444444444443,78,,,,
E3-policy/initial/main_S1_S3_S4/C_DIR_TF/disagreement,0.010416666666666666,0.0,0.03125,78,,,,
E3-policy/initial/main_S1_S3_S4/C_DIR_RF/accuracy_DIR,0.6944444444444443,0.6944444444444443,0.6944444444444443,78,,,,
E3-policy/initial/main_S1_S3_S4/C_DIR_RF/accuracy_RF,0.6944444444444443,0.6944444444444443,0.6944444444444443,78,,,,
E3-policy/initial/main_S1_S3_S4/C_DIR_RF/gap,0.0,0.0,0.0,78,,,,
E3-policy/initial/main_S1_S3_S4/C_DIR_RF/both_correct,0.6944444444444443,0.6944444444444443,0.6944444444444443,78,,,,
E3-policy/initial/main_S1_S3_S4/C_DIR_RF/disagreement,0.0,0.0,0.0,78,,,,
E3-policy/initial/main_S1_S3_S4/C_TF_RF_all_geometry_sensitivity/accuracy_TF,0.704861111111111,0.6944444444444443,0.7256944444444443,80,,,,
E3-policy/initial/main_S1_S3_S4/C_TF_RF_all_geometry_sensitivity/accuracy_RF,0.6944444444444443,0.6944444444444443,0.6944444444444443,80,,,,
E3-policy/initial/main_S1_S3_S4/C_TF_RF_all_geometry_sensitivity/gap,0.010416666666666666,0.0,0.03125,80,,,,
E3-policy/initial/main_S1_S3_S4/C_TF_RF_all_geometry_sensitivity/both_correct,0.6944444444444443,0.6944444444444443,0.6944444444444443,80,,,,
E3-policy/initial/main_S1_S3_S4/C_TF_RF_all_geometry_sensitivity/disagreement,0.010416666666666666,0.0,0.03125,80,,,,
E3-policy/initial/main_S1_S3_S4/A_pairs_all_geometry_sensitivity/accuracy_target_subject,0.704861111111111,0.6458333333333334,0.7534722222222222,80,,,,
E3-policy/initial/main_S1_S3_S4/A_pairs_all_geometry_sensitivity/accuracy_reference_subject,0.7222222222222222,0.6493055555555555,0.7777777777777777,80,,,,
E3-policy/initial/main_S1_S3_S4/A_pairs_all_geometry_sensitivity/gap,-0.01736111111111111,-0.06597222222222222,0.02777777777777778,80,,,,
E3-policy/initial/main_S1_S3_S4/A_pairs_all_geometry_sensitivity/both_correct,0.65625,0.5659722222222222,0.7326388888888888,80,,,,
E3-policy/initial/main_S1_S3_S4/A_pairs_all_geometry_sensitivity/disagreement,0.11458333333333333,0.041666666666666664,0.20138888888888887,80,,,,
E3-policy/initial/main_S1_S3_S4/B_image_tuple_accuracy,0.024305555555555556,0.006944444444444444,0.04513888888888889,240,7.0,240,,
E3-policy/initial/main_S1_S3_S4/B_image_target_accuracy,0.060185185185185175,0.03935185185185185,0.08217592592592592,240,15.0,240,,
E3-policy/initial/main_S1_S3_S4/B_image_reference_accuracy,0.060185185185185175,0.03935185185185185,0.08217592592592592,240,15.0,240,,
E3-policy/initial/main_S1_S3_S4/B_image_relation_accuracy,0.024305555555555556,0.006944444444444444,0.04513888888888889,240,7.0,240,,
E3-policy/initial/main_S1_S3_S4/B_image_tuple_accuracy_DIR,0.010416666666666666,0.0,0.03125,80,1.0,80,,
E3-policy/initial/main_S1_S3_S4/B_image_tuple_accuracy_TF,0.0625,0.020833333333333332,0.10416666666666667,80,6.0,80,,
E3-policy/initial/main_S1_S3_S4/B_image_tuple_accuracy_RF,0.0,0.0,0.0,80,0.0,80,,
E3-policy/initial/main_S1_S3_S4/B_image_TF_RF/accuracy_TF,0.0625,0.020833333333333332,0.10416666666666667,80,,,,
E3-policy/initial/main_S1_S3_S4/B_image_TF_RF/accuracy_RF,0.0,0.0,0.0,80,,,,
E3-policy/initial/main_S1_S3_S4/B_image_TF_RF/gap,0.0625,0.020833333333333332,0.10416666666666667,80,,,,
E3-policy/initial/main_S1_S3_S4/B_image_TF_RF/both_correct,0.0,0.0,0.0,80,,,,
E3-policy/initial/main_S1_S3_S4/B_image_TF_RF/disagreement,0.07291666666666667,0.03125,0.11458333333333333,80,,,,
E3-policy/initial/main_S1_S3_S4/B_image_DIR_TF/accuracy_DIR,0.010416666666666666,0.0,0.03125,80,,,,
E3-policy/initial/main_S1_S3_S4/B_image_DIR_TF/accuracy_TF,0.0625,0.020833333333333332,0.10416666666666667,80,,,,
E3-policy/initial/main_S1_S3_S4/B_image_DIR_TF/gap,-0.052083333333333336,-0.07291666666666667,-0.020833333333333332,80,,,,
E3-policy/initial/main_S1_S3_S4/B_image_DIR_TF/both_correct,0.010416666666666666,0.0,0.03125,80,,,,
E3-policy/initial/main_S1_S3_S4/B_image_DIR_TF/disagreement,0.14930555555555555,0.11111111111111112,0.18402777777777776,80,,,,
E3-policy/initial/main_S1_S3_S4/placement_B_image/accuracy_reference_early,0.0,0.0,0.0,64,,,,
E3-policy/initial/main_S1_S3_S4/placement_B_image/accuracy_reference_late,0.0,0.0,0.0,64,,,,
E3-policy/initial/main_S1_S3_S4/placement_B_image/gap,0.0,0.0,0.0,64,,,,
E3-policy/initial/main_S1_S3_S4/placement_B_image/both_correct,0.0,0.0,0.0,64,,,,
E3-policy/initial/main_S1_S3_S4/placement_B_image/disagreement,0.0,0.0,0.0,64,,,,
E3-policy/initial/main_S1_S3_S4/placement_C_image/accuracy_reference_early,0.59375,0.5833333333333334,0.6145833333333334,62,,,,
E3-policy/initial/main_S1_S3_S4/placement_C_image/accuracy_reference_late,0.6458333333333334,0.6145833333333334,0.6666666666666666,62,,,,
E3-policy/initial/main_S1_S3_S4/placement_C_image/gap,-0.052083333333333336,-0.07291666666666667,-0.020833333333333332,62,,,,
E3-policy/initial/main_S1_S3_S4/placement_C_image/both_correct,0.59375,0.5833333333333334,0.6145833333333334,62,,,,
E3-policy/initial/main_S1_S3_S4/placement_C_image/disagreement,0.052083333333333336,0.020833333333333332,0.07291666666666667,62,,,,
E3-policy/initial/main_S1_S3_S4/placement_C_image_accuracy,0.6197916666666666,0.6041666666666666,0.6354166666666666,124,87.0,124,,
E3-policy/initial/main_S1_S3_S4/C_no_image_reuse_accuracy,0.6203703703703702,0.6203703703703702,0.6203703703703702,234,152.0,234,,
E3-policy/initial/main_S1_S3_S4/C_no_image_reuse_TF_RF/accuracy_TF,0.6944444444444443,0.6944444444444443,0.6944444444444443,78,,,,
E3-policy/initial/main_S1_S3_S4/C_no_image_reuse_TF_RF/accuracy_RF,0.6944444444444443,0.6944444444444443,0.6944444444444443,78,,,,
E3-policy/initial/main_S1_S3_S4/C_no_image_reuse_TF_RF/gap,0.0,0.0,0.0,78,,,,
E3-policy/initial/main_S1_S3_S4/C_no_image_reuse_TF_RF/both_correct,0.6944444444444443,0.6944444444444443,0.6944444444444443,78,,,,
E3-policy/initial/main_S1_S3_S4/C_no_image_reuse_TF_RF/disagreement,0.0,0.0,0.0,78,,,,
E3-policy/initial/main_S1_S3_S4/C_no_image_reuse_balanced/recall_yes,0.0,,,,0.0,,66,
E3-policy/initial/main_S1_S3_S4/C_no_image_reuse_balanced/recall_no,0.8888888888888888,,,,152.0,,168,
E3-policy/initial/main_S1_S3_S4/C_no_image_reuse_balanced/balanced_accuracy,0.4444444444444444,0.4444444444444444,0.4444444444444444,,,,,
E3-policy/initial/S5/A_accuracy,0.84375,0.78125,0.9375,32,27.0,32,,
E3-policy/initial/S5/A_pairs/accuracy_target_subject,0.6875,0.5625,0.875,16,,,,
E3-policy/initial/S5/A_pairs/accuracy_reference_subject,1.0,1.0,1.0,16,,,,
E3-policy/initial/S5/A_pairs/gap,-0.3125,-0.4375,-0.125,16,,,,
E3-policy/initial/S5/A_pairs/both_correct,0.6875,0.5625,0.875,16,,,,
E3-policy/initial/S5/A_pairs/disagreement,0.3125,0.125,0.4375,16,,,,
E3-policy/initial/S5/A_balanced/recall_yes,,,,,0.0,,0,
E3-policy/initial/S5/A_balanced/recall_no,0.84375,,,,27.0,,32,
E3-policy/initial/S5/A_balanced/balanced_accuracy,,,,,,,,undefined_one_class_absent
E3-policy/initial/S5/C_accuracy_all_forms,1.0,1.0,1.0,48,48.0,48,,
E3-policy/initial/S5/C_accuracy_DIR,1.0,1.0,1.0,16,16.0,16,,
E3-policy/initial/S5/C_balanced_DIR/recall_yes,,,,,0.0,,0,
E3-policy/initial/S5/C_balanced_DIR/recall_no,1.0,,,,16.0,,16,
E3-policy/initial/S5/C_balanced_DIR/balanced_accuracy,,,,,,,,undefined_one_class_absent
E3-policy/initial/S5/C_accuracy_TF,1.0,1.0,1.0,16,16.0,16,,
E3-policy/initial/S5/C_balanced_TF/recall_yes,,,,,0.0,,0,
E3-policy/initial/S5/C_balanced_TF/recall_no,1.0,,,,16.0,,16,
E3-policy/initial/S5/C_balanced_TF/balanced_accuracy,,,,,,,,undefined_one_class_absent
E3-policy/initial/S5/C_accuracy_RF,1.0,1.0,1.0,16,16.0,16,,
E3-policy/initial/S5/C_balanced_RF/recall_yes,,,,,0.0,,0,
E3-policy/initial/S5/C_balanced_RF/recall_no,1.0,,,,16.0,,16,
E3-policy/initial/S5/C_balanced_RF/balanced_accuracy,,,,,,,,undefined_one_class_absent
E3-policy/initial/S5/C_balanced_all_forms/recall_yes,,,,,0.0,,0,
E3-policy/initial/S5/C_balanced_all_forms/recall_no,1.0,,,,48.0,,48,
E3-policy/initial/S5/C_balanced_all_forms/balanced_accuracy,,,,,,,,undefined_one_class_absent
E3-policy/initial/S5/C_TF_RF/accuracy_TF,1.0,1.0,1.0,16,,,,
E3-policy/initial/S5/C_TF_RF/accuracy_RF,1.0,1.0,1.0,16,,,,
E3-policy/initial/S5/C_TF_RF/gap,0.0,0.0,0.0,16,,,,
E3-policy/initial/S5/C_TF_RF/both_correct,1.0,1.0,1.0,16,,,,
E3-policy/initial/S5/C_TF_RF/disagreement,0.0,0.0,0.0,16,,,,
E3-policy/initial/S5/C_DIR_TF/accuracy_DIR,1.0,1.0,1.0,16,,,,
E3-policy/initial/S5/C_DIR_TF/accuracy_TF,1.0,1.0,1.0,16,,,,
E3-policy/initial/S5/C_DIR_TF/gap,0.0,0.0,0.0,16,,,,
E3-policy/initial/S5/C_DIR_TF/both_correct,1.0,1.0,1.0,16,,,,
E3-policy/initial/S5/C_DIR_TF/disagreement,0.0,0.0,0.0,16,,,,
E3-policy/initial/S5/C_DIR_RF/accuracy_DIR,1.0,1.0,1.0,16,,,,
E3-policy/initial/S5/C_DIR_RF/accuracy_RF,1.0,1.0,1.0,16,,,,
E3-policy/initial/S5/C_DIR_RF/gap,0.0,0.0,0.0,16,,,,
E3-policy/initial/S5/C_DIR_RF/both_correct,1.0,1.0,1.0,16,,,,
E3-policy/initial/S5/C_DIR_RF/disagreement,0.0,0.0,0.0,16,,,,
E3-policy/initial/S5/C_TF_RF_all_geometry_sensitivity/accuracy_TF,1.0,1.0,1.0,16,,,,
E3-policy/initial/S5/C_TF_RF_all_geometry_sensitivity/accuracy_RF,1.0,1.0,1.0,16,,,,
E3-policy/initial/S5/C_TF_RF_all_geometry_sensitivity/gap,0.0,0.0,0.0,16,,,,
E3-policy/initial/S5/C_TF_RF_all_geometry_sensitivity/both_correct,1.0,1.0,1.0,16,,,,
E3-policy/initial/S5/C_TF_RF_all_geometry_sensitivity/disagreement,0.0,0.0,0.0,16,,,,
E3-policy/initial/S5/A_pairs_all_geometry_sensitivity/accuracy_target_subject,0.6875,0.5625,0.875,16,,,,
E3-policy/initial/S5/A_pairs_all_geometry_sensitivity/accuracy_reference_subject,1.0,1.0,1.0,16,,,,
E3-policy/initial/S5/A_pairs_all_geometry_sensitivity/gap,-0.3125,-0.4375,-0.125,16,,,,
E3-policy/initial/S5/A_pairs_all_geometry_sensitivity/both_correct,0.6875,0.5625,0.875,16,,,,
E3-policy/initial/S5/A_pairs_all_geometry_sensitivity/disagreement,0.3125,0.125,0.4375,16,,,,
E3-policy/initial/S5/B_image_tuple_accuracy,0.0625,0.020833333333333332,0.125,48,3.0,48,,
E3-policy/initial/S5/B_image_target_accuracy,0.14583333333333331,0.0625,0.22916666666666666,48,7.0,48,,
E3-policy/initial/S5/B_image_reference_accuracy,0.14583333333333331,0.0625,0.22916666666666666,48,7.0,48,,
E3-policy/initial/S5/B_image_relation_accuracy,0.0625,0.020833333333333332,0.125,48,3.0,48,,
E3-policy/initial/S5/B_image_tuple_accuracy_DIR,0.0,0.0,0.0,16,0.0,16,,
E3-policy/initial/S5/B_image_tuple_accuracy_TF,0.1875,0.0625,0.375,16,3.0,16,,
E3-policy/initial/S5/B_image_tuple_accuracy_RF,0.0,0.0,0.0,16,0.0,16,,
E3-policy/initial/S5/B_image_TF_RF/accuracy_TF,0.1875,0.0625,0.375,16,,,,
E3-policy/initial/S5/B_image_TF_RF/accuracy_RF,0.0,0.0,0.0,16,,,,
E3-policy/initial/S5/B_image_TF_RF/gap,0.1875,0.0625,0.375,16,,,,
E3-policy/initial/S5/B_image_TF_RF/both_correct,0.0,0.0,0.0,16,,,,
E3-policy/initial/S5/B_image_TF_RF/disagreement,0.3125,0.0625,0.5625,16,,,,
E3-policy/initial/S5/B_image_DIR_TF/accuracy_DIR,0.0,0.0,0.0,16,,,,
E3-policy/initial/S5/B_image_DIR_TF/accuracy_TF,0.1875,0.0625,0.375,16,,,,
E3-policy/initial/S5/B_image_DIR_TF/gap,-0.1875,-0.375,-0.0625,16,,,,
E3-policy/initial/S5/B_image_DIR_TF/both_correct,0.0,0.0,0.0,16,,,,
E3-policy/initial/S5/B_image_DIR_TF/disagreement,0.3125,0.125,0.4375,16,,,,
E3-policy/initial/S5/C_no_image_reuse_accuracy,1.0,1.0,1.0,48,48.0,48,,
E3-policy/initial/S5/C_no_image_reuse_TF_RF/accuracy_TF,1.0,1.0,1.0,16,,,,
E3-policy/initial/S5/C_no_image_reuse_TF_RF/accuracy_RF,1.0,1.0,1.0,16,,,,
E3-policy/initial/S5/C_no_image_reuse_TF_RF/gap,0.0,0.0,0.0,16,,,,
E3-policy/initial/S5/C_no_image_reuse_TF_RF/both_correct,1.0,1.0,1.0,16,,,,
E3-policy/initial/S5/C_no_image_reuse_TF_RF/disagreement,0.0,0.0,0.0,16,,,,
E3-policy/initial/S5/C_no_image_reuse_balanced/recall_yes,,,,,0.0,,0,
E3-policy/initial/S5/C_no_image_reuse_balanced/recall_no,1.0,,,,48.0,,48,
E3-policy/initial/S5/C_no_image_reuse_balanced/balanced_accuracy,,,,,,,,undefined_one_class_absent
E3-policy/initial/all_scenes/A_accuracy,0.74609375,0.6979166666666667,0.7864583333333333,188,142.0,188,,
E3-policy/initial/all_scenes/A_pairs/accuracy_target_subject,0.6901041666666667,0.6276041666666666,0.75,94,,,,
E3-policy/initial/all_scenes/A_pairs/accuracy_reference_subject,0.8020833333333333,0.7552083333333333,0.8333333333333333,94,,,,
E3-policy/initial/all_scenes/A_pairs/gap,-0.11197916666666666,-0.171875,-0.05208333333333333,94,,,,
E3-policy/initial/all_scenes/A_pairs/both_correct,0.6744791666666667,0.6041666666666666,0.7395833333333334,94,,,,
E3-policy/initial/all_scenes/A_pairs/disagreement,0.14322916666666666,0.0859375,0.20052083333333331,94,,,,
E3-policy/initial/all_scenes/A_balanced/recall_yes,0.6041666666666666,,,,27.0,,44,
E3-policy/initial/all_scenes/A_balanced/recall_no,0.7838541666666666,,,,115.0,,144,
E3-policy/initial/all_scenes/A_balanced/balanced_accuracy,0.6940104166666666,0.6315104166666667,0.7395833333333333,,,,,
E3-policy/initial/all_scenes/C_accuracy_all_forms,0.7734375,0.7708333333333333,0.7786458333333333,282,217.0,282,,
E3-policy/initial/all_scenes/C_accuracy_DIR,0.7708333333333333,0.7708333333333333,0.7708333333333333,94,72.0,94,,
E3-policy/initial/all_scenes/C_balanced_DIR/recall_yes,0.0,,,,0.0,,22,
E3-policy/initial/all_scenes/C_balanced_DIR/recall_no,1.0,,,,72.0,,72,
E3-policy/initial/all_scenes/C_balanced_DIR/balanced_accuracy,0.5,0.5,0.5,,,,,
E3-policy/initial/all_scenes/C_accuracy_TF,0.7786458333333333,0.7708333333333333,0.7942708333333333,94,73.0,94,,
E3-policy/initial/all_scenes/C_balanced_TF/recall_yes,0.041666666666666664,,,,1.0,,22,
E3-policy/initial/all_scenes/C_balanced_TF/recall_no,1.0,,,,72.0,,72,
E3-policy/initial/all_scenes/C_balanced_TF/balanced_accuracy,0.5208333333333334,0.5,0.5625,,,,,
E3-policy/initial/all_scenes/C_accuracy_RF,0.7708333333333333,0.7708333333333333,0.7708333333333333,94,72.0,94,,
E3-policy/initial/all_scenes/C_balanced_RF/recall_yes,0.0,,,,0.0,,22,
E3-policy/initial/all_scenes/C_balanced_RF/recall_no,1.0,,,,72.0,,72,
E3-policy/initial/all_scenes/C_balanced_RF/balanced_accuracy,0.5,0.5,0.5,,,,,
E3-policy/initial/all_scenes/C_balanced_all_forms/recall_yes,0.013888888888888888,,,,1.0,,66,
E3-policy/initial/all_scenes/C_balanced_all_forms/recall_no,1.0,,,,216.0,,216,
E3-policy/initial/all_scenes/C_balanced_all_forms/balanced_accuracy,0.5069444444444444,0.5,0.5208333333333334,,,,,
E3-policy/initial/all_scenes/C_TF_RF/accuracy_TF,0.7786458333333333,0.7708333333333333,0.7942708333333333,94,,,,
E3-policy/initial/all_scenes/C_TF_RF/accuracy_RF,0.7708333333333333,0.7708333333333333,0.7708333333333333,94,,,,
E3-policy/initial/all_scenes/C_TF_RF/gap,0.0078125,0.0,0.0234375,94,,,,
E3-policy/initial/all_scenes/C_TF_RF/both_correct,0.7708333333333333,0.7708333333333333,0.7708333333333333,94,,,,
E3-policy/initial/all_scenes/C_TF_RF/disagreement,0.0078125,0.0,0.0234375,94,,,,
E3-policy/initial/all_scenes/C_DIR_TF/accuracy_DIR,0.7708333333333333,0.7708333333333333,0.7708333333333333,94,,,,
E3-policy/initial/all_scenes/C_DIR_TF/accuracy_TF,0.7786458333333333,0.7708333333333333,0.7942708333333333,94,,,,
E3-policy/initial/all_scenes/C_DIR_TF/gap,-0.0078125,-0.0234375,0.0,94,,,,
E3-policy/initial/all_scenes/C_DIR_TF/both_correct,0.7708333333333333,0.7708333333333333,0.7708333333333333,94,,,,
E3-policy/initial/all_scenes/C_DIR_TF/disagreement,0.0078125,0.0,0.0234375,94,,,,
E3-policy/initial/all_scenes/C_DIR_RF/accuracy_DIR,0.7708333333333333,0.7708333333333333,0.7708333333333333,94,,,,
E3-policy/initial/all_scenes/C_DIR_RF/accuracy_RF,0.7708333333333333,0.7708333333333333,0.7708333333333333,94,,,,
E3-policy/initial/all_scenes/C_DIR_RF/gap,0.0,0.0,0.0,94,,,,
E3-policy/initial/all_scenes/C_DIR_RF/both_correct,0.7708333333333333,0.7708333333333333,0.7708333333333333,94,,,,
E3-policy/initial/all_scenes/C_DIR_RF/disagreement,0.0,0.0,0.0,94,,,,
E3-policy/initial/all_scenes/C_TF_RF_all_geometry_sensitivity/accuracy_TF,0.7786458333333333,0.7708333333333333,0.7942708333333333,96,,,,
E3-policy/initial/all_scenes/C_TF_RF_all_geometry_sensitivity/accuracy_RF,0.7708333333333333,0.7708333333333333,0.7708333333333333,96,,,,
E3-policy/initial/all_scenes/C_TF_RF_all_geometry_sensitivity/gap,0.0078125,0.0,0.0234375,96,,,,
E3-policy/initial/all_scenes/C_TF_RF_all_geometry_sensitivity/both_correct,0.7708333333333333,0.7708333333333333,0.7708333333333333,96,,,,
E3-policy/initial/all_scenes/C_TF_RF_all_geometry_sensitivity/disagreement,0.0078125,0.0,0.0234375,96,,,,
E3-policy/initial/all_scenes/A_pairs_all_geometry_sensitivity/accuracy_target_subject,0.7005208333333333,0.6432291666666666,0.7578125,96,,,,
E3-policy/initial/all_scenes/A_pairs_all_geometry_sensitivity/accuracy_reference_subject,0.7916666666666666,0.7369791666666666,0.8333333333333333,96,,,,
E3-policy/initial/all_scenes/A_pairs_all_geometry_sensitivity/gap,-0.09114583333333333,-0.14583333333333334,-0.03645833333333333,96,,,,
E3-policy/initial/all_scenes/A_pairs_all_geometry_sensitivity/both_correct,0.6640625,0.5859375,0.7369791666666666,96,,,,
E3-policy/initial/all_scenes/A_pairs_all_geometry_sensitivity/disagreement,0.1640625,0.09375,0.23958333333333331,96,,,,
E3-policy/initial/all_scenes/B_image_tuple_accuracy,0.03385416666666667,0.015625,0.0546875,288,10.0,288,,
E3-policy/initial/all_scenes/B_image_target_accuracy,0.08159722222222221,0.0546875,0.10937499999999999,288,22.0,288,,
E3-policy/initial/all_scenes/B_image_reference_accuracy,0.08159722222222221,0.0546875,0.10937499999999999,288,22.0,288,,
E3-policy/initial/all_scenes/B_image_relation_accuracy,0.03385416666666667,0.015625,0.0546875,288,10.0,288,,
E3-policy/initial/all_scenes/B_image_tuple_accuracy_DIR,0.0078125,0.0,0.0234375,96,1.0,96,,
E3-policy/initial/all_scenes/B_image_tuple_accuracy_TF,0.09375,0.046875,0.1484375,96,9.0,96,,
E3-policy/initial/all_scenes/B_image_tuple_accuracy_RF,0.0,0.0,0.0,96,0.0,96,,
E3-policy/initial/all_scenes/B_image_TF_RF/accuracy_TF,0.09375,0.046875,0.1484375,96,,,,
E3-policy/initial/all_scenes/B_image_TF_RF/accuracy_RF,0.0,0.0,0.0,96,,,,
E3-policy/initial/all_scenes/B_image_TF_RF/gap,0.09375,0.046875,0.1484375,96,,,,
E3-policy/initial/all_scenes/B_image_TF_RF/both_correct,0.0,0.0,0.0,96,,,,
E3-policy/initial/all_scenes/B_image_TF_RF/disagreement,0.1328125,0.0703125,0.203125,96,,,,
E3-policy/initial/all_scenes/B_image_DIR_TF/accuracy_DIR,0.0078125,0.0,0.0234375,96,,,,
E3-policy/initial/all_scenes/B_image_DIR_TF/accuracy_TF,0.09375,0.046875,0.1484375,96,,,,
E3-policy/initial/all_scenes/B_image_DIR_TF/gap,-0.0859375,-0.1328125,-0.0390625,96,,,,
E3-policy/initial/all_scenes/B_image_DIR_TF/both_correct,0.0078125,0.0,0.0234375,96,,,,
E3-policy/initial/all_scenes/B_image_DIR_TF/disagreement,0.19010416666666669,0.13802083333333334,0.23958333333333331,96,,,,
E3-policy/initial/all_scenes/placement_B_image/accuracy_reference_early,0.0,0.0,0.0,64,,,,
E3-policy/initial/all_scenes/placement_B_image/accuracy_reference_late,0.0,0.0,0.0,64,,,,
E3-policy/initial/all_scenes/placement_B_image/gap,0.0,0.0,0.0,64,,,,
E3-policy/initial/all_scenes/placement_B_image/both_correct,0.0,0.0,0.0,64,,,,
E3-policy/initial/all_scenes/placement_B_image/disagreement,0.0,0.0,0.0,64,,,,
E3-policy/initial/all_scenes/placement_C_image/accuracy_reference_early,0.59375,0.5833333333333334,0.6145833333333334,62,,,,
E3-policy/initial/all_scenes/placement_C_image/accuracy_reference_late,0.6458333333333334,0.6145833333333334,0.6666666666666666,62,,,,
E3-policy/initial/all_scenes/placement_C_image/gap,-0.052083333333333336,-0.07291666666666667,-0.020833333333333332,62,,,,
E3-policy/initial/all_scenes/placement_C_image/both_correct,0.59375,0.5833333333333334,0.6145833333333334,62,,,,
E3-policy/initial/all_scenes/placement_C_image/disagreement,0.052083333333333336,0.020833333333333332,0.07291666666666667,62,,,,
E3-policy/initial/all_scenes/placement_C_image_accuracy,0.6197916666666666,0.6041666666666666,0.6354166666666666,124,87.0,124,,
E3-policy/initial/all_scenes/C_no_image_reuse_accuracy,0.7152777777777777,0.7152777777777777,0.7152777777777777,282,200.0,282,,
E3-policy/initial/all_scenes/C_no_image_reuse_TF_RF/accuracy_TF,0.7708333333333333,0.7708333333333333,0.7708333333333333,94,,,,
E3-policy/initial/all_scenes/C_no_image_reuse_TF_RF/accuracy_RF,0.7708333333333333,0.7708333333333333,0.7708333333333333,94,,,,
E3-policy/initial/all_scenes/C_no_image_reuse_TF_RF/gap,0.0,0.0,0.0,94,,,,
E3-policy/initial/all_scenes/C_no_image_reuse_TF_RF/both_correct,0.7708333333333333,0.7708333333333333,0.7708333333333333,94,,,,
E3-policy/initial/all_scenes/C_no_image_reuse_TF_RF/disagreement,0.0,0.0,0.0,94,,,,
E3-policy/initial/all_scenes/C_no_image_reuse_balanced/recall_yes,0.0,,,,0.0,,66,
E3-policy/initial/all_scenes/C_no_image_reuse_balanced/recall_no,0.9166666666666666,,,,200.0,,216,
E3-policy/initial/all_scenes/C_no_image_reuse_balanced/balanced_accuracy,0.4583333333333333,0.4583333333333333,0.4583333333333333,,,,,
E3-policy/initial/all_scenes_intended_goal_sensitivity/C_TF_RF/accuracy_TF,0.7786458333333333,0.7708333333333333,0.7942708333333333,94,,,,
E3-policy/initial/all_scenes_intended_goal_sensitivity/C_TF_RF/accuracy_RF,0.7708333333333333,0.7708333333333333,0.7708333333333333,94,,,,
E3-policy/initial/all_scenes_intended_goal_sensitivity/C_TF_RF/gap,0.0078125,0.0,0.0234375,94,,,,
E3-policy/initial/all_scenes_intended_goal_sensitivity/C_TF_RF/both_correct,0.7708333333333333,0.7708333333333333,0.7708333333333333,94,,,,
E3-policy/initial/all_scenes_intended_goal_sensitivity/C_TF_RF/disagreement,0.0078125,0.0,0.0234375,94,,,,
E3-policy/secondary/main_S1_S3_S4/A_accuracy,0.5286458333333334,0.46382998511904766,0.5941251240079365,306,165.0,306,,
E3-policy/secondary/main_S1_S3_S4/A_pairs/accuracy_target_subject,0.4502314814814814,0.38168816137566136,0.5188554067460317,153,,,,
E3-policy/secondary/main_S1_S3_S4/A_pairs/accuracy_reference_subject,0.6070601851851852,0.5190145502645503,0.6973379629629629,153,,,,
E3-policy/secondary/main_S1_S3_S4/A_pairs/gap,-0.1568287037037037,-0.24826388888888887,-0.06770213293650802,153,,,,
E3-policy/secondary/main_S1_S3_S4/A_pairs/both_correct,0.3900462962962963,0.3276269014550265,0.452629794973545,153,,,,
E3-policy/secondary/main_S1_S3_S4/A_pairs/disagreement,0.27719907407407407,0.19328703703703706,0.3670138888888889,153,,,,
E3-policy/secondary/main_S1_S3_S4/A_balanced/recall_yes,0.6145833333333334,,,,46.0,,76,
E3-policy/secondary/main_S1_S3_S4/A_balanced/recall_no,0.4860697751322751,,,,119.0,,230,
E3-policy/secondary/main_S1_S3_S4/A_balanced/balanced_accuracy,0.5503265542328042,0.43330594824735447,0.6444862971230159,,,,,
E3-policy/secondary/main_S1_S3_S4/C_accuracy_all_forms,0.7469907407407407,0.7030423280423279,0.7972271825396824,360,272.0,360,,
E3-policy/secondary/main_S1_S3_S4/C_accuracy_DIR,0.7302083333333332,0.6722147817460317,0.7862929894179893,120,90.0,120,,
E3-policy/secondary/main_S1_S3_S4/C_balanced_DIR/recall_yes,0.018518518518518517,,,,2.0,,30,
E3-policy/secondary/main_S1_S3_S4/C_balanced_DIR/recall_no,0.9755291005291006,,,,88.0,,90,
E3-policy/secondary/main_S1_S3_S4/C_balanced_DIR/balanced_accuracy,0.49702380952380953,0.4761904761904762,0.5338541666666666,,,,,
E3-policy/secondary/main_S1_S3_S4/C_accuracy_TF,0.7672453703703703,0.7137512400793651,0.8322991071428572,120,92.0,120,,
E3-policy/secondary/main_S1_S3_S4/C_balanced_TF/recall_yes,0.10185185185185186,,,,3.0,,30,
E3-policy/secondary/main_S1_S3_S4/C_balanced_TF/recall_no,0.9940476190476191,,,,89.0,,90,
E3-policy/secondary/main_S1_S3_S4/C_balanced_TF/balanced_accuracy,0.5479497354497355,0.5,0.6115364583333321,,,,,
E3-policy/secondary/main_S1_S3_S4/C_accuracy_RF,0.7435185185185184,0.6997354497354497,0.7923280423280423,120,90.0,120,,
E3-policy/secondary/main_S1_S3_S4/C_balanced_RF/recall_yes,0.0,,,,0.0,,30,
E3-policy/secondary/main_S1_S3_S4/C_balanced_RF/recall_no,1.0,,,,90.0,,90,
E3-policy/secondary/main_S1_S3_S4/C_balanced_RF/balanced_accuracy,0.5,0.5,0.5,,,,,
E3-policy/secondary/main_S1_S3_S4/C_balanced_all_forms/recall_yes,0.040123456790123455,,,,5.0,,90,
E3-policy/secondary/main_S1_S3_S4/C_balanced_all_forms/recall_no,0.9898589065255732,,,,267.0,,270,
E3-policy/secondary/main_S1_S3_S4/C_balanced_all_forms/balanced_accuracy,0.5149911816578483,0.5,0.5430059523809522,,,,,
E3-policy/secondary/main_S1_S3_S4/C_TF_RF/accuracy_TF,0.7672453703703703,0.7137512400793651,0.8322991071428572,120,,,,
E3-policy/secondary/main_S1_S3_S4/C_TF_RF/accuracy_RF,0.7435185185185184,0.6997354497354497,0.7923280423280423,120,,,,
E3-policy/secondary/main_S1_S3_S4/C_TF_RF/gap,0.02372685185185185,0.0,0.06597222222222222,120,,,,
E3-policy/secondary/main_S1_S3_S4/C_TF_RF/both_correct,0.7383101851851851,0.6944444444444443,0.7896825396825397,120,,,,
E3-policy/secondary/main_S1_S3_S4/C_TF_RF/disagreement,0.03414351851851852,0.0,0.08391203703703703,120,,,,
E3-policy/secondary/main_S1_S3_S4/C_DIR_TF/accuracy_DIR,0.7302083333333332,0.6722147817460317,0.7862929894179893,120,,,,
E3-policy/secondary/main_S1_S3_S4/C_DIR_TF/accuracy_TF,0.7672453703703703,0.7137512400793651,0.8322991071428572,120,,,,
E3-policy/secondary/main_S1_S3_S4/C_DIR_TF/gap,-0.037037037037037035,-0.1111111111111111,0.0,120,,,,
E3-policy/secondary/main_S1_S3_S4/C_DIR_TF/both_correct,0.7302083333333332,0.6722147817460317,0.7862929894179893,120,,,,
E3-policy/secondary/main_S1_S3_S4/C_DIR_TF/disagreement,0.037037037037037035,0.0,0.1111111111111111,120,,,,
E3-policy/secondary/main_S1_S3_S4/C_DIR_RF/accuracy_DIR,0.7302083333333332,0.6722147817460317,0.7862929894179893,120,,,,
E3-policy/secondary/main_S1_S3_S4/C_DIR_RF/accuracy_RF,0.7435185185185184,0.6997354497354497,0.7923280423280423,120,,,,
E3-policy/secondary/main_S1_S3_S4/C_DIR_RF/gap,-0.013310185185185184,-0.05555555555555555,0.01223958333333207,120,,,,
E3-policy/secondary/main_S1_S3_S4/C_DIR_RF/both_correct,0.7197916666666666,0.6614583333333334,0.7759288194444445,120,,,,
E3-policy/secondary/main_S1_S3_S4/C_DIR_RF/disagreement,0.03414351851851852,0.0,0.08391203703703703,120,,,,
E3-policy/secondary/main_S1_S3_S4/C_TF_RF_all_geometry_sensitivity/accuracy_TF,0.7598379629629629,0.7135416666666666,0.8159722222222223,125,,,,
E3-policy/secondary/main_S1_S3_S4/C_TF_RF_all_geometry_sensitivity/accuracy_RF,0.736111111111111,0.7083333333333334,0.7777777777777777,125,,,,
E3-policy/secondary/main_S1_S3_S4/C_TF_RF_all_geometry_sensitivity/gap,0.02372685185185185,0.0,0.06597222222222222,125,,,,
E3-policy/secondary/main_S1_S3_S4/C_TF_RF_all_geometry_sensitivity/both_correct,0.7309027777777777,0.6944444444444443,0.7725694444444443,125,,,,
E3-policy/secondary/main_S1_S3_S4/C_TF_RF_all_geometry_sensitivity/disagreement,0.03414351851851852,0.0,0.08391203703703703,125,,,,
E3-policy/secondary/main_S1_S3_S4/A_pairs_all_geometry_sensitivity/accuracy_target_subject,0.4548611111111111,0.3836805555555556,0.5243055555555555,160,,,,
E3-policy/secondary/main_S1_S3_S4/A_pairs_all_geometry_sensitivity/accuracy_reference_subject,0.609375,0.5173611111111112,0.6996527777777778,160,,,,
E3-policy/secondary/main_S1_S3_S4/A_pairs_all_geometry_sensitivity/gap,-0.15451388888888887,-0.25,-0.057291666666666664,160,,,,
E3-policy/secondary/main_S1_S3_S4/A_pairs_all_geometry_sensitivity/both_correct,0.3923611111111111,0.3298611111111111,0.453125,160,,,,
E3-policy/secondary/main_S1_S3_S4/A_pairs_all_geometry_sensitivity/disagreement,0.2795138888888889,0.20312499999999997,0.36111111111111116,160,,,,
E3-policy/secondary/S5/A_accuracy,0.7142857142857143,0.3333333333333333,1.0,52,40.0,52,,
E3-policy/secondary/S5/A_pairs/accuracy_target_subject,0.7142857142857143,0.3333333333333333,1.0,26,,,,
E3-policy/secondary/S5/A_pairs/accuracy_reference_subject,0.7142857142857143,0.3333333333333333,1.0,26,,,,
E3-policy/secondary/S5/A_pairs/gap,0.0,0.0,0.0,26,,,,
E3-policy/secondary/S5/A_pairs/both_correct,0.7142857142857143,0.3333333333333333,1.0,26,,,,
E3-policy/secondary/S5/A_pairs/disagreement,0.0,0.0,0.0,26,,,,
E3-policy/secondary/S5/A_balanced/recall_yes,0.0,,,,0.0,,12,
E3-policy/secondary/S5/A_balanced/recall_no,1.0,,,,40.0,,40,
E3-policy/secondary/S5/A_balanced/balanced_accuracy,0.5,0.5,0.5,,,,,
E3-policy/secondary/S5/C_accuracy_all_forms,0.8611111111111112,0.5833333333333333,1.0,54,44.0,54,,
E3-policy/secondary/S5/C_accuracy_DIR,0.8333333333333334,0.5,1.0,18,14.0,18,,
E3-policy/secondary/S5/C_balanced_DIR/recall_yes,0.0,,,,0.0,,4,
E3-policy/secondary/S5/C_balanced_DIR/recall_no,1.0,,,,14.0,,14,
E3-policy/secondary/S5/C_balanced_DIR/balanced_accuracy,0.5,0.5,0.5,,,,,
E3-policy/secondary/S5/C_accuracy_TF,0.8333333333333334,0.5,1.0,18,14.0,18,,
E3-policy/secondary/S5/C_balanced_TF/recall_yes,0.0,,,,0.0,,4,
E3-policy/secondary/S5/C_balanced_TF/recall_no,1.0,,,,14.0,,14,
E3-policy/secondary/S5/C_balanced_TF/balanced_accuracy,0.5,0.5,0.5,,,,,
E3-policy/secondary/S5/C_accuracy_RF,0.9166666666666667,0.75,1.0,18,16.0,18,,
E3-policy/secondary/S5/C_balanced_RF/recall_yes,0.0,,,,0.0,,2,
E3-policy/secondary/S5/C_balanced_RF/recall_no,1.0,,,,16.0,,16,
E3-policy/secondary/S5/C_balanced_RF/balanced_accuracy,0.5,0.5,0.5,,,,,
E3-policy/secondary/S5/C_balanced_all_forms/recall_yes,0.0,,,,0.0,,10,
E3-policy/secondary/S5/C_balanced_all_forms/recall_no,1.0,,,,44.0,,44,
E3-policy/secondary/S5/C_balanced_all_forms/balanced_accuracy,0.5,0.5,0.5,,,,,
E3-policy/secondary/S5/C_TF_RF/accuracy_TF,0.8333333333333334,0.5,1.0,18,,,,
E3-policy/secondary/S5/C_TF_RF/accuracy_RF,0.9166666666666667,0.75,1.0,18,,,,
E3-policy/secondary/S5/C_TF_RF/gap,-0.08333333333333333,-0.25,0.0,18,,,,
E3-policy/secondary/S5/C_TF_RF/both_correct,0.8333333333333334,0.5,1.0,18,,,,
E3-policy/secondary/S5/C_TF_RF/disagreement,0.0,0.0,0.0,18,,,,
E3-policy/secondary/S5/C_DIR_TF/accuracy_DIR,0.8333333333333334,0.5,1.0,18,,,,
E3-policy/secondary/S5/C_DIR_TF/accuracy_TF,0.8333333333333334,0.5,1.0,18,,,,
E3-policy/secondary/S5/C_DIR_TF/gap,0.0,0.0,0.0,18,,,,
E3-policy/secondary/S5/C_DIR_TF/both_correct,0.8333333333333334,0.5,1.0,18,,,,
E3-policy/secondary/S5/C_DIR_TF/disagreement,0.0,0.0,0.0,18,,,,
E3-policy/secondary/S5/C_DIR_RF/accuracy_DIR,0.8333333333333334,0.5,1.0,18,,,,
E3-policy/secondary/S5/C_DIR_RF/accuracy_RF,0.9166666666666667,0.75,1.0,18,,,,
E3-policy/secondary/S5/C_DIR_RF/gap,-0.08333333333333333,-0.25,0.0,18,,,,
E3-policy/secondary/S5/C_DIR_RF/both_correct,0.8333333333333334,0.5,1.0,18,,,,
E3-policy/secondary/S5/C_DIR_RF/disagreement,0.0,0.0,0.0,18,,,,
E3-policy/secondary/S5/C_TF_RF_all_geometry_sensitivity/accuracy_TF,0.8333333333333334,0.5,1.0,18,,,,
E3-policy/secondary/S5/C_TF_RF_all_geometry_sensitivity/accuracy_RF,0.9166666666666667,0.75,1.0,18,,,,
E3-policy/secondary/S5/C_TF_RF_all_geometry_sensitivity/gap,-0.08333333333333333,-0.25,0.0,18,,,,
E3-policy/secondary/S5/C_TF_RF_all_geometry_sensitivity/both_correct,0.8333333333333334,0.5,1.0,18,,,,
E3-policy/secondary/S5/C_TF_RF_all_geometry_sensitivity/disagreement,0.0,0.0,0.0,18,,,,
E3-policy/secondary/S5/A_pairs_all_geometry_sensitivity/accuracy_target_subject,0.7142857142857143,0.3333333333333333,1.0,26,,,,
E3-policy/secondary/S5/A_pairs_all_geometry_sensitivity/accuracy_reference_subject,0.7142857142857143,0.3333333333333333,1.0,26,,,,
E3-policy/secondary/S5/A_pairs_all_geometry_sensitivity/gap,0.0,0.0,0.0,26,,,,
E3-policy/secondary/S5/A_pairs_all_geometry_sensitivity/both_correct,0.7142857142857143,0.3333333333333333,1.0,26,,,,
E3-policy/secondary/S5/A_pairs_all_geometry_sensitivity/disagreement,0.0,0.0,0.0,26,,,,
E3-policy/secondary/all_scenes/A_accuracy,0.5750558035714286,0.47172541542658736,0.664808872767857,358,205.0,358,,
E3-policy/secondary/all_scenes/A_pairs/accuracy_target_subject,0.5162450396825397,0.41052827380952384,0.609202628968254,179,,,,
E3-policy/secondary/all_scenes/A_pairs/accuracy_reference_subject,0.6338665674603174,0.5221354166666667,0.7345610119047619,179,,,,
E3-policy/secondary/all_scenes/A_pairs/gap,-0.11762152777777776,-0.18619791666666666,-0.05077659970238101,179,,,,
E3-policy/secondary/all_scenes/A_pairs/both_correct,0.4711061507936508,0.3692940848214286,0.5599609375,179,,,,
E3-policy/secondary/all_scenes/A_pairs/disagreement,0.20789930555555555,0.1449652777777778,0.2752604166666667,179,,,,
E3-policy/secondary/all_scenes/A_balanced/recall_yes,0.4609375,,,,46.0,,88,
E3-policy/secondary/all_scenes/A_balanced/recall_no,0.6145523313492063,,,,159.0,,270,
E3-policy/secondary/all_scenes/A_balanced/balanced_accuracy,0.5377449156746031,0.4514838324652778,0.608172123015873,,,,,
E3-policy/secondary/all_scenes/C_accuracy_all_forms,0.7755208333333333,0.6949404761904763,0.8368061755952381,414,316.0,414,,
E3-policy/secondary/all_scenes/C_accuracy_DIR,0.7559895833333333,0.6592261904761905,0.8289434523809524,138,104.0,138,,
E3-policy/secondary/all_scenes/C_balanced_DIR/recall_yes,0.013888888888888888,,,,2.0,,34,
E3-policy/secondary/all_scenes/C_balanced_DIR/recall_no,0.9816468253968255,,,,102.0,,104,
E3-policy/secondary/all_scenes/C_balanced_DIR/balanced_accuracy,0.49776785714285715,0.4819196428571429,0.525390625,,,,,
E3-policy/secondary/all_scenes/C_accuracy_TF,0.7837673611111111,0.6866418650793651,0.860814422123016,138,106.0,138,,
E3-policy/secondary/all_scenes/C_balanced_TF/recall_yes,0.0763888888888889,,,,3.0,,34,
E3-policy/secondary/all_scenes/C_balanced_TF/recall_no,0.9955357142857143,,,,103.0,,104,
E3-policy/secondary/all_scenes/C_balanced_TF/balanced_accuracy,0.5359623015873016,0.5,0.5859375,,,,,
E3-policy/secondary/all_scenes/C_accuracy_RF,0.7868055555555555,0.7336309523809523,0.8348263888888888,138,106.0,138,,
E3-policy/secondary/all_scenes/C_balanced_RF/recall_yes,0.0,,,,0.0,,32,
E3-policy/secondary/all_scenes/C_balanced_RF/recall_no,1.0,,,,106.0,,106,
E3-policy/secondary/all_scenes/C_balanced_RF/balanced_accuracy,0.5,0.5,0.5,,,,,
E3-policy/secondary/all_scenes/C_balanced_all_forms/recall_yes,0.03009259259259259,,,,5.0,,100,
E3-policy/secondary/all_scenes/C_balanced_all_forms/recall_no,0.9923941798941799,,,,311.0,,314,
E3-policy/secondary/all_scenes/C_balanced_all_forms/balanced_accuracy,0.5112433862433863,0.5,0.5324032738095238,,,,,
E3-policy/secondary/all_scenes/C_TF_RF/accuracy_TF,0.7837673611111111,0.6866418650793651,0.860814422123016,138,,,,
E3-policy/secondary/all_scenes/C_TF_RF/accuracy_RF,0.7868055555555555,0.7336309523809523,0.8348263888888888,138,,,,
E3-policy/secondary/all_scenes/C_TF_RF/gap,-0.003038194444444444,-0.05357142857142857,0.04114583333333333,138,,,,
E3-policy/secondary/all_scenes/C_TF_RF/both_correct,0.7620659722222222,0.6685689484126984,0.8303571428571428,138,,,,
E3-policy/secondary/all_scenes/C_TF_RF/disagreement,0.025607638888888888,0.0,0.06293402777777778,138,,,,
E3-policy/secondary/all_scenes/C_DIR_TF/accuracy_DIR,0.7559895833333333,0.6592261904761905,0.8289434523809524,138,,,,
E3-policy/secondary/all_scenes/C_DIR_TF/accuracy_TF,0.7837673611111111,0.6866418650793651,0.860814422123016,138,,,,
E3-policy/secondary/all_scenes/C_DIR_TF/gap,-0.027777777777777776,-0.08333333333333333,0.0,138,,,,
E3-policy/secondary/all_scenes/C_DIR_TF/both_correct,0.7559895833333333,0.6592261904761905,0.8289434523809524,138,,,,
E3-policy/secondary/all_scenes/C_DIR_TF/disagreement,0.027777777777777776,0.0,0.08333333333333333,138,,,,
E3-policy/secondary/all_scenes/C_DIR_RF/accuracy_DIR,0.7559895833333333,0.6592261904761905,0.8289434523809524,138,,,,
E3-policy/secondary/all_scenes/C_DIR_RF/accuracy_RF,0.7868055555555555,0.7336309523809523,0.8348263888888888,138,,,,
E3-policy/secondary/all_scenes/C_DIR_RF/gap,-0.03081597222222222,-0.08333333333333334,0.0078125,138,,,,
E3-policy/secondary/all_scenes/C_DIR_RF/both_correct,0.7481770833333333,0.6508537946428572,0.8214285714285714,138,,,,
E3-policy/secondary/all_scenes/C_DIR_RF/disagreement,0.025607638888888888,0.0,0.06293402777777778,138,,,,
E3-policy/secondary/all_scenes/C_TF_RF_all_geometry_sensitivity/accuracy_TF,0.7782118055555556,0.6809895833333333,0.8491443452380952,143,,,,
E3-policy/secondary/all_scenes/C_TF_RF_all_geometry_sensitivity/accuracy_RF,0.78125,0.7291666666666666,0.8229166666666666,143,,,,
E3-policy/secondary/all_scenes/C_TF_RF_all_geometry_sensitivity/gap,-0.003038194444444444,-0.05357142857142857,0.04114583333333333,143,,,,
E3-policy/secondary/all_scenes/C_TF_RF_all_geometry_sensitivity/both_correct,0.7565104166666666,0.6627604166666666,0.8190104166666666,143,,,,
E3-policy/secondary/all_scenes/C_TF_RF_all_geometry_sensitivity/disagreement,0.025607638888888888,0.0,0.06293402777777778,143,,,,
E3-policy/secondary/all_scenes/A_pairs_all_geometry_sensitivity/accuracy_target_subject,0.5197172619047619,0.4153645833333333,0.61328125,186,,,,
E3-policy/secondary/all_scenes/A_pairs_all_geometry_sensitivity/accuracy_reference_subject,0.6356026785714286,0.5219494047619048,0.7377232142857143,186,,,,
E3-policy/secondary/all_scenes/A_pairs_all_geometry_sensitivity/gap,-0.11588541666666666,-0.1875,-0.04296875,186,,,,
E3-policy/secondary/all_scenes/A_pairs_all_geometry_sensitivity/both_correct,0.47284226190476186,0.37109375,0.5611979166666667,186,,,,
E3-policy/secondary/all_scenes/A_pairs_all_geometry_sensitivity/disagreement,0.20963541666666666,0.15234374999999997,0.27083333333333337,186,,,,
E3-policy/secondary/all_scenes_intended_goal_sensitivity/C_TF_RF/accuracy_TF,0.7837673611111111,0.6866418650793651,0.860814422123016,138,,,,
E3-policy/secondary/all_scenes_intended_goal_sensitivity/C_TF_RF/accuracy_RF,0.7659722222222222,0.6718179563492064,0.8338343253968253,138,,,,
E3-policy/secondary/all_scenes_intended_goal_sensitivity/C_TF_RF/gap,0.017795138888888888,0.0,0.049479166666666664,138,,,,
E3-policy/secondary/all_scenes_intended_goal_sensitivity/C_TF_RF/both_correct,0.7620659722222222,0.6685689484126984,0.8303571428571428,138,,,,
E3-policy/secondary/all_scenes_intended_goal_sensitivity/C_TF_RF/disagreement,0.025607638888888888,0.0,0.06293402777777778,138,,,,
F3-qwen3vl4b/initial/main_S1_S3_S4/A_accuracy,0.5265376984126985,0.4774305555555556,0.5746527777777778,156,82.0,156,,
F3-qwen3vl4b/initial/main_S1_S3_S4/A_pairs/accuracy_target_subject,0.4930555555555555,0.4479166666666667,0.5416666666666666,78,,,,
F3-qwen3vl4b/initial/main_S1_S3_S4/A_pairs/accuracy_reference_subject,0.5600198412698413,0.4930555555555555,0.625,78,,,,
F3-qwen3vl4b/initial/main_S1_S3_S4/A_pairs/gap,-0.06696428571428571,-0.125,-0.005787037037037035,78,,,,
F3-qwen3vl4b/initial/main_S1_S3_S4/A_pairs/both_correct,0.37152777777777773,0.3368055555555555,0.40972222222222215,78,,,,
F3-qwen3vl4b/initial/main_S1_S3_S4/A_pairs/disagreement,0.3100198412698413,0.24305555555555555,0.375,78,,,,
F3-qwen3vl4b/initial/main_S1_S3_S4/A_balanced/recall_yes,0.49107142857142855,,,,22.0,,44,
F3-qwen3vl4b/initial/main_S1_S3_S4/A_balanced/recall_no,0.5555555555555556,,,,60.0,,112,
F3-qwen3vl4b/initial/main_S1_S3_S4/A_balanced/balanced_accuracy,0.5233134920634921,0.4548611111111111,0.5885416666666666,,,,,
F3-qwen3vl4b/initial/main_S1_S3_S4/C_accuracy_all_forms,0.6944444444444443,0.6944444444444443,0.6944444444444443,234,168.0,234,,
F3-qwen3vl4b/initial/main_S1_S3_S4/C_accuracy_DIR,0.6944444444444443,0.6944444444444443,0.6944444444444443,78,56.0,78,,
F3-qwen3vl4b/initial/main_S1_S3_S4/C_balanced_DIR/recall_yes,0.0,,,,0.0,,22,
F3-qwen3vl4b/initial/main_S1_S3_S4/C_balanced_DIR/recall_no,1.0,,,,56.0,,56,
F3-qwen3vl4b/initial/main_S1_S3_S4/C_balanced_DIR/balanced_accuracy,0.5,0.5,0.5,,,,,
F3-qwen3vl4b/initial/main_S1_S3_S4/C_accuracy_TF,0.6944444444444443,0.6944444444444443,0.6944444444444443,78,56.0,78,,
F3-qwen3vl4b/initial/main_S1_S3_S4/C_balanced_TF/recall_yes,0.0,,,,0.0,,22,
F3-qwen3vl4b/initial/main_S1_S3_S4/C_balanced_TF/recall_no,1.0,,,,56.0,,56,
F3-qwen3vl4b/initial/main_S1_S3_S4/C_balanced_TF/balanced_accuracy,0.5,0.5,0.5,,,,,
F3-qwen3vl4b/initial/main_S1_S3_S4/C_accuracy_RF,0.6944444444444443,0.6944444444444443,0.6944444444444443,78,56.0,78,,
F3-qwen3vl4b/initial/main_S1_S3_S4/C_balanced_RF/recall_yes,0.0,,,,0.0,,22,
F3-qwen3vl4b/initial/main_S1_S3_S4/C_balanced_RF/recall_no,1.0,,,,56.0,,56,
F3-qwen3vl4b/initial/main_S1_S3_S4/C_balanced_RF/balanced_accuracy,0.5,0.5,0.5,,,,,
F3-qwen3vl4b/initial/main_S1_S3_S4/C_balanced_all_forms/recall_yes,0.0,,,,0.0,,66,
F3-qwen3vl4b/initial/main_S1_S3_S4/C_balanced_all_forms/recall_no,1.0,,,,168.0,,168,
F3-qwen3vl4b/initial/main_S1_S3_S4/C_balanced_all_forms/balanced_accuracy,0.5,0.5,0.5,,,,,
F3-qwen3vl4b/initial/main_S1_S3_S4/C_TF_RF/accuracy_TF,0.6944444444444443,0.6944444444444443,0.6944444444444443,78,,,,
F3-qwen3vl4b/initial/main_S1_S3_S4/C_TF_RF/accuracy_RF,0.6944444444444443,0.6944444444444443,0.6944444444444443,78,,,,
F3-qwen3vl4b/initial/main_S1_S3_S4/C_TF_RF/gap,0.0,0.0,0.0,78,,,,
F3-qwen3vl4b/initial/main_S1_S3_S4/C_TF_RF/both_correct,0.6944444444444443,0.6944444444444443,0.6944444444444443,78,,,,
F3-qwen3vl4b/initial/main_S1_S3_S4/C_TF_RF/disagreement,0.0,0.0,0.0,78,,,,
F3-qwen3vl4b/initial/main_S1_S3_S4/C_DIR_TF/accuracy_DIR,0.6944444444444443,0.6944444444444443,0.6944444444444443,78,,,,
F3-qwen3vl4b/initial/main_S1_S3_S4/C_DIR_TF/accuracy_TF,0.6944444444444443,0.6944444444444443,0.6944444444444443,78,,,,
F3-qwen3vl4b/initial/main_S1_S3_S4/C_DIR_TF/gap,0.0,0.0,0.0,78,,,,
F3-qwen3vl4b/initial/main_S1_S3_S4/C_DIR_TF/both_correct,0.6944444444444443,0.6944444444444443,0.6944444444444443,78,,,,
F3-qwen3vl4b/initial/main_S1_S3_S4/C_DIR_TF/disagreement,0.0,0.0,0.0,78,,,,
F3-qwen3vl4b/initial/main_S1_S3_S4/C_DIR_RF/accuracy_DIR,0.6944444444444443,0.6944444444444443,0.6944444444444443,78,,,,
F3-qwen3vl4b/initial/main_S1_S3_S4/C_DIR_RF/accuracy_RF,0.6944444444444443,0.6944444444444443,0.6944444444444443,78,,,,
F3-qwen3vl4b/initial/main_S1_S3_S4/C_DIR_RF/gap,0.0,0.0,0.0,78,,,,
F3-qwen3vl4b/initial/main_S1_S3_S4/C_DIR_RF/both_correct,0.6944444444444443,0.6944444444444443,0.6944444444444443,78,,,,
F3-qwen3vl4b/initial/main_S1_S3_S4/C_DIR_RF/disagreement,0.0,0.0,0.0,78,,,,
F3-qwen3vl4b/initial/main_S1_S3_S4/C_TF_RF_all_geometry_sensitivity/accuracy_TF,0.6944444444444443,0.6944444444444443,0.6944444444444443,80,,,,
F3-qwen3vl4b/initial/main_S1_S3_S4/C_TF_RF_all_geometry_sensitivity/accuracy_RF,0.6944444444444443,0.6944444444444443,0.6944444444444443,80,,,,
F3-qwen3vl4b/initial/main_S1_S3_S4/C_TF_RF_all_geometry_sensitivity/gap,0.0,0.0,0.0,80,,,,
F3-qwen3vl4b/initial/main_S1_S3_S4/C_TF_RF_all_geometry_sensitivity/both_correct,0.6944444444444443,0.6944444444444443,0.6944444444444443,80,,,,
F3-qwen3vl4b/initial/main_S1_S3_S4/C_TF_RF_all_geometry_sensitivity/disagreement,0.0,0.0,0.0,80,,,,
F3-qwen3vl4b/initial/main_S1_S3_S4/A_pairs_all_geometry_sensitivity/accuracy_target_subject,0.4930555555555555,0.4479166666666667,0.5416666666666666,80,,,,
F3-qwen3vl4b/initial/main_S1_S3_S4/A_pairs_all_geometry_sensitivity/accuracy_reference_subject,0.5659722222222222,0.5,0.6284722222222222,80,,,,
F3-qwen3vl4b/initial/main_S1_S3_S4/A_pairs_all_geometry_sensitivity/gap,-0.07291666666666669,-0.1284722222222222,-0.013888888888888886,80,,,,
F3-qwen3vl4b/initial/main_S1_S3_S4/A_pairs_all_geometry_sensitivity/both_correct,0.37152777777777773,0.3368055555555555,0.40972222222222215,80,,,,
F3-qwen3vl4b/initial/main_S1_S3_S4/A_pairs_all_geometry_sensitivity/disagreement,0.31597222222222227,0.2534722222222222,0.37847222222222227,80,,,,
F3-qwen3vl4b/initial/main_S1_S3_S4/B_image_tuple_accuracy,0.7129629629629629,0.699074074074074,0.7268518518518517,240,172.0,240,,
F3-qwen3vl4b/initial/main_S1_S3_S4/B_image_target_accuracy,0.9074074074074074,0.8935185185185185,0.9212962962962963,240,220.0,240,,
F3-qwen3vl4b/initial/main_S1_S3_S4/B_image_reference_accuracy,0.9074074074074074,0.8935185185185185,0.9212962962962963,240,220.0,240,,
F3-qwen3vl4b/initial/main_S1_S3_S4/B_image_relation_accuracy,0.7129629629629629,0.699074074074074,0.7268518518518517,240,172.0,240,,
F3-qwen3vl4b/initial/main_S1_S3_S4/B_image_tuple_accuracy_DIR,0.7777777777777777,0.7777777777777777,0.7777777777777777,80,64.0,80,,
F3-qwen3vl4b/initial/main_S1_S3_S4/B_image_tuple_accuracy_TF,1.0,1.0,1.0,80,80.0,80,,
F3-qwen3vl4b/initial/main_S1_S3_S4/B_image_tuple_accuracy_RF,0.3611111111111111,0.3194444444444444,0.40277777777777773,80,28.0,80,,
F3-qwen3vl4b/initial/main_S1_S3_S4/B_image_TF_RF/accuracy_TF,1.0,1.0,1.0,80,,,,
F3-qwen3vl4b/initial/main_S1_S3_S4/B_image_TF_RF/accuracy_RF,0.3611111111111111,0.3194444444444444,0.40277777777777773,80,,,,
F3-qwen3vl4b/initial/main_S1_S3_S4/B_image_TF_RF/gap,0.6388888888888888,0.5972222222222222,0.6805555555555555,80,,,,
F3-qwen3vl4b/initial/main_S1_S3_S4/B_image_TF_RF/both_correct,0.3611111111111111,0.3194444444444444,0.40277777777777773,80,,,,
F3-qwen3vl4b/initial/main_S1_S3_S4/B_image_TF_RF/disagreement,0.6388888888888888,0.5972222222222222,0.6805555555555555,80,,,,
F3-qwen3vl4b/initial/main_S1_S3_S4/B_image_DIR_TF/accuracy_DIR,0.7777777777777777,0.7777777777777777,0.7777777777777777,80,,,,
F3-qwen3vl4b/initial/main_S1_S3_S4/B_image_DIR_TF/accuracy_TF,1.0,1.0,1.0,80,,,,
F3-qwen3vl4b/initial/main_S1_S3_S4/B_image_DIR_TF/gap,-0.2222222222222222,-0.2222222222222222,-0.2222222222222222,80,,,,
F3-qwen3vl4b/initial/main_S1_S3_S4/B_image_DIR_TF/both_correct,0.7777777777777777,0.7777777777777777,0.7777777777777777,80,,,,
F3-qwen3vl4b/initial/main_S1_S3_S4/B_image_DIR_TF/disagreement,0.2222222222222222,0.2222222222222222,0.2222222222222222,80,,,,
F3-qwen3vl4b/initial/main_S1_S3_S4/placement_B_image/accuracy_reference_early,1.0,1.0,1.0,64,,,,
F3-qwen3vl4b/initial/main_S1_S3_S4/placement_B_image/accuracy_reference_late,1.0,1.0,1.0,64,,,,
F3-qwen3vl4b/initial/main_S1_S3_S4/placement_B_image/gap,0.0,0.0,0.0,64,,,,
F3-qwen3vl4b/initial/main_S1_S3_S4/placement_B_image/both_correct,1.0,1.0,1.0,64,,,,
F3-qwen3vl4b/initial/main_S1_S3_S4/placement_B_image/disagreement,0.0,0.0,0.0,64,,,,
F3-qwen3vl4b/initial/main_S1_S3_S4/placement_C_image/accuracy_reference_early,0.5833333333333334,0.5833333333333334,0.5833333333333334,62,,,,
F3-qwen3vl4b/initial/main_S1_S3_S4/placement_C_image/accuracy_reference_late,0.5833333333333334,0.5833333333333334,0.5833333333333334,62,,,,
F3-qwen3vl4b/initial/main_S1_S3_S4/placement_C_image/gap,0.0,0.0,0.0,62,,,,
F3-qwen3vl4b/initial/main_S1_S3_S4/placement_C_image/both_correct,0.5833333333333334,0.5833333333333334,0.5833333333333334,62,,,,
F3-qwen3vl4b/initial/main_S1_S3_S4/placement_C_image/disagreement,0.0,0.0,0.0,62,,,,
F3-qwen3vl4b/initial/main_S1_S3_S4/placement_C_image_accuracy,0.5833333333333334,0.5833333333333334,0.5833333333333334,124,80.0,124,,
F3-qwen3vl4b/initial/main_S1_S3_S4/C_no_image_reuse_accuracy,0.6944444444444443,0.6944444444444443,0.6944444444444443,234,168.0,234,,
F3-qwen3vl4b/initial/main_S1_S3_S4/C_no_image_reuse_TF_RF/accuracy_TF,0.6944444444444443,0.6944444444444443,0.6944444444444443,78,,,,
F3-qwen3vl4b/initial/main_S1_S3_S4/C_no_image_reuse_TF_RF/accuracy_RF,0.6944444444444443,0.6944444444444443,0.6944444444444443,78,,,,
F3-qwen3vl4b/initial/main_S1_S3_S4/C_no_image_reuse_TF_RF/gap,0.0,0.0,0.0,78,,,,
F3-qwen3vl4b/initial/main_S1_S3_S4/C_no_image_reuse_TF_RF/both_correct,0.6944444444444443,0.6944444444444443,0.6944444444444443,78,,,,
F3-qwen3vl4b/initial/main_S1_S3_S4/C_no_image_reuse_TF_RF/disagreement,0.0,0.0,0.0,78,,,,
F3-qwen3vl4b/initial/main_S1_S3_S4/C_no_image_reuse_balanced/recall_yes,0.0,,,,0.0,,66,
F3-qwen3vl4b/initial/main_S1_S3_S4/C_no_image_reuse_balanced/recall_no,1.0,,,,168.0,,168,
F3-qwen3vl4b/initial/main_S1_S3_S4/C_no_image_reuse_balanced/balanced_accuracy,0.5,0.5,0.5,,,,,
F3-qwen3vl4b/initial/S5/A_accuracy,1.0,1.0,1.0,32,32.0,32,,
F3-qwen3vl4b/initial/S5/A_pairs/accuracy_target_subject,1.0,1.0,1.0,16,,,,
F3-qwen3vl4b/initial/S5/A_pairs/accuracy_reference_subject,1.0,1.0,1.0,16,,,,
F3-qwen3vl4b/initial/S5/A_pairs/gap,0.0,0.0,0.0,16,,,,
F3-qwen3vl4b/initial/S5/A_pairs/both_correct,1.0,1.0,1.0,16,,,,
F3-qwen3vl4b/initial/S5/A_pairs/disagreement,0.0,0.0,0.0,16,,,,
F3-qwen3vl4b/initial/S5/A_balanced/recall_yes,,,,,0.0,,0,
F3-qwen3vl4b/initial/S5/A_balanced/recall_no,1.0,,,,32.0,,32,
F3-qwen3vl4b/initial/S5/A_balanced/balanced_accuracy,,,,,,,,undefined_one_class_absent
F3-qwen3vl4b/initial/S5/C_accuracy_all_forms,1.0,1.0,1.0,48,48.0,48,,
F3-qwen3vl4b/initial/S5/C_accuracy_DIR,1.0,1.0,1.0,16,16.0,16,,
F3-qwen3vl4b/initial/S5/C_balanced_DIR/recall_yes,,,,,0.0,,0,
F3-qwen3vl4b/initial/S5/C_balanced_DIR/recall_no,1.0,,,,16.0,,16,
F3-qwen3vl4b/initial/S5/C_balanced_DIR/balanced_accuracy,,,,,,,,undefined_one_class_absent
F3-qwen3vl4b/initial/S5/C_accuracy_TF,1.0,1.0,1.0,16,16.0,16,,
F3-qwen3vl4b/initial/S5/C_balanced_TF/recall_yes,,,,,0.0,,0,
F3-qwen3vl4b/initial/S5/C_balanced_TF/recall_no,1.0,,,,16.0,,16,
F3-qwen3vl4b/initial/S5/C_balanced_TF/balanced_accuracy,,,,,,,,undefined_one_class_absent
F3-qwen3vl4b/initial/S5/C_accuracy_RF,1.0,1.0,1.0,16,16.0,16,,
F3-qwen3vl4b/initial/S5/C_balanced_RF/recall_yes,,,,,0.0,,0,
F3-qwen3vl4b/initial/S5/C_balanced_RF/recall_no,1.0,,,,16.0,,16,
F3-qwen3vl4b/initial/S5/C_balanced_RF/balanced_accuracy,,,,,,,,undefined_one_class_absent
F3-qwen3vl4b/initial/S5/C_balanced_all_forms/recall_yes,,,,,0.0,,0,
F3-qwen3vl4b/initial/S5/C_balanced_all_forms/recall_no,1.0,,,,48.0,,48,
F3-qwen3vl4b/initial/S5/C_balanced_all_forms/balanced_accuracy,,,,,,,,undefined_one_class_absent
F3-qwen3vl4b/initial/S5/C_TF_RF/accuracy_TF,1.0,1.0,1.0,16,,,,
F3-qwen3vl4b/initial/S5/C_TF_RF/accuracy_RF,1.0,1.0,1.0,16,,,,
F3-qwen3vl4b/initial/S5/C_TF_RF/gap,0.0,0.0,0.0,16,,,,
F3-qwen3vl4b/initial/S5/C_TF_RF/both_correct,1.0,1.0,1.0,16,,,,
F3-qwen3vl4b/initial/S5/C_TF_RF/disagreement,0.0,0.0,0.0,16,,,,
F3-qwen3vl4b/initial/S5/C_DIR_TF/accuracy_DIR,1.0,1.0,1.0,16,,,,
F3-qwen3vl4b/initial/S5/C_DIR_TF/accuracy_TF,1.0,1.0,1.0,16,,,,
F3-qwen3vl4b/initial/S5/C_DIR_TF/gap,0.0,0.0,0.0,16,,,,
F3-qwen3vl4b/initial/S5/C_DIR_TF/both_correct,1.0,1.0,1.0,16,,,,
F3-qwen3vl4b/initial/S5/C_DIR_TF/disagreement,0.0,0.0,0.0,16,,,,
F3-qwen3vl4b/initial/S5/C_DIR_RF/accuracy_DIR,1.0,1.0,1.0,16,,,,
F3-qwen3vl4b/initial/S5/C_DIR_RF/accuracy_RF,1.0,1.0,1.0,16,,,,
F3-qwen3vl4b/initial/S5/C_DIR_RF/gap,0.0,0.0,0.0,16,,,,
F3-qwen3vl4b/initial/S5/C_DIR_RF/both_correct,1.0,1.0,1.0,16,,,,
F3-qwen3vl4b/initial/S5/C_DIR_RF/disagreement,0.0,0.0,0.0,16,,,,
F3-qwen3vl4b/initial/S5/C_TF_RF_all_geometry_sensitivity/accuracy_TF,1.0,1.0,1.0,16,,,,
F3-qwen3vl4b/initial/S5/C_TF_RF_all_geometry_sensitivity/accuracy_RF,1.0,1.0,1.0,16,,,,
F3-qwen3vl4b/initial/S5/C_TF_RF_all_geometry_sensitivity/gap,0.0,0.0,0.0,16,,,,
F3-qwen3vl4b/initial/S5/C_TF_RF_all_geometry_sensitivity/both_correct,1.0,1.0,1.0,16,,,,
F3-qwen3vl4b/initial/S5/C_TF_RF_all_geometry_sensitivity/disagreement,0.0,0.0,0.0,16,,,,
F3-qwen3vl4b/initial/S5/A_pairs_all_geometry_sensitivity/accuracy_target_subject,1.0,1.0,1.0,16,,,,
F3-qwen3vl4b/initial/S5/A_pairs_all_geometry_sensitivity/accuracy_reference_subject,1.0,1.0,1.0,16,,,,
F3-qwen3vl4b/initial/S5/A_pairs_all_geometry_sensitivity/gap,0.0,0.0,0.0,16,,,,
F3-qwen3vl4b/initial/S5/A_pairs_all_geometry_sensitivity/both_correct,1.0,1.0,1.0,16,,,,
F3-qwen3vl4b/initial/S5/A_pairs_all_geometry_sensitivity/disagreement,0.0,0.0,0.0,16,,,,
F3-qwen3vl4b/initial/S5/B_image_tuple_accuracy,0.6666666666666666,0.6666666666666666,0.6666666666666666,48,32.0,48,,
F3-qwen3vl4b/initial/S5/B_image_target_accuracy,1.0,1.0,1.0,48,48.0,48,,
F3-qwen3vl4b/initial/S5/B_image_reference_accuracy,1.0,1.0,1.0,48,48.0,48,,
F3-qwen3vl4b/initial/S5/B_image_relation_accuracy,0.6666666666666666,0.6666666666666666,0.6666666666666666,48,32.0,48,,
F3-qwen3vl4b/initial/S5/B_image_tuple_accuracy_DIR,1.0,1.0,1.0,16,16.0,16,,
F3-qwen3vl4b/initial/S5/B_image_tuple_accuracy_TF,1.0,1.0,1.0,16,16.0,16,,
F3-qwen3vl4b/initial/S5/B_image_tuple_accuracy_RF,0.0,0.0,0.0,16,0.0,16,,
F3-qwen3vl4b/initial/S5/B_image_TF_RF/accuracy_TF,1.0,1.0,1.0,16,,,,
F3-qwen3vl4b/initial/S5/B_image_TF_RF/accuracy_RF,0.0,0.0,0.0,16,,,,
F3-qwen3vl4b/initial/S5/B_image_TF_RF/gap,1.0,1.0,1.0,16,,,,
F3-qwen3vl4b/initial/S5/B_image_TF_RF/both_correct,0.0,0.0,0.0,16,,,,
F3-qwen3vl4b/initial/S5/B_image_TF_RF/disagreement,0.0,0.0,0.0,16,,,,
F3-qwen3vl4b/initial/S5/B_image_DIR_TF/accuracy_DIR,1.0,1.0,1.0,16,,,,
F3-qwen3vl4b/initial/S5/B_image_DIR_TF/accuracy_TF,1.0,1.0,1.0,16,,,,
F3-qwen3vl4b/initial/S5/B_image_DIR_TF/gap,0.0,0.0,0.0,16,,,,
F3-qwen3vl4b/initial/S5/B_image_DIR_TF/both_correct,1.0,1.0,1.0,16,,,,
F3-qwen3vl4b/initial/S5/B_image_DIR_TF/disagreement,0.0,0.0,0.0,16,,,,
F3-qwen3vl4b/initial/S5/C_no_image_reuse_accuracy,1.0,1.0,1.0,48,48.0,48,,
F3-qwen3vl4b/initial/S5/C_no_image_reuse_TF_RF/accuracy_TF,1.0,1.0,1.0,16,,,,
F3-qwen3vl4b/initial/S5/C_no_image_reuse_TF_RF/accuracy_RF,1.0,1.0,1.0,16,,,,
F3-qwen3vl4b/initial/S5/C_no_image_reuse_TF_RF/gap,0.0,0.0,0.0,16,,,,
F3-qwen3vl4b/initial/S5/C_no_image_reuse_TF_RF/both_correct,1.0,1.0,1.0,16,,,,
F3-qwen3vl4b/initial/S5/C_no_image_reuse_TF_RF/disagreement,0.0,0.0,0.0,16,,,,
F3-qwen3vl4b/initial/S5/C_no_image_reuse_balanced/recall_yes,,,,,0.0,,0,
F3-qwen3vl4b/initial/S5/C_no_image_reuse_balanced/recall_no,1.0,,,,48.0,,48,
F3-qwen3vl4b/initial/S5/C_no_image_reuse_balanced/balanced_accuracy,,,,,,,,undefined_one_class_absent
F3-qwen3vl4b/initial/all_scenes/A_accuracy,0.6449032738095238,0.6080729166666667,0.6809895833333334,188,114.0,188,,
F3-qwen3vl4b/initial/all_scenes/A_pairs/accuracy_target_subject,0.6197916666666666,0.5859375,0.65625,94,,,,
F3-qwen3vl4b/initial/all_scenes/A_pairs/accuracy_reference_subject,0.6700148809523809,0.6197916666666666,0.71875,94,,,,
F3-qwen3vl4b/initial/all_scenes/A_pairs/gap,-0.05022321428571429,-0.09375,-0.004340277777777776,94,,,,
F3-qwen3vl4b/initial/all_scenes/A_pairs/both_correct,0.5286458333333333,0.5026041666666666,0.5572916666666666,94,,,,
F3-qwen3vl4b/initial/all_scenes/A_pairs/disagreement,0.23251488095238096,0.18229166666666666,0.28125,94,,,,
F3-qwen3vl4b/initial/all_scenes/A_balanced/recall_yes,0.49107142857142855,,,,22.0,,44,
F3-qwen3vl4b/initial/all_scenes/A_balanced/recall_no,0.6666666666666667,,,,92.0,,144,
F3-qwen3vl4b/initial/all_scenes/A_balanced/balanced_accuracy,0.5788690476190477,0.5130208333333334,0.640625,,,,,
F3-qwen3vl4b/initial/all_scenes/C_accuracy_all_forms,0.7708333333333333,0.7708333333333333,0.7708333333333333,282,216.0,282,,
F3-qwen3vl4b/initial/all_scenes/C_accuracy_DIR,0.7708333333333333,0.7708333333333333,0.7708333333333333,94,72.0,94,,
F3-qwen3vl4b/initial/all_scenes/C_balanced_DIR/recall_yes,0.0,,,,0.0,,22,
F3-qwen3vl4b/initial/all_scenes/C_balanced_DIR/recall_no,1.0,,,,72.0,,72,
F3-qwen3vl4b/initial/all_scenes/C_balanced_DIR/balanced_accuracy,0.5,0.5,0.5,,,,,
F3-qwen3vl4b/initial/all_scenes/C_accuracy_TF,0.7708333333333333,0.7708333333333333,0.7708333333333333,94,72.0,94,,
F3-qwen3vl4b/initial/all_scenes/C_balanced_TF/recall_yes,0.0,,,,0.0,,22,
F3-qwen3vl4b/initial/all_scenes/C_balanced_TF/recall_no,1.0,,,,72.0,,72,
F3-qwen3vl4b/initial/all_scenes/C_balanced_TF/balanced_accuracy,0.5,0.5,0.5,,,,,
F3-qwen3vl4b/initial/all_scenes/C_accuracy_RF,0.7708333333333333,0.7708333333333333,0.7708333333333333,94,72.0,94,,
F3-qwen3vl4b/initial/all_scenes/C_balanced_RF/recall_yes,0.0,,,,0.0,,22,
F3-qwen3vl4b/initial/all_scenes/C_balanced_RF/recall_no,1.0,,,,72.0,,72,
F3-qwen3vl4b/initial/all_scenes/C_balanced_RF/balanced_accuracy,0.5,0.5,0.5,,,,,
F3-qwen3vl4b/initial/all_scenes/C_balanced_all_forms/recall_yes,0.0,,,,0.0,,66,
F3-qwen3vl4b/initial/all_scenes/C_balanced_all_forms/recall_no,1.0,,,,216.0,,216,
F3-qwen3vl4b/initial/all_scenes/C_balanced_all_forms/balanced_accuracy,0.5,0.5,0.5,,,,,
F3-qwen3vl4b/initial/all_scenes/C_TF_RF/accuracy_TF,0.7708333333333333,0.7708333333333333,0.7708333333333333,94,,,,
F3-qwen3vl4b/initial/all_scenes/C_TF_RF/accuracy_RF,0.7708333333333333,0.7708333333333333,0.7708333333333333,94,,,,
F3-qwen3vl4b/initial/all_scenes/C_TF_RF/gap,0.0,0.0,0.0,94,,,,
F3-qwen3vl4b/initial/all_scenes/C_TF_RF/both_correct,0.7708333333333333,0.7708333333333333,0.7708333333333333,94,,,,
F3-qwen3vl4b/initial/all_scenes/C_TF_RF/disagreement,0.0,0.0,0.0,94,,,,
F3-qwen3vl4b/initial/all_scenes/C_DIR_TF/accuracy_DIR,0.7708333333333333,0.7708333333333333,0.7708333333333333,94,,,,
F3-qwen3vl4b/initial/all_scenes/C_DIR_TF/accuracy_TF,0.7708333333333333,0.7708333333333333,0.7708333333333333,94,,,,
F3-qwen3vl4b/initial/all_scenes/C_DIR_TF/gap,0.0,0.0,0.0,94,,,,
F3-qwen3vl4b/initial/all_scenes/C_DIR_TF/both_correct,0.7708333333333333,0.7708333333333333,0.7708333333333333,94,,,,
F3-qwen3vl4b/initial/all_scenes/C_DIR_TF/disagreement,0.0,0.0,0.0,94,,,,
F3-qwen3vl4b/initial/all_scenes/C_DIR_RF/accuracy_DIR,0.7708333333333333,0.7708333333333333,0.7708333333333333,94,,,,
F3-qwen3vl4b/initial/all_scenes/C_DIR_RF/accuracy_RF,0.7708333333333333,0.7708333333333333,0.7708333333333333,94,,,,
F3-qwen3vl4b/initial/all_scenes/C_DIR_RF/gap,0.0,0.0,0.0,94,,,,
F3-qwen3vl4b/initial/all_scenes/C_DIR_RF/both_correct,0.7708333333333333,0.7708333333333333,0.7708333333333333,94,,,,
F3-qwen3vl4b/initial/all_scenes/C_DIR_RF/disagreement,0.0,0.0,0.0,94,,,,
F3-qwen3vl4b/initial/all_scenes/C_TF_RF_all_geometry_sensitivity/accuracy_TF,0.7708333333333333,0.7708333333333333,0.7708333333333333,96,,,,
F3-qwen3vl4b/initial/all_scenes/C_TF_RF_all_geometry_sensitivity/accuracy_RF,0.7708333333333333,0.7708333333333333,0.7708333333333333,96,,,,
F3-qwen3vl4b/initial/all_scenes/C_TF_RF_all_geometry_sensitivity/gap,0.0,0.0,0.0,96,,,,
F3-qwen3vl4b/initial/all_scenes/C_TF_RF_all_geometry_sensitivity/both_correct,0.7708333333333333,0.7708333333333333,0.7708333333333333,96,,,,
F3-qwen3vl4b/initial/all_scenes/C_TF_RF_all_geometry_sensitivity/disagreement,0.0,0.0,0.0,96,,,,
F3-qwen3vl4b/initial/all_scenes/A_pairs_all_geometry_sensitivity/accuracy_target_subject,0.6197916666666666,0.5859375,0.65625,96,,,,
F3-qwen3vl4b/initial/all_scenes/A_pairs_all_geometry_sensitivity/accuracy_reference_subject,0.6744791666666666,0.625,0.7213541666666666,96,,,,
F3-qwen3vl4b/initial/all_scenes/A_pairs_all_geometry_sensitivity/gap,-0.054687500000000014,-0.09635416666666666,-0.010416666666666664,96,,,,
F3-qwen3vl4b/initial/all_scenes/A_pairs_all_geometry_sensitivity/both_correct,0.5286458333333333,0.5026041666666666,0.5572916666666666,96,,,,
F3-qwen3vl4b/initial/all_scenes/A_pairs_all_geometry_sensitivity/disagreement,0.23697916666666669,0.19010416666666666,0.2838541666666667,96,,,,
F3-qwen3vl4b/initial/all_scenes/B_image_tuple_accuracy,0.7013888888888888,0.6909722222222221,0.7118055555555555,288,204.0,288,,
F3-qwen3vl4b/initial/all_scenes/B_image_target_accuracy,0.9305555555555556,0.9201388888888888,0.9409722222222222,288,268.0,288,,
F3-qwen3vl4b/initial/all_scenes/B_image_reference_accuracy,0.9305555555555556,0.9201388888888888,0.9409722222222222,288,268.0,288,,
F3-qwen3vl4b/initial/all_scenes/B_image_relation_accuracy,0.7013888888888888,0.6909722222222221,0.7118055555555555,288,204.0,288,,
F3-qwen3vl4b/initial/all_scenes/B_image_tuple_accuracy_DIR,0.8333333333333333,0.8333333333333333,0.8333333333333333,96,80.0,96,,
F3-qwen3vl4b/initial/all_scenes/B_image_tuple_accuracy_TF,1.0,1.0,1.0,96,96.0,96,,
F3-qwen3vl4b/initial/all_scenes/B_image_tuple_accuracy_RF,0.2708333333333333,0.23958333333333331,0.3020833333333333,96,28.0,96,,
F3-qwen3vl4b/initial/all_scenes/B_image_TF_RF/accuracy_TF,1.0,1.0,1.0,96,,,,
F3-qwen3vl4b/initial/all_scenes/B_image_TF_RF/accuracy_RF,0.2708333333333333,0.23958333333333331,0.3020833333333333,96,,,,
F3-qwen3vl4b/initial/all_scenes/B_image_TF_RF/gap,0.7291666666666666,0.6979166666666666,0.7604166666666666,96,,,,
F3-qwen3vl4b/initial/all_scenes/B_image_TF_RF/both_correct,0.2708333333333333,0.23958333333333331,0.3020833333333333,96,,,,
F3-qwen3vl4b/initial/all_scenes/B_image_TF_RF/disagreement,0.47916666666666663,0.44791666666666663,0.5104166666666666,96,,,,
F3-qwen3vl4b/initial/all_scenes/B_image_DIR_TF/accuracy_DIR,0.8333333333333333,0.8333333333333333,0.8333333333333333,96,,,,
F3-qwen3vl4b/initial/all_scenes/B_image_DIR_TF/accuracy_TF,1.0,1.0,1.0,96,,,,
F3-qwen3vl4b/initial/all_scenes/B_image_DIR_TF/gap,-0.16666666666666666,-0.16666666666666666,-0.16666666666666666,96,,,,
F3-qwen3vl4b/initial/all_scenes/B_image_DIR_TF/both_correct,0.8333333333333333,0.8333333333333333,0.8333333333333333,96,,,,
F3-qwen3vl4b/initial/all_scenes/B_image_DIR_TF/disagreement,0.16666666666666666,0.16666666666666666,0.16666666666666666,96,,,,
F3-qwen3vl4b/initial/all_scenes/placement_B_image/accuracy_reference_early,1.0,1.0,1.0,64,,,,
F3-qwen3vl4b/initial/all_scenes/placement_B_image/accuracy_reference_late,1.0,1.0,1.0,64,,,,
F3-qwen3vl4b/initial/all_scenes/placement_B_image/gap,0.0,0.0,0.0,64,,,,
F3-qwen3vl4b/initial/all_scenes/placement_B_image/both_correct,1.0,1.0,1.0,64,,,,
F3-qwen3vl4b/initial/all_scenes/placement_B_image/disagreement,0.0,0.0,0.0,64,,,,
F3-qwen3vl4b/initial/all_scenes/placement_C_image/accuracy_reference_early,0.5833333333333334,0.5833333333333334,0.5833333333333334,62,,,,
F3-qwen3vl4b/initial/all_scenes/placement_C_image/accuracy_reference_late,0.5833333333333334,0.5833333333333334,0.5833333333333334,62,,,,
F3-qwen3vl4b/initial/all_scenes/placement_C_image/gap,0.0,0.0,0.0,62,,,,
F3-qwen3vl4b/initial/all_scenes/placement_C_image/both_correct,0.5833333333333334,0.5833333333333334,0.5833333333333334,62,,,,
F3-qwen3vl4b/initial/all_scenes/placement_C_image/disagreement,0.0,0.0,0.0,62,,,,
F3-qwen3vl4b/initial/all_scenes/placement_C_image_accuracy,0.5833333333333334,0.5833333333333334,0.5833333333333334,124,80.0,124,,
F3-qwen3vl4b/initial/all_scenes/C_no_image_reuse_accuracy,0.7708333333333333,0.7708333333333333,0.7708333333333333,282,216.0,282,,
F3-qwen3vl4b/initial/all_scenes/C_no_image_reuse_TF_RF/accuracy_TF,0.7708333333333333,0.7708333333333333,0.7708333333333333,94,,,,
F3-qwen3vl4b/initial/all_scenes/C_no_image_reuse_TF_RF/accuracy_RF,0.7708333333333333,0.7708333333333333,0.7708333333333333,94,,,,
F3-qwen3vl4b/initial/all_scenes/C_no_image_reuse_TF_RF/gap,0.0,0.0,0.0,94,,,,
F3-qwen3vl4b/initial/all_scenes/C_no_image_reuse_TF_RF/both_correct,0.7708333333333333,0.7708333333333333,0.7708333333333333,94,,,,
F3-qwen3vl4b/initial/all_scenes/C_no_image_reuse_TF_RF/disagreement,0.0,0.0,0.0,94,,,,
F3-qwen3vl4b/initial/all_scenes/C_no_image_reuse_balanced/recall_yes,0.0,,,,0.0,,66,
F3-qwen3vl4b/initial/all_scenes/C_no_image_reuse_balanced/recall_no,1.0,,,,216.0,,216,
F3-qwen3vl4b/initial/all_scenes/C_no_image_reuse_balanced/balanced_accuracy,0.5,0.5,0.5,,,,,
F3-qwen3vl4b/initial/all_scenes_intended_goal_sensitivity/C_TF_RF/accuracy_TF,0.7708333333333333,0.7708333333333333,0.7708333333333333,94,,,,
F3-qwen3vl4b/initial/all_scenes_intended_goal_sensitivity/C_TF_RF/accuracy_RF,0.7708333333333333,0.7708333333333333,0.7708333333333333,94,,,,
F3-qwen3vl4b/initial/all_scenes_intended_goal_sensitivity/C_TF_RF/gap,0.0,0.0,0.0,94,,,,
F3-qwen3vl4b/initial/all_scenes_intended_goal_sensitivity/C_TF_RF/both_correct,0.7708333333333333,0.7708333333333333,0.7708333333333333,94,,,,
F3-qwen3vl4b/initial/all_scenes_intended_goal_sensitivity/C_TF_RF/disagreement,0.0,0.0,0.0,94,,,,
F3-qwen3vl4b/secondary/main_S1_S3_S4/A_accuracy,0.5394345238095237,0.48003472222222215,0.6036727017195767,306,163.0,306,,
F3-qwen3vl4b/secondary/main_S1_S3_S4/A_pairs/accuracy_target_subject,0.5040509259259259,0.4368043154761904,0.574074074074074,153,,,,
F3-qwen3vl4b/secondary/main_S1_S3_S4/A_pairs/accuracy_reference_subject,0.5748181216931217,0.5058676421957673,0.6486111111111111,153,,,,
F3-qwen3vl4b/secondary/main_S1_S3_S4/A_pairs/gap,-0.07076719576719577,-0.1359147652116402,-0.008680555555555558,153,,,,
F3-qwen3vl4b/secondary/main_S1_S3_S4/A_pairs/both_correct,0.4213789682539682,0.3483692956349206,0.5005815972222222,153,,,,
F3-qwen3vl4b/secondary/main_S1_S3_S4/A_pairs/disagreement,0.23611111111111113,0.18113425925925922,0.2918340773809524,153,,,,
F3-qwen3vl4b/secondary/main_S1_S3_S4/A_balanced/recall_yes,0.6261574074074074,,,,55.0,,76,
F3-qwen3vl4b/secondary/main_S1_S3_S4/A_balanced/recall_no,0.46110284391534395,,,,108.0,,230,
F3-qwen3vl4b/secondary/main_S1_S3_S4/A_balanced/balanced_accuracy,0.5436301256613757,0.4982132523148148,0.6298290757275132,,,,,
F3-qwen3vl4b/secondary/main_S1_S3_S4/C_accuracy_all_forms,0.7435185185185184,0.6997354497354497,0.7923280423280423,360,270.0,360,,
F3-qwen3vl4b/secondary/main_S1_S3_S4/C_accuracy_DIR,0.7435185185185184,0.6997354497354497,0.7923280423280423,120,90.0,120,,
F3-qwen3vl4b/secondary/main_S1_S3_S4/C_balanced_DIR/recall_yes,0.0,,,,0.0,,30,
F3-qwen3vl4b/secondary/main_S1_S3_S4/C_balanced_DIR/recall_no,1.0,,,,90.0,,90,
F3-qwen3vl4b/secondary/main_S1_S3_S4/C_balanced_DIR/balanced_accuracy,0.5,0.5,0.5,,,,,
F3-qwen3vl4b/secondary/main_S1_S3_S4/C_accuracy_TF,0.7435185185185184,0.6997354497354497,0.7923280423280423,120,90.0,120,,
F3-qwen3vl4b/secondary/main_S1_S3_S4/C_balanced_TF/recall_yes,0.0,,,,0.0,,30,
F3-qwen3vl4b/secondary/main_S1_S3_S4/C_balanced_TF/recall_no,1.0,,,,90.0,,90,
F3-qwen3vl4b/secondary/main_S1_S3_S4/C_balanced_TF/balanced_accuracy,0.5,0.5,0.5,,,,,
F3-qwen3vl4b/secondary/main_S1_S3_S4/C_accuracy_RF,0.7435185185185184,0.6997354497354497,0.7923280423280423,120,90.0,120,,
F3-qwen3vl4b/secondary/main_S1_S3_S4/C_balanced_RF/recall_yes,0.0,,,,0.0,,30,
F3-qwen3vl4b/secondary/main_S1_S3_S4/C_balanced_RF/recall_no,1.0,,,,90.0,,90,
F3-qwen3vl4b/secondary/main_S1_S3_S4/C_balanced_RF/balanced_accuracy,0.5,0.5,0.5,,,,,
F3-qwen3vl4b/secondary/main_S1_S3_S4/C_balanced_all_forms/recall_yes,0.0,,,,0.0,,90,
F3-qwen3vl4b/secondary/main_S1_S3_S4/C_balanced_all_forms/recall_no,1.0,,,,270.0,,270,
F3-qwen3vl4b/secondary/main_S1_S3_S4/C_balanced_all_forms/balanced_accuracy,0.5,0.5,0.5,,,,,
F3-qwen3vl4b/secondary/main_S1_S3_S4/C_TF_RF/accuracy_TF,0.7435185185185184,0.6997354497354497,0.7923280423280423,120,,,,
F3-qwen3vl4b/secondary/main_S1_S3_S4/C_TF_RF/accuracy_RF,0.7435185185185184,0.6997354497354497,0.7923280423280423,120,,,,
F3-qwen3vl4b/secondary/main_S1_S3_S4/C_TF_RF/gap,0.0,0.0,0.0,120,,,,
F3-qwen3vl4b/secondary/main_S1_S3_S4/C_TF_RF/both_correct,0.7435185185185184,0.6997354497354497,0.7923280423280423,120,,,,
F3-qwen3vl4b/secondary/main_S1_S3_S4/C_TF_RF/disagreement,0.0,0.0,0.0,120,,,,
F3-qwen3vl4b/secondary/main_S1_S3_S4/C_DIR_TF/accuracy_DIR,0.7435185185185184,0.6997354497354497,0.7923280423280423,120,,,,
F3-qwen3vl4b/secondary/main_S1_S3_S4/C_DIR_TF/accuracy_TF,0.7435185185185184,0.6997354497354497,0.7923280423280423,120,,,,
F3-qwen3vl4b/secondary/main_S1_S3_S4/C_DIR_TF/gap,0.0,0.0,0.0,120,,,,
F3-qwen3vl4b/secondary/main_S1_S3_S4/C_DIR_TF/both_correct,0.7435185185185184,0.6997354497354497,0.7923280423280423,120,,,,
F3-qwen3vl4b/secondary/main_S1_S3_S4/C_DIR_TF/disagreement,0.0,0.0,0.0,120,,,,
F3-qwen3vl4b/secondary/main_S1_S3_S4/C_DIR_RF/accuracy_DIR,0.7435185185185184,0.6997354497354497,0.7923280423280423,120,,,,
F3-qwen3vl4b/secondary/main_S1_S3_S4/C_DIR_RF/accuracy_RF,0.7435185185185184,0.6997354497354497,0.7923280423280423,120,,,,
F3-qwen3vl4b/secondary/main_S1_S3_S4/C_DIR_RF/gap,0.0,0.0,0.0,120,,,,
F3-qwen3vl4b/secondary/main_S1_S3_S4/C_DIR_RF/both_correct,0.7435185185185184,0.6997354497354497,0.7923280423280423,120,,,,
F3-qwen3vl4b/secondary/main_S1_S3_S4/C_DIR_RF/disagreement,0.0,0.0,0.0,120,,,,
F3-qwen3vl4b/secondary/main_S1_S3_S4/C_TF_RF_all_geometry_sensitivity/accuracy_TF,0.736111111111111,0.7083333333333334,0.7777777777777777,125,,,,
F3-qwen3vl4b/secondary/main_S1_S3_S4/C_TF_RF_all_geometry_sensitivity/accuracy_RF,0.736111111111111,0.7083333333333334,0.7777777777777777,125,,,,
F3-qwen3vl4b/secondary/main_S1_S3_S4/C_TF_RF_all_geometry_sensitivity/gap,0.0,0.0,0.0,125,,,,
F3-qwen3vl4b/secondary/main_S1_S3_S4/C_TF_RF_all_geometry_sensitivity/both_correct,0.736111111111111,0.7083333333333334,0.7777777777777777,125,,,,
F3-qwen3vl4b/secondary/main_S1_S3_S4/C_TF_RF_all_geometry_sensitivity/disagreement,0.0,0.0,0.0,125,,,,
F3-qwen3vl4b/secondary/main_S1_S3_S4/A_pairs_all_geometry_sensitivity/accuracy_target_subject,0.5225694444444445,0.45481770833333335,0.5920138888888888,160,,,,
F3-qwen3vl4b/secondary/main_S1_S3_S4/A_pairs_all_geometry_sensitivity/accuracy_reference_subject,0.5920138888888888,0.5243055555555555,0.6631944444444445,160,,,,
F3-qwen3vl4b/secondary/main_S1_S3_S4/A_pairs_all_geometry_sensitivity/gap,-0.06944444444444446,-0.12847222222222224,-0.013888888888888886,160,,,,
F3-qwen3vl4b/secondary/main_S1_S3_S4/A_pairs_all_geometry_sensitivity/both_correct,0.4461805555555556,0.3697916666666667,0.5243055555555556,160,,,,
F3-qwen3vl4b/secondary/main_S1_S3_S4/A_pairs_all_geometry_sensitivity/disagreement,0.2222222222222222,0.1684027777777778,0.2777777777777778,160,,,,
F3-qwen3vl4b/secondary/S5/A_accuracy,0.7142857142857143,0.3333333333333333,1.0,52,40.0,52,,
F3-qwen3vl4b/secondary/S5/A_pairs/accuracy_target_subject,0.7142857142857143,0.3333333333333333,1.0,26,,,,
F3-qwen3vl4b/secondary/S5/A_pairs/accuracy_reference_subject,0.7142857142857143,0.3333333333333333,1.0,26,,,,
F3-qwen3vl4b/secondary/S5/A_pairs/gap,0.0,0.0,0.0,26,,,,
F3-qwen3vl4b/secondary/S5/A_pairs/both_correct,0.7142857142857143,0.3333333333333333,1.0,26,,,,
F3-qwen3vl4b/secondary/S5/A_pairs/disagreement,0.0,0.0,0.0,26,,,,
F3-qwen3vl4b/secondary/S5/A_balanced/recall_yes,0.0,,,,0.0,,12,
F3-qwen3vl4b/secondary/S5/A_balanced/recall_no,1.0,,,,40.0,,40,
F3-qwen3vl4b/secondary/S5/A_balanced/balanced_accuracy,0.5,0.5,0.5,,,,,
F3-qwen3vl4b/secondary/S5/C_accuracy_all_forms,0.8611111111111112,0.6388888888888888,1.0,54,44.0,54,,
F3-qwen3vl4b/secondary/S5/C_accuracy_DIR,0.8333333333333334,0.625,1.0,18,14.0,18,,
F3-qwen3vl4b/secondary/S5/C_balanced_DIR/recall_yes,0.5,,,,2.0,,4,
F3-qwen3vl4b/secondary/S5/C_balanced_DIR/recall_no,0.9,,,,12.0,,14,
F3-qwen3vl4b/secondary/S5/C_balanced_DIR/balanced_accuracy,0.7,0.5833333333333333,0.75,,,,,
F3-qwen3vl4b/secondary/S5/C_accuracy_TF,0.8333333333333334,0.5,1.0,18,14.0,18,,
F3-qwen3vl4b/secondary/S5/C_balanced_TF/recall_yes,0.0,,,,0.0,,4,
F3-qwen3vl4b/secondary/S5/C_balanced_TF/recall_no,1.0,,,,14.0,,14,
F3-qwen3vl4b/secondary/S5/C_balanced_TF/balanced_accuracy,0.5,0.5,0.5,,,,,
F3-qwen3vl4b/secondary/S5/C_accuracy_RF,0.9166666666666667,0.75,1.0,18,16.0,18,,
F3-qwen3vl4b/secondary/S5/C_balanced_RF/recall_yes,0.0,,,,0.0,,2,
F3-qwen3vl4b/secondary/S5/C_balanced_RF/recall_no,1.0,,,,16.0,,16,
F3-qwen3vl4b/secondary/S5/C_balanced_RF/balanced_accuracy,0.5,0.5,0.5,,,,,
F3-qwen3vl4b/secondary/S5/C_balanced_all_forms/recall_yes,0.20833333333333331,,,,2.0,,10,
F3-qwen3vl4b/secondary/S5/C_balanced_all_forms/recall_no,0.9694444444444446,,,,42.0,,44,
F3-qwen3vl4b/secondary/S5/C_balanced_all_forms/balanced_accuracy,0.5888888888888889,0.5583333333333333,0.6041666666666666,,,,,
F3-qwen3vl4b/secondary/S5/C_TF_RF/accuracy_TF,0.8333333333333334,0.5,1.0,18,,,,
F3-qwen3vl4b/secondary/S5/C_TF_RF/accuracy_RF,0.9166666666666667,0.75,1.0,18,,,,
F3-qwen3vl4b/secondary/S5/C_TF_RF/gap,-0.08333333333333333,-0.25,0.0,18,,,,
F3-qwen3vl4b/secondary/S5/C_TF_RF/both_correct,0.8333333333333334,0.5,1.0,18,,,,
F3-qwen3vl4b/secondary/S5/C_TF_RF/disagreement,0.0,0.0,0.0,18,,,,
F3-qwen3vl4b/secondary/S5/C_DIR_TF/accuracy_DIR,0.8333333333333334,0.625,1.0,18,,,,
F3-qwen3vl4b/secondary/S5/C_DIR_TF/accuracy_TF,0.8333333333333334,0.5,1.0,18,,,,
F3-qwen3vl4b/secondary/S5/C_DIR_TF/gap,0.0,-0.25,0.25,18,,,,
F3-qwen3vl4b/secondary/S5/C_DIR_TF/both_correct,0.75,0.4,1.0,18,,,,
F3-qwen3vl4b/secondary/S5/C_DIR_TF/disagreement,0.16666666666666666,0.0,0.375,18,,,,
F3-qwen3vl4b/secondary/S5/C_DIR_RF/accuracy_DIR,0.8333333333333334,0.625,1.0,18,,,,
F3-qwen3vl4b/secondary/S5/C_DIR_RF/accuracy_RF,0.9166666666666667,0.75,1.0,18,,,,
F3-qwen3vl4b/secondary/S5/C_DIR_RF/gap,-0.08333333333333333,-0.25,0.0,18,,,,
F3-qwen3vl4b/secondary/S5/C_DIR_RF/both_correct,0.7916666666666667,0.5,1.0,18,,,,
F3-qwen3vl4b/secondary/S5/C_DIR_RF/disagreement,0.16666666666666666,0.0,0.375,18,,,,
F3-qwen3vl4b/secondary/S5/C_TF_RF_all_geometry_sensitivity/accuracy_TF,0.8333333333333334,0.5,1.0,18,,,,
F3-qwen3vl4b/secondary/S5/C_TF_RF_all_geometry_sensitivity/accuracy_RF,0.9166666666666667,0.75,1.0,18,,,,
F3-qwen3vl4b/secondary/S5/C_TF_RF_all_geometry_sensitivity/gap,-0.08333333333333333,-0.25,0.0,18,,,,
F3-qwen3vl4b/secondary/S5/C_TF_RF_all_geometry_sensitivity/both_correct,0.8333333333333334,0.5,1.0,18,,,,
F3-qwen3vl4b/secondary/S5/C_TF_RF_all_geometry_sensitivity/disagreement,0.0,0.0,0.0,18,,,,
F3-qwen3vl4b/secondary/S5/A_pairs_all_geometry_sensitivity/accuracy_target_subject,0.7142857142857143,0.3333333333333333,1.0,26,,,,
F3-qwen3vl4b/secondary/S5/A_pairs_all_geometry_sensitivity/accuracy_reference_subject,0.7142857142857143,0.3333333333333333,1.0,26,,,,
F3-qwen3vl4b/secondary/S5/A_pairs_all_geometry_sensitivity/gap,0.0,0.0,0.0,26,,,,
F3-qwen3vl4b/secondary/S5/A_pairs_all_geometry_sensitivity/both_correct,0.7142857142857143,0.3333333333333333,1.0,26,,,,
F3-qwen3vl4b/secondary/S5/A_pairs_all_geometry_sensitivity/disagreement,0.0,0.0,0.0,26,,,,
F3-qwen3vl4b/secondary/all_scenes/A_accuracy,0.5831473214285714,0.4812681361607143,0.673828125,358,203.0,358,,
F3-qwen3vl4b/secondary/all_scenes/A_pairs/accuracy_target_subject,0.556609623015873,0.451264880952381,0.6506082589285713,179,,,,
F3-qwen3vl4b/secondary/all_scenes/A_pairs/accuracy_reference_subject,0.6096850198412699,0.5061011904761905,0.7035611979166665,179,,,,
F3-qwen3vl4b/secondary/all_scenes/A_pairs/gap,-0.05307539682539683,-0.10193607390873016,-0.006510416666666668,179,,,,
F3-qwen3vl4b/secondary/all_scenes/A_pairs/both_correct,0.49460565476190477,0.3880208333333333,0.5921893601190475,179,,,,
F3-qwen3vl4b/secondary/all_scenes/A_pairs/disagreement,0.17708333333333334,0.13585069444444442,0.2188755580357143,179,,,,
F3-qwen3vl4b/secondary/all_scenes/A_balanced/recall_yes,0.4696180555555556,,,,55.0,,88,
F3-qwen3vl4b/secondary/all_scenes/A_balanced/recall_no,0.5958271329365079,,,,148.0,,270,
F3-qwen3vl4b/secondary/all_scenes/A_balanced/balanced_accuracy,0.5327225942460317,0.4987386067708333,0.5975450303819444,,,,,
F3-qwen3vl4b/secondary/all_scenes/C_accuracy_all_forms,0.7729166666666666,0.7083333333333333,0.8283730158730159,414,314.0,414,,
F3-qwen3vl4b/secondary/all_scenes/C_accuracy_DIR,0.7659722222222222,0.7056522817460318,0.8229166666666666,138,104.0,138,,
F3-qwen3vl4b/secondary/all_scenes/C_balanced_DIR/recall_yes,0.125,,,,2.0,,34,
F3-qwen3vl4b/secondary/all_scenes/C_balanced_DIR/recall_no,0.975,,,,102.0,,104,
F3-qwen3vl4b/secondary/all_scenes/C_balanced_DIR/balanced_accuracy,0.55,0.5208333333333333,0.5625,,,,,
F3-qwen3vl4b/secondary/all_scenes/C_accuracy_TF,0.7659722222222222,0.6718179563492064,0.8338343253968253,138,104.0,138,,
F3-qwen3vl4b/secondary/all_scenes/C_balanced_TF/recall_yes,0.0,,,,0.0,,34,
F3-qwen3vl4b/secondary/all_scenes/C_balanced_TF/recall_no,1.0,,,,104.0,,104,
F3-qwen3vl4b/secondary/all_scenes/C_balanced_TF/balanced_accuracy,0.5,0.5,0.5,,,,,
F3-qwen3vl4b/secondary/all_scenes/C_accuracy_RF,0.7868055555555555,0.7336309523809523,0.8348263888888888,138,106.0,138,,
F3-qwen3vl4b/secondary/all_scenes/C_balanced_RF/recall_yes,0.0,,,,0.0,,32,
F3-qwen3vl4b/secondary/all_scenes/C_balanced_RF/recall_no,1.0,,,,106.0,,106,
F3-qwen3vl4b/secondary/all_scenes/C_balanced_RF/balanced_accuracy,0.5,0.5,0.5,,,,,
F3-qwen3vl4b/secondary/all_scenes/C_balanced_all_forms/recall_yes,0.05208333333333333,,,,2.0,,100,
F3-qwen3vl4b/secondary/all_scenes/C_balanced_all_forms/recall_no,0.9923611111111111,,,,312.0,,314,
F3-qwen3vl4b/secondary/all_scenes/C_balanced_all_forms/balanced_accuracy,0.5222222222222223,0.5145833333333333,0.5260416666666666,,,,,
F3-qwen3vl4b/secondary/all_scenes/C_TF_RF/accuracy_TF,0.7659722222222222,0.6718179563492064,0.8338343253968253,138,,,,
F3-qwen3vl4b/secondary/all_scenes/C_TF_RF/accuracy_RF,0.7868055555555555,0.7336309523809523,0.8348263888888888,138,,,,
F3-qwen3vl4b/secondary/all_scenes/C_TF_RF/gap,-0.020833333333333332,-0.0625,0.0,138,,,,
F3-qwen3vl4b/secondary/all_scenes/C_TF_RF/both_correct,0.7659722222222222,0.6718179563492064,0.8338343253968253,138,,,,
F3-qwen3vl4b/secondary/all_scenes/C_TF_RF/disagreement,0.0,0.0,0.0,138,,,,
F3-qwen3vl4b/secondary/all_scenes/C_DIR_TF/accuracy_DIR,0.7659722222222222,0.7056522817460318,0.8229166666666666,138,,,,
F3-qwen3vl4b/secondary/all_scenes/C_DIR_TF/accuracy_TF,0.7659722222222222,0.6718179563492064,0.8338343253968253,138,,,,
F3-qwen3vl4b/secondary/all_scenes/C_DIR_TF/gap,0.0,-0.0625,0.0625,138,,,,
F3-qwen3vl4b/secondary/all_scenes/C_DIR_TF/both_correct,0.7451388888888888,0.6541666666666667,0.8208333333333333,138,,,,
F3-qwen3vl4b/secondary/all_scenes/C_DIR_TF/disagreement,0.041666666666666664,0.0,0.09375,138,,,,
F3-qwen3vl4b/secondary/all_scenes/C_DIR_RF/accuracy_DIR,0.7659722222222222,0.7056522817460318,0.8229166666666666,138,,,,
F3-qwen3vl4b/secondary/all_scenes/C_DIR_RF/accuracy_RF,0.7868055555555555,0.7336309523809523,0.8348263888888888,138,,,,
F3-qwen3vl4b/secondary/all_scenes/C_DIR_RF/gap,-0.020833333333333332,-0.0625,0.0,138,,,,
F3-qwen3vl4b/secondary/all_scenes/C_DIR_RF/both_correct,0.7555555555555555,0.6822371031746032,0.8215277777777779,138,,,,
F3-qwen3vl4b/secondary/all_scenes/C_DIR_RF/disagreement,0.041666666666666664,0.0,0.09375,138,,,,
F3-qwen3vl4b/secondary/all_scenes/C_TF_RF_all_geometry_sensitivity/accuracy_TF,0.7604166666666666,0.6666666666666666,0.8229166666666666,143,,,,
F3-qwen3vl4b/secondary/all_scenes/C_TF_RF_all_geometry_sensitivity/accuracy_RF,0.78125,0.7291666666666666,0.8229166666666666,143,,,,
F3-qwen3vl4b/secondary/all_scenes/C_TF_RF_all_geometry_sensitivity/gap,-0.020833333333333332,-0.0625,0.0,143,,,,
F3-qwen3vl4b/secondary/all_scenes/C_TF_RF_all_geometry_sensitivity/both_correct,0.7604166666666666,0.6666666666666666,0.8229166666666666,143,,,,
F3-qwen3vl4b/secondary/all_scenes/C_TF_RF_all_geometry_sensitivity/disagreement,0.0,0.0,0.0,143,,,,
F3-qwen3vl4b/secondary/all_scenes/A_pairs_all_geometry_sensitivity/accuracy_target_subject,0.570498511904762,0.46484375,0.6640625,186,,,,
F3-qwen3vl4b/secondary/all_scenes/A_pairs_all_geometry_sensitivity/accuracy_reference_subject,0.6225818452380952,0.5180431547619048,0.7161458333333334,186,,,,
F3-qwen3vl4b/secondary/all_scenes/A_pairs_all_geometry_sensitivity/gap,-0.05208333333333334,-0.09635416666666667,-0.010416666666666664,186,,,,
F3-qwen3vl4b/secondary/all_scenes/A_pairs_all_geometry_sensitivity/both_correct,0.5132068452380952,0.4062453497023809,0.6106770833333334,186,,,,
F3-qwen3vl4b/secondary/all_scenes/A_pairs_all_geometry_sensitivity/disagreement,0.16666666666666666,0.12630208333333334,0.20833333333333334,186,,,,
F3-qwen3vl4b/secondary/all_scenes_intended_goal_sensitivity/C_TF_RF/accuracy_TF,0.7659722222222222,0.6718179563492064,0.8338343253968253,138,,,,
F3-qwen3vl4b/secondary/all_scenes_intended_goal_sensitivity/C_TF_RF/accuracy_RF,0.7659722222222222,0.6718179563492064,0.8338343253968253,138,,,,
F3-qwen3vl4b/secondary/all_scenes_intended_goal_sensitivity/C_TF_RF/gap,0.0,0.0,0.0,138,,,,
F3-qwen3vl4b/secondary/all_scenes_intended_goal_sensitivity/C_TF_RF/both_correct,0.7659722222222222,0.6718179563492064,0.8338343253968253,138,,,,
F3-qwen3vl4b/secondary/all_scenes_intended_goal_sensitivity/C_TF_RF/disagreement,0.0,0.0,0.0,138,,,,
N3-base/initial/main_S1_S3_S4/A_accuracy,0.5047123015873015,0.46875,0.5399305555555555,156,81.0,156,,
N3-base/initial/main_S1_S3_S4/A_pairs/accuracy_target_subject,0.5416666666666666,0.5104166666666666,0.5729166666666666,78,,,,
N3-base/initial/main_S1_S3_S4/A_pairs/accuracy_reference_subject,0.4677579365079365,0.4074074074074074,0.5307622354497353,78,,,,
N3-base/initial/main_S1_S3_S4/A_pairs/gap,0.07390873015873016,0.00644345238095239,0.1369047619047619,78,,,,
N3-base/initial/main_S1_S3_S4/A_pairs/both_correct,0.4151785714285714,0.3680555555555555,0.46181795634920614,78,,,,
N3-base/initial/main_S1_S3_S4/A_pairs/disagreement,0.17906746031746032,0.125,0.23263888888888892,78,,,,
N3-base/initial/main_S1_S3_S4/A_balanced/recall_yes,0.4880952380952381,,,,22.0,,44,
N3-base/initial/main_S1_S3_S4/A_balanced/recall_no,0.5208333333333334,,,,59.0,,112,
N3-base/initial/main_S1_S3_S4/A_balanced/balanced_accuracy,0.5044642857142857,0.4479166666666667,0.5570436507936508,,,,,
N3-base/initial/main_S1_S3_S4/C_accuracy_all_forms,0.6483134920634921,0.611276455026455,0.6843598434744268,234,155.0,234,,
N3-base/initial/main_S1_S3_S4/C_accuracy_DIR,0.6458333333333334,0.5902777777777778,0.7013888888888888,78,51.0,78,,
N3-base/initial/main_S1_S3_S4/C_balanced_DIR/recall_yes,0.3333333333333333,,,,7.0,,22,
N3-base/initial/main_S1_S3_S4/C_balanced_DIR/recall_no,0.7638888888888888,,,,44.0,,56,
N3-base/initial/main_S1_S3_S4/C_balanced_DIR/balanced_accuracy,0.548611111111111,0.5069444444444444,0.5902777777777778,,,,,
N3-base/initial/main_S1_S3_S4/C_accuracy_TF,0.6046626984126984,0.53125,0.6770833333333334,78,48.0,78,,
N3-base/initial/main_S1_S3_S4/C_balanced_TF/recall_yes,0.3452380952380952,,,,8.0,,22,
N3-base/initial/main_S1_S3_S4/C_balanced_TF/recall_no,0.7430555555555555,,,,40.0,,56,
N3-base/initial/main_S1_S3_S4/C_balanced_TF/balanced_accuracy,0.5441468253968254,0.45138888888888884,0.6354166666666666,,,,,
N3-base/initial/main_S1_S3_S4/C_accuracy_RF,0.6944444444444443,0.6944444444444443,0.6944444444444443,78,56.0,78,,
N3-base/initial/main_S1_S3_S4/C_balanced_RF/recall_yes,0.0,,,,0.0,,22,
N3-base/initial/main_S1_S3_S4/C_balanced_RF/recall_no,1.0,,,,56.0,,56,
N3-base/initial/main_S1_S3_S4/C_balanced_RF/balanced_accuracy,0.5,0.5,0.5,,,,,
N3-base/initial/main_S1_S3_S4/C_balanced_all_forms/recall_yes,0.2261904761904762,,,,15.0,,66,
N3-base/initial/main_S1_S3_S4/C_balanced_all_forms/recall_no,0.835648148148148,,,,140.0,,168,
N3-base/initial/main_S1_S3_S4/C_balanced_all_forms/balanced_accuracy,0.5309193121693121,0.49305555555555547,0.568287037037037,,,,,
N3-base/initial/main_S1_S3_S4/C_TF_RF/accuracy_TF,0.6046626984126984,0.53125,0.6770833333333334,78,,,,
N3-base/initial/main_S1_S3_S4/C_TF_RF/accuracy_RF,0.6944444444444443,0.6944444444444443,0.6944444444444443,78,,,,
N3-base/initial/main_S1_S3_S4/C_TF_RF/gap,-0.08978174603174605,-0.16319444444444448,-0.017361111111111122,78,,,,
N3-base/initial/main_S1_S3_S4/C_TF_RF/both_correct,0.5104166666666666,0.4651909722222224,0.5590277777777777,78,,,,
N3-base/initial/main_S1_S3_S4/C_TF_RF/disagreement,0.27827380952380953,0.2222222222222222,0.33451140873015844,78,,,,
N3-base/initial/main_S1_S3_S4/C_DIR_TF/accuracy_DIR,0.6458333333333334,0.5902777777777778,0.7013888888888888,78,,,,
N3-base/initial/main_S1_S3_S4/C_DIR_TF/accuracy_TF,0.6046626984126984,0.53125,0.6770833333333334,78,,,,
N3-base/initial/main_S1_S3_S4/C_DIR_TF/gap,0.04117063492063492,-0.027777777777777776,0.11113591269841235,78,,,,
N3-base/initial/main_S1_S3_S4/C_DIR_TF/both_correct,0.4484126984126984,0.37847222222222215,0.5243055555555556,78,,,,
N3-base/initial/main_S1_S3_S4/C_DIR_TF/disagreement,0.3536706349206349,0.2802579365079365,0.4236111111111111,78,,,,
N3-base/initial/main_S1_S3_S4/C_DIR_RF/accuracy_DIR,0.6458333333333334,0.5902777777777778,0.7013888888888888,78,,,,
N3-base/initial/main_S1_S3_S4/C_DIR_RF/accuracy_RF,0.6944444444444443,0.6944444444444443,0.6944444444444443,78,,,,
N3-base/initial/main_S1_S3_S4/C_DIR_RF/gap,-0.048611111111111105,-0.10416666666666667,0.0069444444444444475,78,,,,
N3-base/initial/main_S1_S3_S4/C_DIR_RF/both_correct,0.5347222222222222,0.4791666666666667,0.5902777777777778,78,,,,
N3-base/initial/main_S1_S3_S4/C_DIR_RF/disagreement,0.2708333333333333,0.21527777777777776,0.3263888888888889,78,,,,
N3-base/initial/main_S1_S3_S4/C_TF_RF_all_geometry_sensitivity/accuracy_TF,0.6006944444444444,0.5277777777777778,0.6701388888888888,80,,,,
N3-base/initial/main_S1_S3_S4/C_TF_RF_all_geometry_sensitivity/accuracy_RF,0.6944444444444443,0.6944444444444443,0.6944444444444443,80,,,,
N3-base/initial/main_S1_S3_S4/C_TF_RF_all_geometry_sensitivity/gap,-0.09375000000000001,-0.16666666666666666,-0.024305555555555552,80,,,,
N3-base/initial/main_S1_S3_S4/C_TF_RF_all_geometry_sensitivity/both_correct,0.5104166666666666,0.4651909722222224,0.5590277777777777,80,,,,
N3-base/initial/main_S1_S3_S4/C_TF_RF_all_geometry_sensitivity/disagreement,0.2743055555555556,0.2222222222222222,0.3298611111111111,80,,,,
N3-base/initial/main_S1_S3_S4/A_pairs_all_geometry_sensitivity/accuracy_target_subject,0.5555555555555555,0.5208333333333334,0.59375,80,,,,
N3-base/initial/main_S1_S3_S4/A_pairs_all_geometry_sensitivity/accuracy_reference_subject,0.4756944444444444,0.4131944444444444,0.5347222222222222,80,,,,
N3-base/initial/main_S1_S3_S4/A_pairs_all_geometry_sensitivity/gap,0.07986111111111112,0.017361111111111115,0.13888888888888887,80,,,,
N3-base/initial/main_S1_S3_S4/A_pairs_all_geometry_sensitivity/both_correct,0.4270833333333333,0.37847222222222215,0.4791666666666667,80,,,,
N3-base/initial/main_S1_S3_S4/A_pairs_all_geometry_sensitivity/disagreement,0.17708333333333334,0.1284722222222222,0.22578124999999874,80,,,,
N3-base/initial/main_S1_S3_S4/B_image_tuple_accuracy,0.8449074074074073,0.8344907407407406,0.8518518518518517,240,206.0,240,,
N3-base/initial/main_S1_S3_S4/B_image_target_accuracy,1.0,1.0,1.0,240,240.0,240,,
N3-base/initial/main_S1_S3_S4/B_image_reference_accuracy,1.0,1.0,1.0,240,240.0,240,,
N3-base/initial/main_S1_S3_S4/B_image_relation_accuracy,0.8449074074074073,0.8344907407407406,0.8518518518518517,240,206.0,240,,
N3-base/initial/main_S1_S3_S4/B_image_tuple_accuracy_DIR,1.0,1.0,1.0,80,80.0,80,,
N3-base/initial/main_S1_S3_S4/B_image_tuple_accuracy_TF,1.0,1.0,1.0,80,80.0,80,,
N3-base/initial/main_S1_S3_S4/B_image_tuple_accuracy_RF,0.5347222222222222,0.5034722222222222,0.5555555555555555,80,46.0,80,,
N3-base/initial/main_S1_S3_S4/B_image_TF_RF/accuracy_TF,1.0,1.0,1.0,80,,,,
N3-base/initial/main_S1_S3_S4/B_image_TF_RF/accuracy_RF,0.5347222222222222,0.5034722222222222,0.5555555555555555,80,,,,
N3-base/initial/main_S1_S3_S4/B_image_TF_RF/gap,0.46527777777777773,0.4444444444444444,0.49652777777777773,80,,,,
N3-base/initial/main_S1_S3_S4/B_image_TF_RF/both_correct,0.5347222222222222,0.5034722222222222,0.5555555555555555,80,,,,
N3-base/initial/main_S1_S3_S4/B_image_TF_RF/disagreement,0.46527777777777773,0.4444444444444444,0.49652777777777773,80,,,,
N3-base/initial/main_S1_S3_S4/B_image_DIR_TF/accuracy_DIR,1.0,1.0,1.0,80,,,,
N3-base/initial/main_S1_S3_S4/B_image_DIR_TF/accuracy_TF,1.0,1.0,1.0,80,,,,
N3-base/initial/main_S1_S3_S4/B_image_DIR_TF/gap,0.0,0.0,0.0,80,,,,
N3-base/initial/main_S1_S3_S4/B_image_DIR_TF/both_correct,1.0,1.0,1.0,80,,,,
N3-base/initial/main_S1_S3_S4/B_image_DIR_TF/disagreement,0.0,0.0,0.0,80,,,,
N3-base/initial/main_S1_S3_S4/placement_B_image/accuracy_reference_early,1.0,1.0,1.0,64,,,,
N3-base/initial/main_S1_S3_S4/placement_B_image/accuracy_reference_late,1.0,1.0,1.0,64,,,,
N3-base/initial/main_S1_S3_S4/placement_B_image/gap,0.0,0.0,0.0,64,,,,
N3-base/initial/main_S1_S3_S4/placement_B_image/both_correct,1.0,1.0,1.0,64,,,,
N3-base/initial/main_S1_S3_S4/placement_B_image/disagreement,0.0,0.0,0.0,64,,,,
N3-base/initial/main_S1_S3_S4/placement_C_image/accuracy_reference_early,0.4166666666666667,0.4166666666666667,0.4166666666666667,62,,,,
N3-base/initial/main_S1_S3_S4/placement_C_image/accuracy_reference_late,0.3452380952380952,0.25595238095238093,0.432752976190476,62,,,,
N3-base/initial/main_S1_S3_S4/placement_C_image/gap,0.07142857142857144,-0.01608630952380951,0.16071428571428573,62,,,,
N3-base/initial/main_S1_S3_S4/placement_C_image/both_correct,0.25,0.1875,0.3125,62,,,,
N3-base/initial/main_S1_S3_S4/placement_C_image/disagreement,0.2619047619047619,0.16666666666666666,0.36607142857142855,62,,,,
N3-base/initial/main_S1_S3_S4/placement_C_image_accuracy,0.38095238095238093,0.3363095238095238,0.42470982142857133,124,56.0,124,,
N3-base/initial/main_S1_S3_S4/C_no_image_reuse_accuracy,0.5925925925925926,0.5925925925925926,0.5925925925925926,234,144.0,234,,
N3-base/initial/main_S1_S3_S4/C_no_image_reuse_TF_RF/accuracy_TF,0.6944444444444443,0.6944444444444443,0.6944444444444443,78,,,,
N3-base/initial/main_S1_S3_S4/C_no_image_reuse_TF_RF/accuracy_RF,0.38888888888888884,0.38888888888888884,0.38888888888888884,78,,,,
N3-base/initial/main_S1_S3_S4/C_no_image_reuse_TF_RF/gap,0.3055555555555555,0.3055555555555555,0.3055555555555555,78,,,,
N3-base/initial/main_S1_S3_S4/C_no_image_reuse_TF_RF/both_correct,0.38888888888888884,0.38888888888888884,0.38888888888888884,78,,,,
N3-base/initial/main_S1_S3_S4/C_no_image_reuse_TF_RF/disagreement,0.5,0.5,0.5,78,,,,
N3-base/initial/main_S1_S3_S4/C_no_image_reuse_balanced/recall_yes,0.0,,,,0.0,,66,
N3-base/initial/main_S1_S3_S4/C_no_image_reuse_balanced/recall_no,0.8518518518518517,,,,144.0,,168,
N3-base/initial/main_S1_S3_S4/C_no_image_reuse_balanced/balanced_accuracy,0.4259259259259259,0.4259259259259259,0.4259259259259259,,,,,
N3-base/initial/S5/A_accuracy,1.0,1.0,1.0,32,32.0,32,,
N3-base/initial/S5/A_pairs/accuracy_target_subject,1.0,1.0,1.0,16,,,,
N3-base/initial/S5/A_pairs/accuracy_reference_subject,1.0,1.0,1.0,16,,,,
N3-base/initial/S5/A_pairs/gap,0.0,0.0,0.0,16,,,,
N3-base/initial/S5/A_pairs/both_correct,1.0,1.0,1.0,16,,,,
N3-base/initial/S5/A_pairs/disagreement,0.0,0.0,0.0,16,,,,
N3-base/initial/S5/A_balanced/recall_yes,,,,,0.0,,0,
N3-base/initial/S5/A_balanced/recall_no,1.0,,,,32.0,,32,
N3-base/initial/S5/A_balanced/balanced_accuracy,,,,,,,,undefined_one_class_absent
N3-base/initial/S5/C_accuracy_all_forms,1.0,1.0,1.0,48,48.0,48,,
N3-base/initial/S5/C_accuracy_DIR,1.0,1.0,1.0,16,16.0,16,,
N3-base/initial/S5/C_balanced_DIR/recall_yes,,,,,0.0,,0,
N3-base/initial/S5/C_balanced_DIR/recall_no,1.0,,,,16.0,,16,
N3-base/initial/S5/C_balanced_DIR/balanced_accuracy,,,,,,,,undefined_one_class_absent
N3-base/initial/S5/C_accuracy_TF,1.0,1.0,1.0,16,16.0,16,,
N3-base/initial/S5/C_balanced_TF/recall_yes,,,,,0.0,,0,
N3-base/initial/S5/C_balanced_TF/recall_no,1.0,,,,16.0,,16,
N3-base/initial/S5/C_balanced_TF/balanced_accuracy,,,,,,,,undefined_one_class_absent
N3-base/initial/S5/C_accuracy_RF,1.0,1.0,1.0,16,16.0,16,,
N3-base/initial/S5/C_balanced_RF/recall_yes,,,,,0.0,,0,
N3-base/initial/S5/C_balanced_RF/recall_no,1.0,,,,16.0,,16,
N3-base/initial/S5/C_balanced_RF/balanced_accuracy,,,,,,,,undefined_one_class_absent
N3-base/initial/S5/C_balanced_all_forms/recall_yes,,,,,0.0,,0,
N3-base/initial/S5/C_balanced_all_forms/recall_no,1.0,,,,48.0,,48,
N3-base/initial/S5/C_balanced_all_forms/balanced_accuracy,,,,,,,,undefined_one_class_absent
N3-base/initial/S5/C_TF_RF/accuracy_TF,1.0,1.0,1.0,16,,,,
N3-base/initial/S5/C_TF_RF/accuracy_RF,1.0,1.0,1.0,16,,,,
N3-base/initial/S5/C_TF_RF/gap,0.0,0.0,0.0,16,,,,
N3-base/initial/S5/C_TF_RF/both_correct,1.0,1.0,1.0,16,,,,
N3-base/initial/S5/C_TF_RF/disagreement,0.0,0.0,0.0,16,,,,
N3-base/initial/S5/C_DIR_TF/accuracy_DIR,1.0,1.0,1.0,16,,,,
N3-base/initial/S5/C_DIR_TF/accuracy_TF,1.0,1.0,1.0,16,,,,
N3-base/initial/S5/C_DIR_TF/gap,0.0,0.0,0.0,16,,,,
N3-base/initial/S5/C_DIR_TF/both_correct,1.0,1.0,1.0,16,,,,
N3-base/initial/S5/C_DIR_TF/disagreement,0.0,0.0,0.0,16,,,,
N3-base/initial/S5/C_DIR_RF/accuracy_DIR,1.0,1.0,1.0,16,,,,
N3-base/initial/S5/C_DIR_RF/accuracy_RF,1.0,1.0,1.0,16,,,,
N3-base/initial/S5/C_DIR_RF/gap,0.0,0.0,0.0,16,,,,
N3-base/initial/S5/C_DIR_RF/both_correct,1.0,1.0,1.0,16,,,,
N3-base/initial/S5/C_DIR_RF/disagreement,0.0,0.0,0.0,16,,,,
N3-base/initial/S5/C_TF_RF_all_geometry_sensitivity/accuracy_TF,1.0,1.0,1.0,16,,,,
N3-base/initial/S5/C_TF_RF_all_geometry_sensitivity/accuracy_RF,1.0,1.0,1.0,16,,,,
N3-base/initial/S5/C_TF_RF_all_geometry_sensitivity/gap,0.0,0.0,0.0,16,,,,
N3-base/initial/S5/C_TF_RF_all_geometry_sensitivity/both_correct,1.0,1.0,1.0,16,,,,
N3-base/initial/S5/C_TF_RF_all_geometry_sensitivity/disagreement,0.0,0.0,0.0,16,,,,
N3-base/initial/S5/A_pairs_all_geometry_sensitivity/accuracy_target_subject,1.0,1.0,1.0,16,,,,
N3-base/initial/S5/A_pairs_all_geometry_sensitivity/accuracy_reference_subject,1.0,1.0,1.0,16,,,,
N3-base/initial/S5/A_pairs_all_geometry_sensitivity/gap,0.0,0.0,0.0,16,,,,
N3-base/initial/S5/A_pairs_all_geometry_sensitivity/both_correct,1.0,1.0,1.0,16,,,,
N3-base/initial/S5/A_pairs_all_geometry_sensitivity/disagreement,0.0,0.0,0.0,16,,,,
N3-base/initial/S5/B_image_tuple_accuracy,0.6666666666666666,0.6666666666666666,0.6666666666666666,48,32.0,48,,
N3-base/initial/S5/B_image_target_accuracy,1.0,1.0,1.0,48,48.0,48,,
N3-base/initial/S5/B_image_reference_accuracy,1.0,1.0,1.0,48,48.0,48,,
N3-base/initial/S5/B_image_relation_accuracy,0.6666666666666666,0.6666666666666666,0.6666666666666666,48,32.0,48,,
N3-base/initial/S5/B_image_tuple_accuracy_DIR,1.0,1.0,1.0,16,16.0,16,,
N3-base/initial/S5/B_image_tuple_accuracy_TF,1.0,1.0,1.0,16,16.0,16,,
N3-base/initial/S5/B_image_tuple_accuracy_RF,0.0,0.0,0.0,16,0.0,16,,
N3-base/initial/S5/B_image_TF_RF/accuracy_TF,1.0,1.0,1.0,16,,,,
N3-base/initial/S5/B_image_TF_RF/accuracy_RF,0.0,0.0,0.0,16,,,,
N3-base/initial/S5/B_image_TF_RF/gap,1.0,1.0,1.0,16,,,,
N3-base/initial/S5/B_image_TF_RF/both_correct,0.0,0.0,0.0,16,,,,
N3-base/initial/S5/B_image_TF_RF/disagreement,0.0,0.0,0.0,16,,,,
N3-base/initial/S5/B_image_DIR_TF/accuracy_DIR,1.0,1.0,1.0,16,,,,
N3-base/initial/S5/B_image_DIR_TF/accuracy_TF,1.0,1.0,1.0,16,,,,
N3-base/initial/S5/B_image_DIR_TF/gap,0.0,0.0,0.0,16,,,,
N3-base/initial/S5/B_image_DIR_TF/both_correct,1.0,1.0,1.0,16,,,,
N3-base/initial/S5/B_image_DIR_TF/disagreement,0.0,0.0,0.0,16,,,,
N3-base/initial/S5/C_no_image_reuse_accuracy,1.0,1.0,1.0,48,48.0,48,,
N3-base/initial/S5/C_no_image_reuse_TF_RF/accuracy_TF,1.0,1.0,1.0,16,,,,
N3-base/initial/S5/C_no_image_reuse_TF_RF/accuracy_RF,1.0,1.0,1.0,16,,,,
N3-base/initial/S5/C_no_image_reuse_TF_RF/gap,0.0,0.0,0.0,16,,,,
N3-base/initial/S5/C_no_image_reuse_TF_RF/both_correct,1.0,1.0,1.0,16,,,,
N3-base/initial/S5/C_no_image_reuse_TF_RF/disagreement,0.0,0.0,0.0,16,,,,
N3-base/initial/S5/C_no_image_reuse_balanced/recall_yes,,,,,0.0,,0,
N3-base/initial/S5/C_no_image_reuse_balanced/recall_no,1.0,,,,48.0,,48,
N3-base/initial/S5/C_no_image_reuse_balanced/balanced_accuracy,,,,,,,,undefined_one_class_absent
N3-base/initial/all_scenes/A_accuracy,0.6285342261904762,0.6015625,0.6549479166666666,188,113.0,188,,
N3-base/initial/all_scenes/A_pairs/accuracy_target_subject,0.65625,0.6328125,0.6796875,94,,,,
N3-base/initial/all_scenes/A_pairs/accuracy_reference_subject,0.6008184523809523,0.5555555555555556,0.6480716765873016,94,,,,
N3-base/initial/all_scenes/A_pairs/gap,0.055431547619047616,0.0048325892857142925,0.10267857142857142,94,,,,
N3-base/initial/all_scenes/A_pairs/both_correct,0.5613839285714286,0.5260416666666666,0.5963634672619046,94,,,,
N3-base/initial/all_scenes/A_pairs/disagreement,0.13430059523809523,0.09375,0.17447916666666669,94,,,,
N3-base/initial/all_scenes/A_balanced/recall_yes,0.4880952380952381,,,,22.0,,44,
N3-base/initial/all_scenes/A_balanced/recall_no,0.640625,,,,91.0,,144,
N3-base/initial/all_scenes/A_balanced/balanced_accuracy,0.5643601190476191,0.5092987351190477,0.6170634920634921,,,,,
N3-base/initial/all_scenes/C_accuracy_all_forms,0.7362351190476191,0.7084573412698413,0.7632698826058201,282,203.0,282,,
N3-base/initial/all_scenes/C_accuracy_DIR,0.734375,0.6927083333333334,0.7760416666666666,94,67.0,94,,
N3-base/initial/all_scenes/C_balanced_DIR/recall_yes,0.3333333333333333,,,,7.0,,22,
N3-base/initial/all_scenes/C_balanced_DIR/recall_no,0.8229166666666666,,,,60.0,,72,
N3-base/initial/all_scenes/C_balanced_DIR/balanced_accuracy,0.578125,0.546875,0.609375,,,,,
N3-base/initial/all_scenes/C_accuracy_TF,0.7034970238095237,0.6484375,0.7578125,94,64.0,94,,
N3-base/initial/all_scenes/C_balanced_TF/recall_yes,0.3452380952380952,,,,8.0,,22,
N3-base/initial/all_scenes/C_balanced_TF/recall_no,0.8072916666666666,,,,56.0,,72,
N3-base/initial/all_scenes/C_balanced_TF/balanced_accuracy,0.5762648809523809,0.4895833333333333,0.6614583333333333,,,,,
N3-base/initial/all_scenes/C_accuracy_RF,0.7708333333333333,0.7708333333333333,0.7708333333333333,94,72.0,94,,
N3-base/initial/all_scenes/C_balanced_RF/recall_yes,0.0,,,,0.0,,22,
N3-base/initial/all_scenes/C_balanced_RF/recall_no,1.0,,,,72.0,,72,
N3-base/initial/all_scenes/C_balanced_RF/balanced_accuracy,0.5,0.5,0.5,,,,,
N3-base/initial/all_scenes/C_balanced_all_forms/recall_yes,0.2261904761904762,,,,15.0,,66,
N3-base/initial/all_scenes/C_balanced_all_forms/recall_no,0.876736111111111,,,,188.0,,216,
N3-base/initial/all_scenes/C_balanced_all_forms/balanced_accuracy,0.5514632936507936,0.517361111111111,0.5850694444444444,,,,,
N3-base/initial/all_scenes/C_TF_RF/accuracy_TF,0.7034970238095237,0.6484375,0.7578125,94,,,,
N3-base/initial/all_scenes/C_TF_RF/accuracy_RF,0.7708333333333333,0.7708333333333333,0.7708333333333333,94,,,,
N3-base/initial/all_scenes/C_TF_RF/gap,-0.06733630952380953,-0.12239583333333336,-0.013020833333333343,94,,,,
N3-base/initial/all_scenes/C_TF_RF/both_correct,0.6328125,0.5988932291666668,0.6692708333333333,94,,,,
N3-base/initial/all_scenes/C_TF_RF/disagreement,0.20870535714285715,0.16666666666666666,0.25088355654761885,94,,,,
N3-base/initial/all_scenes/C_DIR_TF/accuracy_DIR,0.734375,0.6927083333333334,0.7760416666666666,94,,,,
N3-base/initial/all_scenes/C_DIR_TF/accuracy_TF,0.7034970238095237,0.6484375,0.7578125,94,,,,
N3-base/initial/all_scenes/C_DIR_TF/gap,0.03087797619047619,-0.020833333333333332,0.08335193452380926,94,,,,
N3-base/initial/all_scenes/C_DIR_TF/both_correct,0.5863095238095237,0.5338541666666666,0.6432291666666667,94,,,,
N3-base/initial/all_scenes/C_DIR_TF/disagreement,0.26525297619047616,0.21019345238095238,0.3177083333333333,94,,,,
N3-base/initial/all_scenes/C_DIR_RF/accuracy_DIR,0.734375,0.6927083333333334,0.7760416666666666,94,,,,
N3-base/initial/all_scenes/C_DIR_RF/accuracy_RF,0.7708333333333333,0.7708333333333333,0.7708333333333333,94,,,,
N3-base/initial/all_scenes/C_DIR_RF/gap,-0.03645833333333333,-0.078125,0.005208333333333336,94,,,,
N3-base/initial/all_scenes/C_DIR_RF/both_correct,0.6510416666666667,0.609375,0.6927083333333334,94,,,,
N3-base/initial/all_scenes/C_DIR_RF/disagreement,0.203125,0.16145833333333331,0.24479166666666669,94,,,,
N3-base/initial/all_scenes/C_TF_RF_all_geometry_sensitivity/accuracy_TF,0.7005208333333333,0.6458333333333334,0.7526041666666666,96,,,,
N3-base/initial/all_scenes/C_TF_RF_all_geometry_sensitivity/accuracy_RF,0.7708333333333333,0.7708333333333333,0.7708333333333333,96,,,,
N3-base/initial/all_scenes/C_TF_RF_all_geometry_sensitivity/gap,-0.07031250000000001,-0.125,-0.018229166666666664,96,,,,
N3-base/initial/all_scenes/C_TF_RF_all_geometry_sensitivity/both_correct,0.6328125,0.5988932291666668,0.6692708333333333,96,,,,
N3-base/initial/all_scenes/C_TF_RF_all_geometry_sensitivity/disagreement,0.20572916666666669,0.16666666666666666,0.24739583333333331,96,,,,
N3-base/initial/all_scenes/A_pairs_all_geometry_sensitivity/accuracy_target_subject,0.6666666666666666,0.640625,0.6953125,96,,,,
N3-base/initial/all_scenes/A_pairs_all_geometry_sensitivity/accuracy_reference_subject,0.6067708333333333,0.5598958333333333,0.6510416666666667,96,,,,
N3-base/initial/all_scenes/A_pairs_all_geometry_sensitivity/gap,0.05989583333333334,0.013020833333333336,0.10416666666666666,96,,,,
N3-base/initial/all_scenes/A_pairs_all_geometry_sensitivity/both_correct,0.5703125,0.5338541666666666,0.609375,96,,,,
N3-base/initial/all_scenes/A_pairs_all_geometry_sensitivity/disagreement,0.1328125,0.09635416666666666,0.16933593749999906,96,,,,
N3-base/initial/all_scenes/B_image_tuple_accuracy,0.8003472222222221,0.7925347222222221,0.8055555555555555,288,238.0,288,,
N3-base/initial/all_scenes/B_image_target_accuracy,1.0,1.0,1.0,288,288.0,288,,
N3-base/initial/all_scenes/B_image_reference_accuracy,1.0,1.0,1.0,288,288.0,288,,
N3-base/initial/all_scenes/B_image_relation_accuracy,0.8003472222222221,0.7925347222222221,0.8055555555555555,288,238.0,288,,
N3-base/initial/all_scenes/B_image_tuple_accuracy_DIR,1.0,1.0,1.0,96,96.0,96,,
N3-base/initial/all_scenes/B_image_tuple_accuracy_TF,1.0,1.0,1.0,96,96.0,96,,
N3-base/initial/all_scenes/B_image_tuple_accuracy_RF,0.40104166666666663,0.37760416666666663,0.41666666666666663,96,46.0,96,,
N3-base/initial/all_scenes/B_image_TF_RF/accuracy_TF,1.0,1.0,1.0,96,,,,
N3-base/initial/all_scenes/B_image_TF_RF/accuracy_RF,0.40104166666666663,0.37760416666666663,0.41666666666666663,96,,,,
N3-base/initial/all_scenes/B_image_TF_RF/gap,0.5989583333333333,0.5833333333333333,0.6223958333333333,96,,,,
N3-base/initial/all_scenes/B_image_TF_RF/both_correct,0.40104166666666663,0.37760416666666663,0.41666666666666663,96,,,,
N3-base/initial/all_scenes/B_image_TF_RF/disagreement,0.3489583333333333,0.3333333333333333,0.3723958333333333,96,,,,
N3-base/initial/all_scenes/B_image_DIR_TF/accuracy_DIR,1.0,1.0,1.0,96,,,,
N3-base/initial/all_scenes/B_image_DIR_TF/accuracy_TF,1.0,1.0,1.0,96,,,,
N3-base/initial/all_scenes/B_image_DIR_TF/gap,0.0,0.0,0.0,96,,,,
N3-base/initial/all_scenes/B_image_DIR_TF/both_correct,1.0,1.0,1.0,96,,,,
N3-base/initial/all_scenes/B_image_DIR_TF/disagreement,0.0,0.0,0.0,96,,,,
N3-base/initial/all_scenes/placement_B_image/accuracy_reference_early,1.0,1.0,1.0,64,,,,
N3-base/initial/all_scenes/placement_B_image/accuracy_reference_late,1.0,1.0,1.0,64,,,,
N3-base/initial/all_scenes/placement_B_image/gap,0.0,0.0,0.0,64,,,,
N3-base/initial/all_scenes/placement_B_image/both_correct,1.0,1.0,1.0,64,,,,
N3-base/initial/all_scenes/placement_B_image/disagreement,0.0,0.0,0.0,64,,,,
N3-base/initial/all_scenes/placement_C_image/accuracy_reference_early,0.4166666666666667,0.4166666666666667,0.4166666666666667,62,,,,
N3-base/initial/all_scenes/placement_C_image/accuracy_reference_late,0.3452380952380952,0.25595238095238093,0.432752976190476,62,,,,
N3-base/initial/all_scenes/placement_C_image/gap,0.07142857142857144,-0.01608630952380951,0.16071428571428573,62,,,,
N3-base/initial/all_scenes/placement_C_image/both_correct,0.25,0.1875,0.3125,62,,,,
N3-base/initial/all_scenes/placement_C_image/disagreement,0.2619047619047619,0.16666666666666666,0.36607142857142855,62,,,,
N3-base/initial/all_scenes/placement_C_image_accuracy,0.38095238095238093,0.3363095238095238,0.42470982142857133,124,56.0,124,,
N3-base/initial/all_scenes/C_no_image_reuse_accuracy,0.6944444444444444,0.6944444444444444,0.6944444444444444,282,192.0,282,,
N3-base/initial/all_scenes/C_no_image_reuse_TF_RF/accuracy_TF,0.7708333333333333,0.7708333333333333,0.7708333333333333,94,,,,
N3-base/initial/all_scenes/C_no_image_reuse_TF_RF/accuracy_RF,0.5416666666666666,0.5416666666666666,0.5416666666666666,94,,,,
N3-base/initial/all_scenes/C_no_image_reuse_TF_RF/gap,0.22916666666666663,0.22916666666666663,0.22916666666666663,94,,,,
N3-base/initial/all_scenes/C_no_image_reuse_TF_RF/both_correct,0.5416666666666666,0.5416666666666666,0.5416666666666666,94,,,,
N3-base/initial/all_scenes/C_no_image_reuse_TF_RF/disagreement,0.375,0.375,0.375,94,,,,
N3-base/initial/all_scenes/C_no_image_reuse_balanced/recall_yes,0.0,,,,0.0,,66,
N3-base/initial/all_scenes/C_no_image_reuse_balanced/recall_no,0.8888888888888888,,,,192.0,,216,
N3-base/initial/all_scenes/C_no_image_reuse_balanced/balanced_accuracy,0.4444444444444444,0.4444444444444444,0.4444444444444444,,,,,
N3-base/initial/all_scenes_intended_goal_sensitivity/C_TF_RF/accuracy_TF,0.7034970238095237,0.6484375,0.7578125,94,,,,
N3-base/initial/all_scenes_intended_goal_sensitivity/C_TF_RF/accuracy_RF,0.7708333333333333,0.7708333333333333,0.7708333333333333,94,,,,
N3-base/initial/all_scenes_intended_goal_sensitivity/C_TF_RF/gap,-0.06733630952380953,-0.12239583333333336,-0.013020833333333343,94,,,,
N3-base/initial/all_scenes_intended_goal_sensitivity/C_TF_RF/both_correct,0.6328125,0.5988932291666668,0.6692708333333333,94,,,,
N3-base/initial/all_scenes_intended_goal_sensitivity/C_TF_RF/disagreement,0.20870535714285715,0.16666666666666666,0.25088355654761885,94,,,,
N3-base/secondary/main_S1_S3_S4/A_accuracy,0.6418237433862434,0.5658052248677248,0.7185765955687831,306,205.0,306,,
N3-base/secondary/main_S1_S3_S4/A_pairs/accuracy_target_subject,0.6350859788359788,0.5555555555555556,0.7152777777777777,153,,,,
N3-base/secondary/main_S1_S3_S4/A_pairs/accuracy_reference_subject,0.648561507936508,0.5682043650793651,0.7304191468253967,153,,,,
N3-base/secondary/main_S1_S3_S4/A_pairs/gap,-0.013475529100529106,-0.06018518518518518,0.03703703703703703,153,,,,
N3-base/secondary/main_S1_S3_S4/A_pairs/both_correct,0.5773809523809524,0.5011574074074074,0.65625,153,,,,
N3-base/secondary/main_S1_S3_S4/A_pairs/disagreement,0.128885582010582,0.09513516865079365,0.16389219576719571,153,,,,
N3-base/secondary/main_S1_S3_S4/A_balanced/recall_yes,0.3611111111111111,,,,36.0,,76,
N3-base/secondary/main_S1_S3_S4/A_balanced/recall_no,0.6495535714285715,,,,169.0,,230,
N3-base/secondary/main_S1_S3_S4/A_balanced/balanced_accuracy,0.5053323412698413,0.4105587590939153,0.6322048611111112,,,,,
N3-base/secondary/main_S1_S3_S4/C_accuracy_all_forms,0.7544367283950617,0.7076692019400354,0.8022762345679012,360,273.0,360,,
N3-base/secondary/main_S1_S3_S4/C_accuracy_DIR,0.7512731481481482,0.6964281580687831,0.8055555555555555,120,90.0,120,,
N3-base/secondary/main_S1_S3_S4/C_balanced_DIR/recall_yes,0.13888888888888887,,,,3.0,,30,
N3-base/secondary/main_S1_S3_S4/C_balanced_DIR/recall_no,0.9739583333333334,,,,87.0,,90,
N3-base/secondary/main_S1_S3_S4/C_balanced_DIR/balanced_accuracy,0.5564236111111112,0.4854166666666666,0.5989583333333334,,,,,
N3-base/secondary/main_S1_S3_S4/C_accuracy_TF,0.7615740740740741,0.7129629629629629,0.8129629629629629,120,92.0,120,,
N3-base/secondary/main_S1_S3_S4/C_balanced_TF/recall_yes,0.1111111111111111,,,,2.0,,30,
N3-base/secondary/main_S1_S3_S4/C_balanced_TF/recall_no,1.0,,,,90.0,,90,
N3-base/secondary/main_S1_S3_S4/C_balanced_TF/balanced_accuracy,0.5555555555555556,0.5,0.5833333333333334,,,,,
N3-base/secondary/main_S1_S3_S4/C_accuracy_RF,0.7504629629629629,0.7060185185185185,0.7986111111111112,120,91.0,120,,
N3-base/secondary/main_S1_S3_S4/C_balanced_RF/recall_yes,0.08333333333333333,,,,1.0,,30,
N3-base/secondary/main_S1_S3_S4/C_balanced_RF/recall_no,1.0,,,,90.0,,90,
N3-base/secondary/main_S1_S3_S4/C_balanced_RF/balanced_accuracy,0.5416666666666666,0.5,0.5416666666666666,,,,,
N3-base/secondary/main_S1_S3_S4/C_balanced_all_forms/recall_yes,0.1111111111111111,,,,6.0,,90,
N3-base/secondary/main_S1_S3_S4/C_balanced_all_forms/recall_no,0.9913194444444445,,,,267.0,,270,
N3-base/secondary/main_S1_S3_S4/C_balanced_all_forms/balanced_accuracy,0.5512152777777778,0.49513888888888896,0.5793803047839506,,,,,
N3-base/secondary/main_S1_S3_S4/C_TF_RF/accuracy_TF,0.7615740740740741,0.7129629629629629,0.8129629629629629,120,,,,
N3-base/secondary/main_S1_S3_S4/C_TF_RF/accuracy_RF,0.7504629629629629,0.7060185185185185,0.7986111111111112,120,,,,
N3-base/secondary/main_S1_S3_S4/C_TF_RF/gap,0.011111111111111112,0.0,0.037037037037037035,120,,,,
N3-base/secondary/main_S1_S3_S4/C_TF_RF/both_correct,0.7504629629629629,0.7060185185185185,0.7986111111111112,120,,,,
N3-base/secondary/main_S1_S3_S4/C_TF_RF/disagreement,0.011111111111111112,0.0,0.037037037037037035,120,,,,
N3-base/secondary/main_S1_S3_S4/C_DIR_TF/accuracy_DIR,0.7512731481481482,0.6964281580687831,0.8055555555555555,120,,,,
N3-base/secondary/main_S1_S3_S4/C_DIR_TF/accuracy_TF,0.7615740740740741,0.7129629629629629,0.8129629629629629,120,,,,
N3-base/secondary/main_S1_S3_S4/C_DIR_TF/gap,-0.010300925925925923,-0.043653273809523795,0.020833333333333332,120,,,,
N3-base/secondary/main_S1_S3_S4/C_DIR_TF/both_correct,0.7401620370370371,0.6860085978835979,0.7949074074074075,120,,,,
N3-base/secondary/main_S1_S3_S4/C_DIR_TF/disagreement,0.03252314814814815,0.005208333333333333,0.06805555555555555,120,,,,
N3-base/secondary/main_S1_S3_S4/C_DIR_RF/accuracy_DIR,0.7512731481481482,0.6964281580687831,0.8055555555555555,120,,,,
N3-base/secondary/main_S1_S3_S4/C_DIR_RF/accuracy_RF,0.7504629629629629,0.7060185185185185,0.7986111111111112,120,,,,
N3-base/secondary/main_S1_S3_S4/C_DIR_RF/gap,0.0008101851851851893,-0.03669022817460317,0.03273809523809524,120,,,,
N3-base/secondary/main_S1_S3_S4/C_DIR_RF/both_correct,0.7290509259259258,0.6770833333333334,0.7811693948412698,120,,,,
N3-base/secondary/main_S1_S3_S4/C_DIR_RF/disagreement,0.043634259259259255,0.012152777777777776,0.0819502314814814,120,,,,
N3-base/secondary/main_S1_S3_S4/C_TF_RF_all_geometry_sensitivity/accuracy_TF,0.7523148148148149,0.7152777777777777,0.7926587301587301,125,,,,
N3-base/secondary/main_S1_S3_S4/C_TF_RF_all_geometry_sensitivity/accuracy_RF,0.7430555555555555,0.7083333333333334,0.7777777777777777,125,,,,
N3-base/secondary/main_S1_S3_S4/C_TF_RF_all_geometry_sensitivity/gap,0.009259259259259259,0.0,0.027777777777777776,125,,,,
N3-base/secondary/main_S1_S3_S4/C_TF_RF_all_geometry_sensitivity/both_correct,0.7430555555555555,0.7083333333333334,0.7777777777777777,125,,,,
N3-base/secondary/main_S1_S3_S4/C_TF_RF_all_geometry_sensitivity/disagreement,0.009259259259259259,0.0,0.027777777777777776,125,,,,
N3-base/secondary/main_S1_S3_S4/A_pairs_all_geometry_sensitivity/accuracy_target_subject,0.6493055555555557,0.5729166666666666,0.7239583333333334,160,,,,
N3-base/secondary/main_S1_S3_S4/A_pairs_all_geometry_sensitivity/accuracy_reference_subject,0.6614583333333334,0.5815972222222222,0.7430555555555555,160,,,,
N3-base/secondary/main_S1_S3_S4/A_pairs_all_geometry_sensitivity/gap,-0.012152777777777781,-0.057291666666666664,0.036458333333333336,160,,,,
N3-base/secondary/main_S1_S3_S4/A_pairs_all_geometry_sensitivity/both_correct,0.5833333333333334,0.5104166666666667,0.657986111111111,160,,,,
N3-base/secondary/main_S1_S3_S4/A_pairs_all_geometry_sensitivity/disagreement,0.1440972222222222,0.109375,0.18055555555555555,160,,,,
N3-base/secondary/S5/A_accuracy,0.8571428571428571,0.6666666666666666,1.0,52,44.0,52,,
N3-base/secondary/S5/A_pairs/accuracy_target_subject,0.8571428571428571,0.6666666666666666,1.0,26,,,,
N3-base/secondary/S5/A_pairs/accuracy_reference_subject,0.8571428571428571,0.6666666666666666,1.0,26,,,,
N3-base/secondary/S5/A_pairs/gap,0.0,0.0,0.0,26,,,,
N3-base/secondary/S5/A_pairs/both_correct,0.8571428571428571,0.6666666666666666,1.0,26,,,,
N3-base/secondary/S5/A_pairs/disagreement,0.0,0.0,0.0,26,,,,
N3-base/secondary/S5/A_balanced/recall_yes,0.75,,,,8.0,,12,
N3-base/secondary/S5/A_balanced/recall_no,0.9,,,,36.0,,40,
N3-base/secondary/S5/A_balanced/balanced_accuracy,0.825,0.625,1.0,,,,,
N3-base/secondary/S5/C_accuracy_all_forms,0.5416666666666666,0.36666666666666664,0.7166666666666666,54,28.0,54,,
N3-base/secondary/S5/C_accuracy_DIR,0.875,0.7,1.0,18,15.0,18,,
N3-base/secondary/S5/C_balanced_DIR/recall_yes,0.5,,,,2.0,,4,
N3-base/secondary/S5/C_balanced_DIR/recall_no,0.95,,,,13.0,,14,
N3-base/secondary/S5/C_balanced_DIR/balanced_accuracy,0.725,0.6666666666666666,0.75,,,,,
N3-base/secondary/S5/C_accuracy_TF,0.5416666666666667,0.1875,0.875,18,9.0,18,,
N3-base/secondary/S5/C_balanced_TF/recall_yes,0.5,,,,2.0,,4,
N3-base/secondary/S5/C_balanced_TF/recall_no,0.55,,,,7.0,,14,
N3-base/secondary/S5/C_balanced_TF/balanced_accuracy,0.525,0.25,0.75,,,,,
N3-base/secondary/S5/C_accuracy_RF,0.20833333333333331,0.03571428571428571,0.4,18,4.0,18,,
N3-base/secondary/S5/C_balanced_RF/recall_yes,0.5,,,,1.0,,2,
N3-base/secondary/S5/C_balanced_RF/recall_no,0.175,,,,3.0,,16,
N3-base/secondary/S5/C_balanced_RF/balanced_accuracy,0.3375,0.25,0.4291666666666667,,,,,
N3-base/secondary/S5/C_balanced_all_forms/recall_yes,0.5,,,,5.0,,10,
N3-base/secondary/S5/C_balanced_all_forms/recall_no,0.5166666666666666,,,,23.0,,44,
N3-base/secondary/S5/C_balanced_all_forms/balanced_accuracy,0.5083333333333333,0.3819444444444444,0.5875,,,,,
N3-base/secondary/S5/C_TF_RF/accuracy_TF,0.5416666666666667,0.1875,0.875,18,,,,
N3-base/secondary/S5/C_TF_RF/accuracy_RF,0.20833333333333331,0.03571428571428571,0.4,18,,,,
N3-base/secondary/S5/C_TF_RF/gap,0.33333333333333337,0.08333333333333333,0.6428571428571428,18,,,,
N3-base/secondary/S5/C_TF_RF/both_correct,0.20833333333333331,0.03571428571428571,0.4,18,,,,
N3-base/secondary/S5/C_TF_RF/disagreement,0.33333333333333337,0.08333333333333333,0.6428571428571428,18,,,,
N3-base/secondary/S5/C_DIR_TF/accuracy_DIR,0.875,0.7,1.0,18,,,,
N3-base/secondary/S5/C_DIR_TF/accuracy_TF,0.5416666666666667,0.1875,0.875,18,,,,
N3-base/secondary/S5/C_DIR_TF/gap,0.33333333333333337,0.035602678571428674,0.6875,18,,,,
N3-base/secondary/S5/C_DIR_TF/both_correct,0.5416666666666667,0.1875,0.875,18,,,,
N3-base/secondary/S5/C_DIR_TF/disagreement,0.33333333333333337,0.035602678571428674,0.6875,18,,,,
N3-base/secondary/S5/C_DIR_RF/accuracy_DIR,0.875,0.7,1.0,18,,,,
N3-base/secondary/S5/C_DIR_RF/accuracy_RF,0.20833333333333331,0.03571428571428571,0.4,18,,,,
N3-base/secondary/S5/C_DIR_RF/gap,0.6666666666666666,0.4375,0.8928571428571428,18,,,,
N3-base/secondary/S5/C_DIR_RF/both_correct,0.20833333333333331,0.03571428571428571,0.4,18,,,,
N3-base/secondary/S5/C_DIR_RF/disagreement,0.6666666666666666,0.4375,0.8928571428571428,18,,,,
N3-base/secondary/S5/C_TF_RF_all_geometry_sensitivity/accuracy_TF,0.5416666666666667,0.1875,0.875,18,,,,
N3-base/secondary/S5/C_TF_RF_all_geometry_sensitivity/accuracy_RF,0.20833333333333331,0.03571428571428571,0.4,18,,,,
N3-base/secondary/S5/C_TF_RF_all_geometry_sensitivity/gap,0.33333333333333337,0.08333333333333333,0.6428571428571428,18,,,,
N3-base/secondary/S5/C_TF_RF_all_geometry_sensitivity/both_correct,0.20833333333333331,0.03571428571428571,0.4,18,,,,
N3-base/secondary/S5/C_TF_RF_all_geometry_sensitivity/disagreement,0.33333333333333337,0.08333333333333333,0.6428571428571428,18,,,,
N3-base/secondary/S5/A_pairs_all_geometry_sensitivity/accuracy_target_subject,0.8571428571428571,0.6666666666666666,1.0,26,,,,
N3-base/secondary/S5/A_pairs_all_geometry_sensitivity/accuracy_reference_subject,0.8571428571428571,0.6666666666666666,1.0,26,,,,
N3-base/secondary/S5/A_pairs_all_geometry_sensitivity/gap,0.0,0.0,0.0,26,,,,
N3-base/secondary/S5/A_pairs_all_geometry_sensitivity/both_correct,0.8571428571428571,0.6666666666666666,1.0,26,,,,
N3-base/secondary/S5/A_pairs_all_geometry_sensitivity/disagreement,0.0,0.0,0.0,26,,,,
N3-base/secondary/all_scenes/A_accuracy,0.6956535218253969,0.623046875,0.7655645461309524,358,249.0,358,,
N3-base/secondary/all_scenes/A_pairs/accuracy_target_subject,0.6906001984126984,0.6158854166666667,0.7624144345238095,179,,,,
N3-base/secondary/all_scenes/A_pairs/accuracy_reference_subject,0.7007068452380952,0.6263020833333333,0.7734375,179,,,,
N3-base/secondary/all_scenes/A_pairs/gap,-0.01010664682539683,-0.04513888888888889,0.027777777777777773,179,,,,
N3-base/secondary/all_scenes/A_pairs/both_correct,0.6473214285714286,0.57421875,0.7176339285714285,179,,,,
N3-base/secondary/all_scenes/A_pairs/disagreement,0.0966641865079365,0.07135137648809524,0.12291914682539679,179,,,,
N3-base/secondary/all_scenes/A_balanced/recall_yes,0.4583333333333333,,,,44.0,,88,
N3-base/secondary/all_scenes/A_balanced/recall_no,0.7121651785714286,,,,205.0,,270,
N3-base/secondary/all_scenes/A_balanced/balanced_accuracy,0.585249255952381,0.49835340711805554,0.6913764105902779,,,,,
N3-base/secondary/all_scenes/C_accuracy_all_forms,0.7012442129629629,0.6445433407738096,0.7587310887896827,414,301.0,414,,
N3-base/secondary/all_scenes/C_accuracy_DIR,0.7822048611111111,0.7235239955357143,0.8359418402777777,138,105.0,138,,
N3-base/secondary/all_scenes/C_balanced_DIR/recall_yes,0.22916666666666666,,,,5.0,,34,
N3-base/secondary/all_scenes/C_balanced_DIR/recall_no,0.96796875,,,,100.0,,104,
N3-base/secondary/all_scenes/C_balanced_DIR/balanced_accuracy,0.5985677083333334,0.54296875,0.630732421875,,,,,
N3-base/secondary/all_scenes/C_accuracy_TF,0.7065972222222223,0.6117038690476191,0.7989583333333332,138,101.0,138,,
N3-base/secondary/all_scenes/C_balanced_TF/recall_yes,0.20833333333333331,,,,4.0,,34,
N3-base/secondary/all_scenes/C_balanced_TF/recall_no,0.8875,,,,97.0,,104,
N3-base/secondary/all_scenes/C_balanced_TF/balanced_accuracy,0.5479166666666666,0.46875,0.6026897321428569,,,,,
N3-base/secondary/all_scenes/C_accuracy_RF,0.6149305555555555,0.5595238095238095,0.675595238095238,138,95.0,138,,
N3-base/secondary/all_scenes/C_balanced_RF/recall_yes,0.1875,,,,2.0,,32,
N3-base/secondary/all_scenes/C_balanced_RF/recall_no,0.79375,,,,93.0,,106,
N3-base/secondary/all_scenes/C_balanced_RF/balanced_accuracy,0.490625,0.4375,0.515625,,,,,
N3-base/secondary/all_scenes/C_balanced_all_forms/recall_yes,0.20833333333333331,,,,11.0,,100,
N3-base/secondary/all_scenes/C_balanced_all_forms/recall_no,0.87265625,,,,290.0,,314,
N3-base/secondary/all_scenes/C_balanced_all_forms/balanced_accuracy,0.5404947916666667,0.4840310329861111,0.5662608506944444,,,,,
N3-base/secondary/all_scenes/C_TF_RF/accuracy_TF,0.7065972222222223,0.6117038690476191,0.7989583333333332,138,,,,
N3-base/secondary/all_scenes/C_TF_RF/accuracy_RF,0.6149305555555555,0.5595238095238095,0.675595238095238,138,,,,
N3-base/secondary/all_scenes/C_TF_RF/gap,0.09166666666666667,0.027777777777777776,0.17083333333333334,138,,,,
N3-base/secondary/all_scenes/C_TF_RF/both_correct,0.6149305555555555,0.5595238095238095,0.675595238095238,138,,,,
N3-base/secondary/all_scenes/C_TF_RF/disagreement,0.09166666666666667,0.027777777777777776,0.17083333333333334,138,,,,
N3-base/secondary/all_scenes/C_DIR_TF/accuracy_DIR,0.7822048611111111,0.7235239955357143,0.8359418402777777,138,,,,
N3-base/secondary/all_scenes/C_DIR_TF/accuracy_TF,0.7065972222222223,0.6117038690476191,0.7989583333333332,138,,,,
N3-base/secondary/all_scenes/C_DIR_TF/gap,0.0756076388888889,-0.003472842261904761,0.16679408482142855,138,,,,
N3-base/secondary/all_scenes/C_DIR_TF/both_correct,0.6905381944444444,0.5934151785714286,0.7842881944444444,138,,,,
N3-base/secondary/all_scenes/C_DIR_TF/disagreement,0.10772569444444445,0.02682291666666667,0.19878534226190478,138,,,,
N3-base/secondary/all_scenes/C_DIR_RF/accuracy_DIR,0.7822048611111111,0.7235239955357143,0.8359418402777777,138,,,,
N3-base/secondary/all_scenes/C_DIR_RF/accuracy_RF,0.6149305555555555,0.5595238095238095,0.675595238095238,138,,,,
N3-base/secondary/all_scenes/C_DIR_RF/gap,0.16727430555555556,0.10252945188492063,0.22916666666666666,138,,,,
N3-base/secondary/all_scenes/C_DIR_RF/both_correct,0.5988715277777777,0.5399305555555555,0.6600747147817458,138,,,,
N3-base/secondary/all_scenes/C_DIR_RF/disagreement,0.19939236111111108,0.13541666666666669,0.26120008680555556,138,,,,
N3-base/secondary/all_scenes/C_TF_RF_all_geometry_sensitivity/accuracy_TF,0.6996527777777779,0.6093749999999999,0.7875,143,,,,
N3-base/secondary/all_scenes/C_TF_RF_all_geometry_sensitivity/accuracy_RF,0.609375,0.5572916666666666,0.665625,143,,,,
N3-base/secondary/all_scenes/C_TF_RF_all_geometry_sensitivity/gap,0.09027777777777779,0.026785714285714284,0.16845238095238094,143,,,,
N3-base/secondary/all_scenes/C_TF_RF_all_geometry_sensitivity/both_correct,0.609375,0.5572916666666666,0.665625,143,,,,
N3-base/secondary/all_scenes/C_TF_RF_all_geometry_sensitivity/disagreement,0.09027777777777779,0.026785714285714284,0.16845238095238094,143,,,,
N3-base/secondary/all_scenes/A_pairs_all_geometry_sensitivity/accuracy_target_subject,0.701264880952381,0.62890625,0.76953125,186,,,,
N3-base/secondary/all_scenes/A_pairs_all_geometry_sensitivity/accuracy_reference_subject,0.7103794642857143,0.63671875,0.7825520833333334,186,,,,
N3-base/secondary/all_scenes/A_pairs_all_geometry_sensitivity/gap,-0.009114583333333336,-0.04296875,0.02734375,186,,,,
N3-base/secondary/all_scenes/A_pairs_all_geometry_sensitivity/both_correct,0.6517857142857143,0.5807291666666667,0.7194940476190477,186,,,,
N3-base/secondary/all_scenes/A_pairs_all_geometry_sensitivity/disagreement,0.10807291666666666,0.08203125,0.13541666666666666,186,,,,
N3-base/secondary/all_scenes_intended_goal_sensitivity/C_TF_RF/accuracy_TF,0.7065972222222223,0.6117038690476191,0.7989583333333332,138,,,,
N3-base/secondary/all_scenes_intended_goal_sensitivity/C_TF_RF/accuracy_RF,0.6357638888888888,0.5663653273809524,0.709375,138,,,,
N3-base/secondary/all_scenes_intended_goal_sensitivity/C_TF_RF/gap,0.07083333333333333,-0.008928571428571428,0.1625,138,,,,
N3-base/secondary/all_scenes_intended_goal_sensitivity/C_TF_RF/both_correct,0.6253472222222222,0.564236111111111,0.6885429067460317,138,,,,
N3-base/secondary/all_scenes_intended_goal_sensitivity/C_TF_RF/disagreement,0.09166666666666667,0.027777777777777776,0.17083333333333334,138,,,,
N3-policy/initial/main_S1_S3_S4/A_accuracy,0.5114087301587301,0.48784722222222215,0.5364583333333334,156,76.0,156,,
N3-policy/initial/main_S1_S3_S4/A_pairs/accuracy_target_subject,0.4533730158730158,0.4166666666666667,0.49553571428571425,78,,,,
N3-policy/initial/main_S1_S3_S4/A_pairs/accuracy_reference_subject,0.5694444444444443,0.5381944444444444,0.6006944444444443,78,,,,
N3-policy/initial/main_S1_S3_S4/A_pairs/gap,-0.11607142857142856,-0.16319444444444445,-0.06597222222222222,78,,,,
N3-policy/initial/main_S1_S3_S4/A_pairs/both_correct,0.4325396825396825,0.4166666666666667,0.46428571428571425,78,,,,
N3-policy/initial/main_S1_S3_S4/A_pairs/disagreement,0.15773809523809523,0.10763888888888888,0.20486111111111108,78,,,,
N3-policy/initial/main_S1_S3_S4/A_balanced/recall_yes,0.8571428571428571,,,,38.0,,44,
N3-policy/initial/main_S1_S3_S4/A_balanced/recall_no,0.375,,,,38.0,,112,
N3-policy/initial/main_S1_S3_S4/A_balanced/balanced_accuracy,0.6160714285714286,0.59375,0.6448412698412698,,,,,
N3-policy/initial/main_S1_S3_S4/C_accuracy_all_forms,0.6944444444444443,0.6944444444444443,0.6944444444444443,234,168.0,234,,
N3-policy/initial/main_S1_S3_S4/C_accuracy_DIR,0.6944444444444443,0.6944444444444443,0.6944444444444443,78,56.0,78,,
N3-policy/initial/main_S1_S3_S4/C_balanced_DIR/recall_yes,0.0,,,,0.0,,22,
N3-policy/initial/main_S1_S3_S4/C_balanced_DIR/recall_no,1.0,,,,56.0,,56,
N3-policy/initial/main_S1_S3_S4/C_balanced_DIR/balanced_accuracy,0.5,0.5,0.5,,,,,
N3-policy/initial/main_S1_S3_S4/C_accuracy_TF,0.6944444444444443,0.6944444444444443,0.6944444444444443,78,56.0,78,,
N3-policy/initial/main_S1_S3_S4/C_balanced_TF/recall_yes,0.0,,,,0.0,,22,
N3-policy/initial/main_S1_S3_S4/C_balanced_TF/recall_no,1.0,,,,56.0,,56,
N3-policy/initial/main_S1_S3_S4/C_balanced_TF/balanced_accuracy,0.5,0.5,0.5,,,,,
N3-policy/initial/main_S1_S3_S4/C_accuracy_RF,0.6944444444444443,0.6944444444444443,0.6944444444444443,78,56.0,78,,
N3-policy/initial/main_S1_S3_S4/C_balanced_RF/recall_yes,0.0,,,,0.0,,22,
N3-policy/initial/main_S1_S3_S4/C_balanced_RF/recall_no,1.0,,,,56.0,,56,
N3-policy/initial/main_S1_S3_S4/C_balanced_RF/balanced_accuracy,0.5,0.5,0.5,,,,,
N3-policy/initial/main_S1_S3_S4/C_balanced_all_forms/recall_yes,0.0,,,,0.0,,66,
N3-policy/initial/main_S1_S3_S4/C_balanced_all_forms/recall_no,1.0,,,,168.0,,168,
N3-policy/initial/main_S1_S3_S4/C_balanced_all_forms/balanced_accuracy,0.5,0.5,0.5,,,,,
N3-policy/initial/main_S1_S3_S4/C_TF_RF/accuracy_TF,0.6944444444444443,0.6944444444444443,0.6944444444444443,78,,,,
N3-policy/initial/main_S1_S3_S4/C_TF_RF/accuracy_RF,0.6944444444444443,0.6944444444444443,0.6944444444444443,78,,,,
N3-policy/initial/main_S1_S3_S4/C_TF_RF/gap,0.0,0.0,0.0,78,,,,
N3-policy/initial/main_S1_S3_S4/C_TF_RF/both_correct,0.6944444444444443,0.6944444444444443,0.6944444444444443,78,,,,
N3-policy/initial/main_S1_S3_S4/C_TF_RF/disagreement,0.0,0.0,0.0,78,,,,
N3-policy/initial/main_S1_S3_S4/C_DIR_TF/accuracy_DIR,0.6944444444444443,0.6944444444444443,0.6944444444444443,78,,,,
N3-policy/initial/main_S1_S3_S4/C_DIR_TF/accuracy_TF,0.6944444444444443,0.6944444444444443,0.6944444444444443,78,,,,
N3-policy/initial/main_S1_S3_S4/C_DIR_TF/gap,0.0,0.0,0.0,78,,,,
N3-policy/initial/main_S1_S3_S4/C_DIR_TF/both_correct,0.6944444444444443,0.6944444444444443,0.6944444444444443,78,,,,
N3-policy/initial/main_S1_S3_S4/C_DIR_TF/disagreement,0.0,0.0,0.0,78,,,,
N3-policy/initial/main_S1_S3_S4/C_DIR_RF/accuracy_DIR,0.6944444444444443,0.6944444444444443,0.6944444444444443,78,,,,
N3-policy/initial/main_S1_S3_S4/C_DIR_RF/accuracy_RF,0.6944444444444443,0.6944444444444443,0.6944444444444443,78,,,,
N3-policy/initial/main_S1_S3_S4/C_DIR_RF/gap,0.0,0.0,0.0,78,,,,
N3-policy/initial/main_S1_S3_S4/C_DIR_RF/both_correct,0.6944444444444443,0.6944444444444443,0.6944444444444443,78,,,,
N3-policy/initial/main_S1_S3_S4/C_DIR_RF/disagreement,0.0,0.0,0.0,78,,,,
N3-policy/initial/main_S1_S3_S4/C_TF_RF_all_geometry_sensitivity/accuracy_TF,0.6944444444444443,0.6944444444444443,0.6944444444444443,80,,,,
N3-policy/initial/main_S1_S3_S4/C_TF_RF_all_geometry_sensitivity/accuracy_RF,0.6944444444444443,0.6944444444444443,0.6944444444444443,80,,,,
N3-policy/initial/main_S1_S3_S4/C_TF_RF_all_geometry_sensitivity/gap,0.0,0.0,0.0,80,,,,
N3-policy/initial/main_S1_S3_S4/C_TF_RF_all_geometry_sensitivity/both_correct,0.6944444444444443,0.6944444444444443,0.6944444444444443,80,,,,
N3-policy/initial/main_S1_S3_S4/C_TF_RF_all_geometry_sensitivity/disagreement,0.0,0.0,0.0,80,,,,
N3-policy/initial/main_S1_S3_S4/A_pairs_all_geometry_sensitivity/accuracy_target_subject,0.46527777777777785,0.4270833333333333,0.5104166666666666,80,,,,
N3-policy/initial/main_S1_S3_S4/A_pairs_all_geometry_sensitivity/accuracy_reference_subject,0.5694444444444443,0.5381944444444444,0.6006944444444443,80,,,,
N3-policy/initial/main_S1_S3_S4/A_pairs_all_geometry_sensitivity/gap,-0.10416666666666667,-0.15277777777777776,-0.052083333333333336,80,,,,
N3-policy/initial/main_S1_S3_S4/A_pairs_all_geometry_sensitivity/both_correct,0.4444444444444445,0.4166666666666667,0.4861111111111111,80,,,,
N3-policy/initial/main_S1_S3_S4/A_pairs_all_geometry_sensitivity/disagreement,0.14583333333333334,0.09375,0.19444444444444442,80,,,,
N3-policy/initial/main_S1_S3_S4/B_image_tuple_accuracy,0.8703703703703702,0.8703703703703702,0.8703703703703702,240,208.0,240,,
N3-policy/initial/main_S1_S3_S4/B_image_target_accuracy,1.0,1.0,1.0,240,240.0,240,,
N3-policy/initial/main_S1_S3_S4/B_image_reference_accuracy,1.0,1.0,1.0,240,240.0,240,,
N3-policy/initial/main_S1_S3_S4/B_image_relation_accuracy,0.8703703703703702,0.8703703703703702,0.8703703703703702,240,208.0,240,,
N3-policy/initial/main_S1_S3_S4/B_image_tuple_accuracy_DIR,1.0,1.0,1.0,80,80.0,80,,
N3-policy/initial/main_S1_S3_S4/B_image_tuple_accuracy_TF,1.0,1.0,1.0,80,80.0,80,,
N3-policy/initial/main_S1_S3_S4/B_image_tuple_accuracy_RF,0.611111111111111,0.611111111111111,0.611111111111111,80,48.0,80,,
N3-policy/initial/main_S1_S3_S4/B_image_TF_RF/accuracy_TF,1.0,1.0,1.0,80,,,,
N3-policy/initial/main_S1_S3_S4/B_image_TF_RF/accuracy_RF,0.611111111111111,0.611111111111111,0.611111111111111,80,,,,
N3-policy/initial/main_S1_S3_S4/B_image_TF_RF/gap,0.38888888888888884,0.38888888888888884,0.38888888888888884,80,,,,
N3-policy/initial/main_S1_S3_S4/B_image_TF_RF/both_correct,0.611111111111111,0.611111111111111,0.611111111111111,80,,,,
N3-policy/initial/main_S1_S3_S4/B_image_TF_RF/disagreement,0.38888888888888884,0.38888888888888884,0.38888888888888884,80,,,,
N3-policy/initial/main_S1_S3_S4/B_image_DIR_TF/accuracy_DIR,1.0,1.0,1.0,80,,,,
N3-policy/initial/main_S1_S3_S4/B_image_DIR_TF/accuracy_TF,1.0,1.0,1.0,80,,,,
N3-policy/initial/main_S1_S3_S4/B_image_DIR_TF/gap,0.0,0.0,0.0,80,,,,
N3-policy/initial/main_S1_S3_S4/B_image_DIR_TF/both_correct,1.0,1.0,1.0,80,,,,
N3-policy/initial/main_S1_S3_S4/B_image_DIR_TF/disagreement,0.0,0.0,0.0,80,,,,
N3-policy/initial/main_S1_S3_S4/placement_B_image/accuracy_reference_early,1.0,1.0,1.0,64,,,,
N3-policy/initial/main_S1_S3_S4/placement_B_image/accuracy_reference_late,1.0,1.0,1.0,64,,,,
N3-policy/initial/main_S1_S3_S4/placement_B_image/gap,0.0,0.0,0.0,64,,,,
N3-policy/initial/main_S1_S3_S4/placement_B_image/both_correct,1.0,1.0,1.0,64,,,,
N3-policy/initial/main_S1_S3_S4/placement_B_image/disagreement,0.0,0.0,0.0,64,,,,
N3-policy/initial/main_S1_S3_S4/placement_C_image/accuracy_reference_early,0.5833333333333334,0.5833333333333334,0.5833333333333334,62,,,,
N3-policy/initial/main_S1_S3_S4/placement_C_image/accuracy_reference_late,0.5833333333333334,0.5833333333333334,0.5833333333333334,62,,,,
N3-policy/initial/main_S1_S3_S4/placement_C_image/gap,0.0,0.0,0.0,62,,,,
N3-policy/initial/main_S1_S3_S4/placement_C_image/both_correct,0.5833333333333334,0.5833333333333334,0.5833333333333334,62,,,,
N3-policy/initial/main_S1_S3_S4/placement_C_image/disagreement,0.0,0.0,0.0,62,,,,
N3-policy/initial/main_S1_S3_S4/placement_C_image_accuracy,0.5833333333333334,0.5833333333333334,0.5833333333333334,124,80.0,124,,
N3-policy/initial/main_S1_S3_S4/C_no_image_reuse_accuracy,0.6944444444444443,0.6944444444444443,0.6944444444444443,234,168.0,234,,
N3-policy/initial/main_S1_S3_S4/C_no_image_reuse_TF_RF/accuracy_TF,0.6944444444444443,0.6944444444444443,0.6944444444444443,78,,,,
N3-policy/initial/main_S1_S3_S4/C_no_image_reuse_TF_RF/accuracy_RF,0.6944444444444443,0.6944444444444443,0.6944444444444443,78,,,,
N3-policy/initial/main_S1_S3_S4/C_no_image_reuse_TF_RF/gap,0.0,0.0,0.0,78,,,,
N3-policy/initial/main_S1_S3_S4/C_no_image_reuse_TF_RF/both_correct,0.6944444444444443,0.6944444444444443,0.6944444444444443,78,,,,
N3-policy/initial/main_S1_S3_S4/C_no_image_reuse_TF_RF/disagreement,0.0,0.0,0.0,78,,,,
N3-policy/initial/main_S1_S3_S4/C_no_image_reuse_balanced/recall_yes,0.0,,,,0.0,,66,
N3-policy/initial/main_S1_S3_S4/C_no_image_reuse_balanced/recall_no,1.0,,,,168.0,,168,
N3-policy/initial/main_S1_S3_S4/C_no_image_reuse_balanced/balanced_accuracy,0.5,0.5,0.5,,,,,
N3-policy/initial/S5/A_accuracy,1.0,1.0,1.0,32,32.0,32,,
N3-policy/initial/S5/A_pairs/accuracy_target_subject,1.0,1.0,1.0,16,,,,
N3-policy/initial/S5/A_pairs/accuracy_reference_subject,1.0,1.0,1.0,16,,,,
N3-policy/initial/S5/A_pairs/gap,0.0,0.0,0.0,16,,,,
N3-policy/initial/S5/A_pairs/both_correct,1.0,1.0,1.0,16,,,,
N3-policy/initial/S5/A_pairs/disagreement,0.0,0.0,0.0,16,,,,
N3-policy/initial/S5/A_balanced/recall_yes,,,,,0.0,,0,
N3-policy/initial/S5/A_balanced/recall_no,1.0,,,,32.0,,32,
N3-policy/initial/S5/A_balanced/balanced_accuracy,,,,,,,,undefined_one_class_absent
N3-policy/initial/S5/C_accuracy_all_forms,1.0,1.0,1.0,48,48.0,48,,
N3-policy/initial/S5/C_accuracy_DIR,1.0,1.0,1.0,16,16.0,16,,
N3-policy/initial/S5/C_balanced_DIR/recall_yes,,,,,0.0,,0,
N3-policy/initial/S5/C_balanced_DIR/recall_no,1.0,,,,16.0,,16,
N3-policy/initial/S5/C_balanced_DIR/balanced_accuracy,,,,,,,,undefined_one_class_absent
N3-policy/initial/S5/C_accuracy_TF,1.0,1.0,1.0,16,16.0,16,,
N3-policy/initial/S5/C_balanced_TF/recall_yes,,,,,0.0,,0,
N3-policy/initial/S5/C_balanced_TF/recall_no,1.0,,,,16.0,,16,
N3-policy/initial/S5/C_balanced_TF/balanced_accuracy,,,,,,,,undefined_one_class_absent
N3-policy/initial/S5/C_accuracy_RF,1.0,1.0,1.0,16,16.0,16,,
N3-policy/initial/S5/C_balanced_RF/recall_yes,,,,,0.0,,0,
N3-policy/initial/S5/C_balanced_RF/recall_no,1.0,,,,16.0,,16,
N3-policy/initial/S5/C_balanced_RF/balanced_accuracy,,,,,,,,undefined_one_class_absent
N3-policy/initial/S5/C_balanced_all_forms/recall_yes,,,,,0.0,,0,
N3-policy/initial/S5/C_balanced_all_forms/recall_no,1.0,,,,48.0,,48,
N3-policy/initial/S5/C_balanced_all_forms/balanced_accuracy,,,,,,,,undefined_one_class_absent
N3-policy/initial/S5/C_TF_RF/accuracy_TF,1.0,1.0,1.0,16,,,,
N3-policy/initial/S5/C_TF_RF/accuracy_RF,1.0,1.0,1.0,16,,,,
N3-policy/initial/S5/C_TF_RF/gap,0.0,0.0,0.0,16,,,,
N3-policy/initial/S5/C_TF_RF/both_correct,1.0,1.0,1.0,16,,,,
N3-policy/initial/S5/C_TF_RF/disagreement,0.0,0.0,0.0,16,,,,
N3-policy/initial/S5/C_DIR_TF/accuracy_DIR,1.0,1.0,1.0,16,,,,
N3-policy/initial/S5/C_DIR_TF/accuracy_TF,1.0,1.0,1.0,16,,,,
N3-policy/initial/S5/C_DIR_TF/gap,0.0,0.0,0.0,16,,,,
N3-policy/initial/S5/C_DIR_TF/both_correct,1.0,1.0,1.0,16,,,,
N3-policy/initial/S5/C_DIR_TF/disagreement,0.0,0.0,0.0,16,,,,
N3-policy/initial/S5/C_DIR_RF/accuracy_DIR,1.0,1.0,1.0,16,,,,
N3-policy/initial/S5/C_DIR_RF/accuracy_RF,1.0,1.0,1.0,16,,,,
N3-policy/initial/S5/C_DIR_RF/gap,0.0,0.0,0.0,16,,,,
N3-policy/initial/S5/C_DIR_RF/both_correct,1.0,1.0,1.0,16,,,,
N3-policy/initial/S5/C_DIR_RF/disagreement,0.0,0.0,0.0,16,,,,
N3-policy/initial/S5/C_TF_RF_all_geometry_sensitivity/accuracy_TF,1.0,1.0,1.0,16,,,,
N3-policy/initial/S5/C_TF_RF_all_geometry_sensitivity/accuracy_RF,1.0,1.0,1.0,16,,,,
N3-policy/initial/S5/C_TF_RF_all_geometry_sensitivity/gap,0.0,0.0,0.0,16,,,,
N3-policy/initial/S5/C_TF_RF_all_geometry_sensitivity/both_correct,1.0,1.0,1.0,16,,,,
N3-policy/initial/S5/C_TF_RF_all_geometry_sensitivity/disagreement,0.0,0.0,0.0,16,,,,
N3-policy/initial/S5/A_pairs_all_geometry_sensitivity/accuracy_target_subject,1.0,1.0,1.0,16,,,,
N3-policy/initial/S5/A_pairs_all_geometry_sensitivity/accuracy_reference_subject,1.0,1.0,1.0,16,,,,
N3-policy/initial/S5/A_pairs_all_geometry_sensitivity/gap,0.0,0.0,0.0,16,,,,
N3-policy/initial/S5/A_pairs_all_geometry_sensitivity/both_correct,1.0,1.0,1.0,16,,,,
N3-policy/initial/S5/A_pairs_all_geometry_sensitivity/disagreement,0.0,0.0,0.0,16,,,,
N3-policy/initial/S5/B_image_tuple_accuracy,0.6666666666666666,0.6666666666666666,0.6666666666666666,48,32.0,48,,
N3-policy/initial/S5/B_image_target_accuracy,1.0,1.0,1.0,48,48.0,48,,
N3-policy/initial/S5/B_image_reference_accuracy,1.0,1.0,1.0,48,48.0,48,,
N3-policy/initial/S5/B_image_relation_accuracy,0.6666666666666666,0.6666666666666666,0.6666666666666666,48,32.0,48,,
N3-policy/initial/S5/B_image_tuple_accuracy_DIR,0.0,0.0,0.0,16,0.0,16,,
N3-policy/initial/S5/B_image_tuple_accuracy_TF,1.0,1.0,1.0,16,16.0,16,,
N3-policy/initial/S5/B_image_tuple_accuracy_RF,1.0,1.0,1.0,16,16.0,16,,
N3-policy/initial/S5/B_image_TF_RF/accuracy_TF,1.0,1.0,1.0,16,,,,
N3-policy/initial/S5/B_image_TF_RF/accuracy_RF,1.0,1.0,1.0,16,,,,
N3-policy/initial/S5/B_image_TF_RF/gap,0.0,0.0,0.0,16,,,,
N3-policy/initial/S5/B_image_TF_RF/both_correct,1.0,1.0,1.0,16,,,,
N3-policy/initial/S5/B_image_TF_RF/disagreement,1.0,1.0,1.0,16,,,,
N3-policy/initial/S5/B_image_DIR_TF/accuracy_DIR,0.0,0.0,0.0,16,,,,
N3-policy/initial/S5/B_image_DIR_TF/accuracy_TF,1.0,1.0,1.0,16,,,,
N3-policy/initial/S5/B_image_DIR_TF/gap,-1.0,-1.0,-1.0,16,,,,
N3-policy/initial/S5/B_image_DIR_TF/both_correct,0.0,0.0,0.0,16,,,,
N3-policy/initial/S5/B_image_DIR_TF/disagreement,1.0,1.0,1.0,16,,,,
N3-policy/initial/S5/C_no_image_reuse_accuracy,1.0,1.0,1.0,48,48.0,48,,
N3-policy/initial/S5/C_no_image_reuse_TF_RF/accuracy_TF,1.0,1.0,1.0,16,,,,
N3-policy/initial/S5/C_no_image_reuse_TF_RF/accuracy_RF,1.0,1.0,1.0,16,,,,
N3-policy/initial/S5/C_no_image_reuse_TF_RF/gap,0.0,0.0,0.0,16,,,,
N3-policy/initial/S5/C_no_image_reuse_TF_RF/both_correct,1.0,1.0,1.0,16,,,,
N3-policy/initial/S5/C_no_image_reuse_TF_RF/disagreement,0.0,0.0,0.0,16,,,,
N3-policy/initial/S5/C_no_image_reuse_balanced/recall_yes,,,,,0.0,,0,
N3-policy/initial/S5/C_no_image_reuse_balanced/recall_no,1.0,,,,48.0,,48,
N3-policy/initial/S5/C_no_image_reuse_balanced/balanced_accuracy,,,,,,,,undefined_one_class_absent
N3-policy/initial/all_scenes/A_accuracy,0.6335565476190477,0.6158854166666666,0.65234375,188,108.0,188,,
N3-policy/initial/all_scenes/A_pairs/accuracy_target_subject,0.5900297619047619,0.5625,0.6216517857142857,94,,,,
N3-policy/initial/all_scenes/A_pairs/accuracy_reference_subject,0.6770833333333333,0.6536458333333333,0.7005208333333333,94,,,,
N3-policy/initial/all_scenes/A_pairs/gap,-0.08705357142857142,-0.12239583333333333,-0.049479166666666664,94,,,,
N3-policy/initial/all_scenes/A_pairs/both_correct,0.5744047619047619,0.5625,0.5982142857142857,94,,,,
N3-policy/initial/all_scenes/A_pairs/disagreement,0.11830357142857142,0.08072916666666666,0.15364583333333331,94,,,,
N3-policy/initial/all_scenes/A_balanced/recall_yes,0.8571428571428571,,,,38.0,,44,
N3-policy/initial/all_scenes/A_balanced/recall_no,0.53125,,,,70.0,,144,
N3-policy/initial/all_scenes/A_balanced/balanced_accuracy,0.6941964285714286,0.6744791666666667,0.7213541666666666,,,,,
N3-policy/initial/all_scenes/C_accuracy_all_forms,0.7708333333333333,0.7708333333333333,0.7708333333333333,282,216.0,282,,
N3-policy/initial/all_scenes/C_accuracy_DIR,0.7708333333333333,0.7708333333333333,0.7708333333333333,94,72.0,94,,
N3-policy/initial/all_scenes/C_balanced_DIR/recall_yes,0.0,,,,0.0,,22,
N3-policy/initial/all_scenes/C_balanced_DIR/recall_no,1.0,,,,72.0,,72,
N3-policy/initial/all_scenes/C_balanced_DIR/balanced_accuracy,0.5,0.5,0.5,,,,,
N3-policy/initial/all_scenes/C_accuracy_TF,0.7708333333333333,0.7708333333333333,0.7708333333333333,94,72.0,94,,
N3-policy/initial/all_scenes/C_balanced_TF/recall_yes,0.0,,,,0.0,,22,
N3-policy/initial/all_scenes/C_balanced_TF/recall_no,1.0,,,,72.0,,72,
N3-policy/initial/all_scenes/C_balanced_TF/balanced_accuracy,0.5,0.5,0.5,,,,,
N3-policy/initial/all_scenes/C_accuracy_RF,0.7708333333333333,0.7708333333333333,0.7708333333333333,94,72.0,94,,
N3-policy/initial/all_scenes/C_balanced_RF/recall_yes,0.0,,,,0.0,,22,
N3-policy/initial/all_scenes/C_balanced_RF/recall_no,1.0,,,,72.0,,72,
N3-policy/initial/all_scenes/C_balanced_RF/balanced_accuracy,0.5,0.5,0.5,,,,,
N3-policy/initial/all_scenes/C_balanced_all_forms/recall_yes,0.0,,,,0.0,,66,
N3-policy/initial/all_scenes/C_balanced_all_forms/recall_no,1.0,,,,216.0,,216,
N3-policy/initial/all_scenes/C_balanced_all_forms/balanced_accuracy,0.5,0.5,0.5,,,,,
N3-policy/initial/all_scenes/C_TF_RF/accuracy_TF,0.7708333333333333,0.7708333333333333,0.7708333333333333,94,,,,
N3-policy/initial/all_scenes/C_TF_RF/accuracy_RF,0.7708333333333333,0.7708333333333333,0.7708333333333333,94,,,,
N3-policy/initial/all_scenes/C_TF_RF/gap,0.0,0.0,0.0,94,,,,
N3-policy/initial/all_scenes/C_TF_RF/both_correct,0.7708333333333333,0.7708333333333333,0.7708333333333333,94,,,,
N3-policy/initial/all_scenes/C_TF_RF/disagreement,0.0,0.0,0.0,94,,,,
N3-policy/initial/all_scenes/C_DIR_TF/accuracy_DIR,0.7708333333333333,0.7708333333333333,0.7708333333333333,94,,,,
N3-policy/initial/all_scenes/C_DIR_TF/accuracy_TF,0.7708333333333333,0.7708333333333333,0.7708333333333333,94,,,,
N3-policy/initial/all_scenes/C_DIR_TF/gap,0.0,0.0,0.0,94,,,,
N3-policy/initial/all_scenes/C_DIR_TF/both_correct,0.7708333333333333,0.7708333333333333,0.7708333333333333,94,,,,
N3-policy/initial/all_scenes/C_DIR_TF/disagreement,0.0,0.0,0.0,94,,,,
N3-policy/initial/all_scenes/C_DIR_RF/accuracy_DIR,0.7708333333333333,0.7708333333333333,0.7708333333333333,94,,,,
N3-policy/initial/all_scenes/C_DIR_RF/accuracy_RF,0.7708333333333333,0.7708333333333333,0.7708333333333333,94,,,,
N3-policy/initial/all_scenes/C_DIR_RF/gap,0.0,0.0,0.0,94,,,,
N3-policy/initial/all_scenes/C_DIR_RF/both_correct,0.7708333333333333,0.7708333333333333,0.7708333333333333,94,,,,
N3-policy/initial/all_scenes/C_DIR_RF/disagreement,0.0,0.0,0.0,94,,,,
N3-policy/initial/all_scenes/C_TF_RF_all_geometry_sensitivity/accuracy_TF,0.7708333333333333,0.7708333333333333,0.7708333333333333,96,,,,
N3-policy/initial/all_scenes/C_TF_RF_all_geometry_sensitivity/accuracy_RF,0.7708333333333333,0.7708333333333333,0.7708333333333333,96,,,,
N3-policy/initial/all_scenes/C_TF_RF_all_geometry_sensitivity/gap,0.0,0.0,0.0,96,,,,
N3-policy/initial/all_scenes/C_TF_RF_all_geometry_sensitivity/both_correct,0.7708333333333333,0.7708333333333333,0.7708333333333333,96,,,,
N3-policy/initial/all_scenes/C_TF_RF_all_geometry_sensitivity/disagreement,0.0,0.0,0.0,96,,,,
N3-policy/initial/all_scenes/A_pairs_all_geometry_sensitivity/accuracy_target_subject,0.5989583333333334,0.5703125,0.6328125,96,,,,
N3-policy/initial/all_scenes/A_pairs_all_geometry_sensitivity/accuracy_reference_subject,0.6770833333333333,0.6536458333333333,0.7005208333333333,96,,,,
N3-policy/initial/all_scenes/A_pairs_all_geometry_sensitivity/gap,-0.078125,-0.11458333333333333,-0.0390625,96,,,,
N3-policy/initial/all_scenes/A_pairs_all_geometry_sensitivity/both_correct,0.5833333333333334,0.5625,0.6145833333333333,96,,,,
N3-policy/initial/all_scenes/A_pairs_all_geometry_sensitivity/disagreement,0.109375,0.0703125,0.14583333333333331,96,,,,
N3-policy/initial/all_scenes/B_image_tuple_accuracy,0.8194444444444443,0.8194444444444443,0.8194444444444443,288,240.0,288,,
N3-policy/initial/all_scenes/B_image_target_accuracy,1.0,1.0,1.0,288,288.0,288,,
N3-policy/initial/all_scenes/B_image_reference_accuracy,1.0,1.0,1.0,288,288.0,288,,
N3-policy/initial/all_scenes/B_image_relation_accuracy,0.8194444444444443,0.8194444444444443,0.8194444444444443,288,240.0,288,,
N3-policy/initial/all_scenes/B_image_tuple_accuracy_DIR,0.75,0.75,0.75,96,80.0,96,,
N3-policy/initial/all_scenes/B_image_tuple_accuracy_TF,1.0,1.0,1.0,96,96.0,96,,
N3-policy/initial/all_scenes/B_image_tuple_accuracy_RF,0.7083333333333333,0.7083333333333333,0.7083333333333333,96,64.0,96,,
N3-policy/initial/all_scenes/B_image_TF_RF/accuracy_TF,1.0,1.0,1.0,96,,,,
N3-policy/initial/all_scenes/B_image_TF_RF/accuracy_RF,0.7083333333333333,0.7083333333333333,0.7083333333333333,96,,,,
N3-policy/initial/all_scenes/B_image_TF_RF/gap,0.29166666666666663,0.29166666666666663,0.29166666666666663,96,,,,
N3-policy/initial/all_scenes/B_image_TF_RF/both_correct,0.7083333333333333,0.7083333333333333,0.7083333333333333,96,,,,
N3-policy/initial/all_scenes/B_image_TF_RF/disagreement,0.5416666666666666,0.5416666666666666,0.5416666666666666,96,,,,
N3-policy/initial/all_scenes/B_image_DIR_TF/accuracy_DIR,0.75,0.75,0.75,96,,,,
N3-policy/initial/all_scenes/B_image_DIR_TF/accuracy_TF,1.0,1.0,1.0,96,,,,
N3-policy/initial/all_scenes/B_image_DIR_TF/gap,-0.25,-0.25,-0.25,96,,,,
N3-policy/initial/all_scenes/B_image_DIR_TF/both_correct,0.75,0.75,0.75,96,,,,
N3-policy/initial/all_scenes/B_image_DIR_TF/disagreement,0.25,0.25,0.25,96,,,,
N3-policy/initial/all_scenes/placement_B_image/accuracy_reference_early,1.0,1.0,1.0,64,,,,
N3-policy/initial/all_scenes/placement_B_image/accuracy_reference_late,1.0,1.0,1.0,64,,,,
N3-policy/initial/all_scenes/placement_B_image/gap,0.0,0.0,0.0,64,,,,
N3-policy/initial/all_scenes/placement_B_image/both_correct,1.0,1.0,1.0,64,,,,
N3-policy/initial/all_scenes/placement_B_image/disagreement,0.0,0.0,0.0,64,,,,
N3-policy/initial/all_scenes/placement_C_image/accuracy_reference_early,0.5833333333333334,0.5833333333333334,0.5833333333333334,62,,,,
N3-policy/initial/all_scenes/placement_C_image/accuracy_reference_late,0.5833333333333334,0.5833333333333334,0.5833333333333334,62,,,,
N3-policy/initial/all_scenes/placement_C_image/gap,0.0,0.0,0.0,62,,,,
N3-policy/initial/all_scenes/placement_C_image/both_correct,0.5833333333333334,0.5833333333333334,0.5833333333333334,62,,,,
N3-policy/initial/all_scenes/placement_C_image/disagreement,0.0,0.0,0.0,62,,,,
N3-policy/initial/all_scenes/placement_C_image_accuracy,0.5833333333333334,0.5833333333333334,0.5833333333333334,124,80.0,124,,
N3-policy/initial/all_scenes/C_no_image_reuse_accuracy,0.7708333333333333,0.7708333333333333,0.7708333333333333,282,216.0,282,,
N3-policy/initial/all_scenes/C_no_image_reuse_TF_RF/accuracy_TF,0.7708333333333333,0.7708333333333333,0.7708333333333333,94,,,,
N3-policy/initial/all_scenes/C_no_image_reuse_TF_RF/accuracy_RF,0.7708333333333333,0.7708333333333333,0.7708333333333333,94,,,,
N3-policy/initial/all_scenes/C_no_image_reuse_TF_RF/gap,0.0,0.0,0.0,94,,,,
N3-policy/initial/all_scenes/C_no_image_reuse_TF_RF/both_correct,0.7708333333333333,0.7708333333333333,0.7708333333333333,94,,,,
N3-policy/initial/all_scenes/C_no_image_reuse_TF_RF/disagreement,0.0,0.0,0.0,94,,,,
N3-policy/initial/all_scenes/C_no_image_reuse_balanced/recall_yes,0.0,,,,0.0,,66,
N3-policy/initial/all_scenes/C_no_image_reuse_balanced/recall_no,1.0,,,,216.0,,216,
N3-policy/initial/all_scenes/C_no_image_reuse_balanced/balanced_accuracy,0.5,0.5,0.5,,,,,
N3-policy/initial/all_scenes_intended_goal_sensitivity/C_TF_RF/accuracy_TF,0.7708333333333333,0.7708333333333333,0.7708333333333333,94,,,,
N3-policy/initial/all_scenes_intended_goal_sensitivity/C_TF_RF/accuracy_RF,0.7708333333333333,0.7708333333333333,0.7708333333333333,94,,,,
N3-policy/initial/all_scenes_intended_goal_sensitivity/C_TF_RF/gap,0.0,0.0,0.0,94,,,,
N3-policy/initial/all_scenes_intended_goal_sensitivity/C_TF_RF/both_correct,0.7708333333333333,0.7708333333333333,0.7708333333333333,94,,,,
N3-policy/initial/all_scenes_intended_goal_sensitivity/C_TF_RF/disagreement,0.0,0.0,0.0,94,,,,
N3-policy/secondary/main_S1_S3_S4/A_accuracy,0.5830439814814815,0.5220734126984127,0.6422805059523808,306,183.0,306,,
N3-policy/secondary/main_S1_S3_S4/A_pairs/accuracy_target_subject,0.5150462962962963,0.44237475198412707,0.5885416666666666,153,,,,
N3-policy/secondary/main_S1_S3_S4/A_pairs/accuracy_reference_subject,0.6510416666666666,0.5810185185185185,0.7159734623015873,153,,,,
N3-policy/secondary/main_S1_S3_S4/A_pairs/gap,-0.13599537037037038,-0.21180555555555555,-0.06076388888888889,153,,,,
N3-policy/secondary/main_S1_S3_S4/A_pairs/both_correct,0.4787533068783069,0.40128720238095233,0.5545655588624337,153,,,,
N3-policy/secondary/main_S1_S3_S4/A_pairs/disagreement,0.20858134920634921,0.12449776785714287,0.29712425595238096,153,,,,
N3-policy/secondary/main_S1_S3_S4/A_balanced/recall_yes,0.6574074074074074,,,,60.0,,76,
N3-policy/secondary/main_S1_S3_S4/A_balanced/recall_no,0.4446924603174603,,,,123.0,,230,
N3-policy/secondary/main_S1_S3_S4/A_balanced/balanced_accuracy,0.5510499338624338,0.5126736111111112,0.657874503968254,,,,,
N3-policy/secondary/main_S1_S3_S4/C_accuracy_all_forms,0.7435185185185184,0.6997354497354497,0.7923280423280423,360,270.0,360,,
N3-policy/secondary/main_S1_S3_S4/C_accuracy_DIR,0.7435185185185184,0.6997354497354497,0.7923280423280423,120,90.0,120,,
N3-policy/secondary/main_S1_S3_S4/C_balanced_DIR/recall_yes,0.0,,,,0.0,,30,
N3-policy/secondary/main_S1_S3_S4/C_balanced_DIR/recall_no,1.0,,,,90.0,,90,
N3-policy/secondary/main_S1_S3_S4/C_balanced_DIR/balanced_accuracy,0.5,0.5,0.5,,,,,
N3-policy/secondary/main_S1_S3_S4/C_accuracy_TF,0.7435185185185184,0.6997354497354497,0.7923280423280423,120,90.0,120,,
N3-policy/secondary/main_S1_S3_S4/C_balanced_TF/recall_yes,0.0,,,,0.0,,30,
N3-policy/secondary/main_S1_S3_S4/C_balanced_TF/recall_no,1.0,,,,90.0,,90,
N3-policy/secondary/main_S1_S3_S4/C_balanced_TF/balanced_accuracy,0.5,0.5,0.5,,,,,
N3-policy/secondary/main_S1_S3_S4/C_accuracy_RF,0.7435185185185184,0.6997354497354497,0.7923280423280423,120,90.0,120,,
N3-policy/secondary/main_S1_S3_S4/C_balanced_RF/recall_yes,0.0,,,,0.0,,30,
N3-policy/secondary/main_S1_S3_S4/C_balanced_RF/recall_no,1.0,,,,90.0,,90,
N3-policy/secondary/main_S1_S3_S4/C_balanced_RF/balanced_accuracy,0.5,0.5,0.5,,,,,
N3-policy/secondary/main_S1_S3_S4/C_balanced_all_forms/recall_yes,0.0,,,,0.0,,90,
N3-policy/secondary/main_S1_S3_S4/C_balanced_all_forms/recall_no,1.0,,,,270.0,,270,
N3-policy/secondary/main_S1_S3_S4/C_balanced_all_forms/balanced_accuracy,0.5,0.5,0.5,,,,,
N3-policy/secondary/main_S1_S3_S4/C_TF_RF/accuracy_TF,0.7435185185185184,0.6997354497354497,0.7923280423280423,120,,,,
N3-policy/secondary/main_S1_S3_S4/C_TF_RF/accuracy_RF,0.7435185185185184,0.6997354497354497,0.7923280423280423,120,,,,
N3-policy/secondary/main_S1_S3_S4/C_TF_RF/gap,0.0,0.0,0.0,120,,,,
N3-policy/secondary/main_S1_S3_S4/C_TF_RF/both_correct,0.7435185185185184,0.6997354497354497,0.7923280423280423,120,,,,
N3-policy/secondary/main_S1_S3_S4/C_TF_RF/disagreement,0.0,0.0,0.0,120,,,,
N3-policy/secondary/main_S1_S3_S4/C_DIR_TF/accuracy_DIR,0.7435185185185184,0.6997354497354497,0.7923280423280423,120,,,,
N3-policy/secondary/main_S1_S3_S4/C_DIR_TF/accuracy_TF,0.7435185185185184,0.6997354497354497,0.7923280423280423,120,,,,
N3-policy/secondary/main_S1_S3_S4/C_DIR_TF/gap,0.0,0.0,0.0,120,,,,
N3-policy/secondary/main_S1_S3_S4/C_DIR_TF/both_correct,0.7435185185185184,0.6997354497354497,0.7923280423280423,120,,,,
N3-policy/secondary/main_S1_S3_S4/C_DIR_TF/disagreement,0.0,0.0,0.0,120,,,,
N3-policy/secondary/main_S1_S3_S4/C_DIR_RF/accuracy_DIR,0.7435185185185184,0.6997354497354497,0.7923280423280423,120,,,,
N3-policy/secondary/main_S1_S3_S4/C_DIR_RF/accuracy_RF,0.7435185185185184,0.6997354497354497,0.7923280423280423,120,,,,
N3-policy/secondary/main_S1_S3_S4/C_DIR_RF/gap,0.0,0.0,0.0,120,,,,
N3-policy/secondary/main_S1_S3_S4/C_DIR_RF/both_correct,0.7435185185185184,0.6997354497354497,0.7923280423280423,120,,,,
N3-policy/secondary/main_S1_S3_S4/C_DIR_RF/disagreement,0.0,0.0,0.0,120,,,,
N3-policy/secondary/main_S1_S3_S4/C_TF_RF_all_geometry_sensitivity/accuracy_TF,0.736111111111111,0.7083333333333334,0.7777777777777777,125,,,,
N3-policy/secondary/main_S1_S3_S4/C_TF_RF_all_geometry_sensitivity/accuracy_RF,0.736111111111111,0.7083333333333334,0.7777777777777777,125,,,,
N3-policy/secondary/main_S1_S3_S4/C_TF_RF_all_geometry_sensitivity/gap,0.0,0.0,0.0,125,,,,
N3-policy/secondary/main_S1_S3_S4/C_TF_RF_all_geometry_sensitivity/both_correct,0.736111111111111,0.7083333333333334,0.7777777777777777,125,,,,
N3-policy/secondary/main_S1_S3_S4/C_TF_RF_all_geometry_sensitivity/disagreement,0.0,0.0,0.0,125,,,,
N3-policy/secondary/main_S1_S3_S4/A_pairs_all_geometry_sensitivity/accuracy_target_subject,0.5173611111111112,0.45138888888888884,0.5798611111111112,160,,,,
N3-policy/secondary/main_S1_S3_S4/A_pairs_all_geometry_sensitivity/accuracy_reference_subject,0.657986111111111,0.5937500000000001,0.7152777777777778,160,,,,
N3-policy/secondary/main_S1_S3_S4/A_pairs_all_geometry_sensitivity/gap,-0.140625,-0.2152777777777778,-0.06597222222222222,160,,,,
N3-policy/secondary/main_S1_S3_S4/A_pairs_all_geometry_sensitivity/both_correct,0.4774305555555555,0.4079861111111111,0.546875,160,,,,
N3-policy/secondary/main_S1_S3_S4/A_pairs_all_geometry_sensitivity/disagreement,0.22048611111111108,0.13368055555555555,0.3055555555555556,160,,,,
N3-policy/secondary/S5/A_accuracy,0.7142857142857143,0.5416666666666666,0.8753906249999943,52,38.0,52,,
N3-policy/secondary/S5/A_pairs/accuracy_target_subject,0.7857142857142857,0.5625,1.0,26,,,,
N3-policy/secondary/S5/A_pairs/accuracy_reference_subject,0.6428571428571428,0.468638392857143,0.8125,26,,,,
N3-policy/secondary/S5/A_pairs/gap,0.14285714285714285,-0.0357142857142857,0.3125,26,,,,
N3-policy/secondary/S5/A_pairs/both_correct,0.5357142857142857,0.2857142857142857,0.7857142857142857,26,,,,
N3-policy/secondary/S5/A_pairs/disagreement,0.3571428571428571,0.16666666666666666,0.6071428571428572,26,,,,
N3-policy/secondary/S5/A_balanced/recall_yes,0.4375,,,,5.0,,12,
N3-policy/secondary/S5/A_balanced/recall_no,0.825,,,,33.0,,40,
N3-policy/secondary/S5/A_balanced/balanced_accuracy,0.63125,0.53125,0.7125,,,,,
N3-policy/secondary/S5/C_accuracy_all_forms,0.7916666666666665,0.5356026785714285,1.0,54,42.0,54,,
N3-policy/secondary/S5/C_accuracy_DIR,0.7083333333333333,0.35,1.0,18,13.0,18,,
N3-policy/secondary/S5/C_balanced_DIR/recall_yes,0.25,,,,1.0,,4,
N3-policy/secondary/S5/C_balanced_DIR/recall_no,0.8,,,,12.0,,14,
N3-policy/secondary/S5/C_balanced_DIR/balanced_accuracy,0.525,0.29166666666666663,0.625,,,,,
N3-policy/secondary/S5/C_accuracy_TF,0.75,0.4,1.0,18,13.0,18,,
N3-policy/secondary/S5/C_balanced_TF/recall_yes,0.0,,,,0.0,,4,
N3-policy/secondary/S5/C_balanced_TF/recall_no,0.9,,,,13.0,,14,
N3-policy/secondary/S5/C_balanced_TF/balanced_accuracy,0.45,0.3333333333333333,0.5,,,,,
N3-policy/secondary/S5/C_accuracy_RF,0.9166666666666667,0.75,1.0,18,16.0,18,,
N3-policy/secondary/S5/C_balanced_RF/recall_yes,0.0,,,,0.0,,2,
N3-policy/secondary/S5/C_balanced_RF/recall_no,1.0,,,,16.0,,16,
N3-policy/secondary/S5/C_balanced_RF/balanced_accuracy,0.5,0.5,0.5,,,,,
N3-policy/secondary/S5/C_balanced_all_forms/recall_yes,0.125,,,,1.0,,10,
N3-policy/secondary/S5/C_balanced_all_forms/recall_no,0.911111111111111,,,,41.0,,44,
N3-policy/secondary/S5/C_balanced_all_forms/balanced_accuracy,0.5180555555555555,0.42916666666666664,0.5625,,,,,
N3-policy/secondary/S5/C_TF_RF/accuracy_TF,0.75,0.4,1.0,18,,,,
N3-policy/secondary/S5/C_TF_RF/accuracy_RF,0.9166666666666667,0.75,1.0,18,,,,
N3-policy/secondary/S5/C_TF_RF/gap,-0.16666666666666666,-0.375,0.0,18,,,,
N3-policy/secondary/S5/C_TF_RF/both_correct,0.75,0.4,1.0,18,,,,
N3-policy/secondary/S5/C_TF_RF/disagreement,0.08333333333333333,0.0,0.25,18,,,,
N3-policy/secondary/S5/C_DIR_TF/accuracy_DIR,0.7083333333333333,0.35,1.0,18,,,,
N3-policy/secondary/S5/C_DIR_TF/accuracy_TF,0.75,0.4,1.0,18,,,,
N3-policy/secondary/S5/C_DIR_TF/gap,-0.041666666666666664,-0.25,0.125,18,,,,
N3-policy/secondary/S5/C_DIR_TF/both_correct,0.6666666666666666,0.25,1.0,18,,,,
N3-policy/secondary/S5/C_DIR_TF/disagreement,0.125,0.0,0.3,18,,,,
N3-policy/secondary/S5/C_DIR_RF/accuracy_DIR,0.7083333333333333,0.35,1.0,18,,,,
N3-policy/secondary/S5/C_DIR_RF/accuracy_RF,0.9166666666666667,0.75,1.0,18,,,,
N3-policy/secondary/S5/C_DIR_RF/gap,-0.20833333333333331,-0.5416666666666667,0.0,18,,,,
N3-policy/secondary/S5/C_DIR_RF/both_correct,0.7083333333333333,0.35,1.0,18,,,,
N3-policy/secondary/S5/C_DIR_RF/disagreement,0.20833333333333331,0.0,0.5416666666666667,18,,,,
N3-policy/secondary/S5/C_TF_RF_all_geometry_sensitivity/accuracy_TF,0.75,0.4,1.0,18,,,,
N3-policy/secondary/S5/C_TF_RF_all_geometry_sensitivity/accuracy_RF,0.9166666666666667,0.75,1.0,18,,,,
N3-policy/secondary/S5/C_TF_RF_all_geometry_sensitivity/gap,-0.16666666666666666,-0.375,0.0,18,,,,
N3-policy/secondary/S5/C_TF_RF_all_geometry_sensitivity/both_correct,0.75,0.4,1.0,18,,,,
N3-policy/secondary/S5/C_TF_RF_all_geometry_sensitivity/disagreement,0.08333333333333333,0.0,0.25,18,,,,
N3-policy/secondary/S5/A_pairs_all_geometry_sensitivity/accuracy_target_subject,0.7857142857142857,0.5625,1.0,26,,,,
N3-policy/secondary/S5/A_pairs_all_geometry_sensitivity/accuracy_reference_subject,0.6428571428571428,0.468638392857143,0.8125,26,,,,
N3-policy/secondary/S5/A_pairs_all_geometry_sensitivity/gap,0.14285714285714285,-0.0357142857142857,0.3125,26,,,,
N3-policy/secondary/S5/A_pairs_all_geometry_sensitivity/both_correct,0.5357142857142857,0.2857142857142857,0.7857142857142857,26,,,,
N3-policy/secondary/S5/A_pairs_all_geometry_sensitivity/disagreement,0.3571428571428571,0.16666666666666666,0.6071428571428572,26,,,,
N3-policy/secondary/all_scenes/A_accuracy,0.6158544146825398,0.5529354228670635,0.67578125,358,221.0,358,,
N3-policy/secondary/all_scenes/A_pairs/accuracy_target_subject,0.5827132936507936,0.5038411458333334,0.6564391121031745,179,,,,
N3-policy/secondary/all_scenes/A_pairs/accuracy_reference_subject,0.6489955357142857,0.5815972222222222,0.7135429067460318,179,,,,
N3-policy/secondary/all_scenes/A_pairs/gap,-0.06628224206349206,-0.13709852430555558,0.004589843749999975,179,,,,
N3-policy/secondary/all_scenes/A_pairs/both_correct,0.4929935515873016,0.40598679315476194,0.5760425967261906,179,,,,
N3-policy/secondary/all_scenes/A_pairs/disagreement,0.2457217261904762,0.16616908482142856,0.3359375,179,,,,
N3-policy/secondary/all_scenes/A_balanced/recall_yes,0.6024305555555556,,,,65.0,,88,
N3-policy/secondary/all_scenes/A_balanced/recall_no,0.5397693452380952,,,,156.0,,270,
N3-policy/secondary/all_scenes/A_balanced/balanced_accuracy,0.5710999503968254,0.5348101903521825,0.6576904296875,,,,,
N3-policy/secondary/all_scenes/C_accuracy_all_forms,0.7555555555555554,0.681547619047619,0.8215376984126983,414,312.0,414,,
N3-policy/secondary/all_scenes/C_accuracy_DIR,0.734722222222222,0.6375,0.81984375,138,103.0,138,,
N3-policy/secondary/all_scenes/C_balanced_DIR/recall_yes,0.0625,,,,1.0,,34,
N3-policy/secondary/all_scenes/C_balanced_DIR/recall_no,0.95,,,,102.0,,104,
N3-policy/secondary/all_scenes/C_balanced_DIR/balanced_accuracy,0.50625,0.4479166666666667,0.53125,,,,,
N3-policy/secondary/all_scenes/C_accuracy_TF,0.7451388888888888,0.6527777777777778,0.8208333333333334,138,103.0,138,,
N3-policy/secondary/all_scenes/C_balanced_TF/recall_yes,0.0,,,,0.0,,34,
N3-policy/secondary/all_scenes/C_balanced_TF/recall_no,0.975,,,,103.0,,104,
N3-policy/secondary/all_scenes/C_balanced_TF/balanced_accuracy,0.4875,0.4583333333333333,0.5,,,,,
N3-policy/secondary/all_scenes/C_accuracy_RF,0.7868055555555555,0.7336309523809523,0.8348263888888888,138,106.0,138,,
N3-policy/secondary/all_scenes/C_balanced_RF/recall_yes,0.0,,,,0.0,,32,
N3-policy/secondary/all_scenes/C_balanced_RF/recall_no,1.0,,,,106.0,,106,
N3-policy/secondary/all_scenes/C_balanced_RF/balanced_accuracy,0.5,0.5,0.5,,,,,
N3-policy/secondary/all_scenes/C_balanced_all_forms/recall_yes,0.03125,,,,1.0,,100,
N3-policy/secondary/all_scenes/C_balanced_all_forms/recall_no,0.9777777777777777,,,,311.0,,314,
N3-policy/secondary/all_scenes/C_balanced_all_forms/balanced_accuracy,0.5045138888888889,0.4822916666666667,0.515625,,,,,
N3-policy/secondary/all_scenes/C_TF_RF/accuracy_TF,0.7451388888888888,0.6527777777777778,0.8208333333333334,138,,,,
N3-policy/secondary/all_scenes/C_TF_RF/accuracy_RF,0.7868055555555555,0.7336309523809523,0.8348263888888888,138,,,,
N3-policy/secondary/all_scenes/C_TF_RF/gap,-0.041666666666666664,-0.09375,0.0,138,,,,
N3-policy/secondary/all_scenes/C_TF_RF/both_correct,0.7451388888888888,0.6527777777777778,0.8208333333333334,138,,,,
N3-policy/secondary/all_scenes/C_TF_RF/disagreement,0.020833333333333332,0.0,0.0625,138,,,,
N3-policy/secondary/all_scenes/C_DIR_TF/accuracy_DIR,0.734722222222222,0.6375,0.81984375,138,,,,
N3-policy/secondary/all_scenes/C_DIR_TF/accuracy_TF,0.7451388888888888,0.6527777777777778,0.8208333333333334,138,,,,
N3-policy/secondary/all_scenes/C_DIR_TF/gap,-0.010416666666666666,-0.0625,0.03125,138,,,,
N3-policy/secondary/all_scenes/C_DIR_TF/both_correct,0.7243055555555554,0.6184424603174603,0.8194444444444444,138,,,,
N3-policy/secondary/all_scenes/C_DIR_TF/disagreement,0.03125,0.0,0.075,138,,,,
N3-policy/secondary/all_scenes/C_DIR_RF/accuracy_DIR,0.734722222222222,0.6375,0.81984375,138,,,,
N3-policy/secondary/all_scenes/C_DIR_RF/accuracy_RF,0.7868055555555555,0.7336309523809523,0.8348263888888888,138,,,,
N3-policy/secondary/all_scenes/C_DIR_RF/gap,-0.05208333333333333,-0.13541666666666669,0.0,138,,,,
N3-policy/secondary/all_scenes/C_DIR_RF/both_correct,0.734722222222222,0.6375,0.81984375,138,,,,
N3-policy/secondary/all_scenes/C_DIR_RF/disagreement,0.05208333333333333,0.0,0.13541666666666669,138,,,,
N3-policy/secondary/all_scenes/C_TF_RF_all_geometry_sensitivity/accuracy_TF,0.7395833333333333,0.6488095238095237,0.8125,143,,,,
N3-policy/secondary/all_scenes/C_TF_RF_all_geometry_sensitivity/accuracy_RF,0.78125,0.7291666666666666,0.8229166666666666,143,,,,
N3-policy/secondary/all_scenes/C_TF_RF_all_geometry_sensitivity/gap,-0.041666666666666664,-0.09375,0.0,143,,,,
N3-policy/secondary/all_scenes/C_TF_RF_all_geometry_sensitivity/both_correct,0.7395833333333333,0.6488095238095237,0.8125,143,,,,
N3-policy/secondary/all_scenes/C_TF_RF_all_geometry_sensitivity/disagreement,0.020833333333333332,0.0,0.0625,143,,,,
N3-policy/secondary/all_scenes/A_pairs_all_geometry_sensitivity/accuracy_target_subject,0.5844494047619048,0.5089239211309523,0.652534412202381,186,,,,
N3-policy/secondary/all_scenes/A_pairs_all_geometry_sensitivity/accuracy_reference_subject,0.654203869047619,0.5911458333333334,0.7156287202380951,186,,,,
N3-policy/secondary/all_scenes/A_pairs_all_geometry_sensitivity/gap,-0.06975446428571429,-0.140625,0.0003813244047617684,186,,,,
N3-policy/secondary/all_scenes/A_pairs_all_geometry_sensitivity/both_correct,0.492001488095238,0.40885416666666663,0.5716145833333333,186,,,,
N3-policy/secondary/all_scenes/A_pairs_all_geometry_sensitivity/disagreement,0.25465029761904756,0.17206101190476192,0.34375,186,,,,
N3-policy/secondary/all_scenes_intended_goal_sensitivity/C_TF_RF/accuracy_TF,0.7451388888888888,0.6527777777777778,0.8208333333333334,138,,,,
N3-policy/secondary/all_scenes_intended_goal_sensitivity/C_TF_RF/accuracy_RF,0.7659722222222222,0.6718179563492064,0.8338343253968253,138,,,,
N3-policy/secondary/all_scenes_intended_goal_sensitivity/C_TF_RF/gap,-0.020833333333333332,-0.0625,0.0,138,,,,
N3-policy/secondary/all_scenes_intended_goal_sensitivity/C_TF_RF/both_correct,0.7451388888888888,0.6527777777777778,0.8208333333333334,138,,,,
N3-policy/secondary/all_scenes_intended_goal_sensitivity/C_TF_RF/disagreement,0.020833333333333332,0.0,0.0625,138,,,,
N3-upstream-qwen3vl8b/initial/main_S1_S3_S4/A_accuracy,0.5114087301587301,0.48784722222222215,0.5364583333333334,156,76.0,156,,
N3-upstream-qwen3vl8b/initial/main_S1_S3_S4/A_pairs/accuracy_target_subject,0.4533730158730158,0.4166666666666667,0.49553571428571425,78,,,,
N3-upstream-qwen3vl8b/initial/main_S1_S3_S4/A_pairs/accuracy_reference_subject,0.5694444444444443,0.5381944444444444,0.6006944444444443,78,,,,
N3-upstream-qwen3vl8b/initial/main_S1_S3_S4/A_pairs/gap,-0.11607142857142856,-0.16319444444444445,-0.06597222222222222,78,,,,
N3-upstream-qwen3vl8b/initial/main_S1_S3_S4/A_pairs/both_correct,0.4325396825396825,0.4166666666666667,0.46428571428571425,78,,,,
N3-upstream-qwen3vl8b/initial/main_S1_S3_S4/A_pairs/disagreement,0.15773809523809523,0.10763888888888888,0.20486111111111108,78,,,,
N3-upstream-qwen3vl8b/initial/main_S1_S3_S4/A_balanced/recall_yes,0.8571428571428571,,,,38.0,,44,
N3-upstream-qwen3vl8b/initial/main_S1_S3_S4/A_balanced/recall_no,0.375,,,,38.0,,112,
N3-upstream-qwen3vl8b/initial/main_S1_S3_S4/A_balanced/balanced_accuracy,0.6160714285714286,0.59375,0.6448412698412698,,,,,
N3-upstream-qwen3vl8b/initial/main_S1_S3_S4/C_accuracy_all_forms,0.6944444444444443,0.6944444444444443,0.6944444444444443,234,168.0,234,,
N3-upstream-qwen3vl8b/initial/main_S1_S3_S4/C_accuracy_DIR,0.6944444444444443,0.6944444444444443,0.6944444444444443,78,56.0,78,,
N3-upstream-qwen3vl8b/initial/main_S1_S3_S4/C_balanced_DIR/recall_yes,0.0,,,,0.0,,22,
N3-upstream-qwen3vl8b/initial/main_S1_S3_S4/C_balanced_DIR/recall_no,1.0,,,,56.0,,56,
N3-upstream-qwen3vl8b/initial/main_S1_S3_S4/C_balanced_DIR/balanced_accuracy,0.5,0.5,0.5,,,,,
N3-upstream-qwen3vl8b/initial/main_S1_S3_S4/C_accuracy_TF,0.6944444444444443,0.6944444444444443,0.6944444444444443,78,56.0,78,,
N3-upstream-qwen3vl8b/initial/main_S1_S3_S4/C_balanced_TF/recall_yes,0.0,,,,0.0,,22,
N3-upstream-qwen3vl8b/initial/main_S1_S3_S4/C_balanced_TF/recall_no,1.0,,,,56.0,,56,
N3-upstream-qwen3vl8b/initial/main_S1_S3_S4/C_balanced_TF/balanced_accuracy,0.5,0.5,0.5,,,,,
N3-upstream-qwen3vl8b/initial/main_S1_S3_S4/C_accuracy_RF,0.6944444444444443,0.6944444444444443,0.6944444444444443,78,56.0,78,,
N3-upstream-qwen3vl8b/initial/main_S1_S3_S4/C_balanced_RF/recall_yes,0.0,,,,0.0,,22,
N3-upstream-qwen3vl8b/initial/main_S1_S3_S4/C_balanced_RF/recall_no,1.0,,,,56.0,,56,
N3-upstream-qwen3vl8b/initial/main_S1_S3_S4/C_balanced_RF/balanced_accuracy,0.5,0.5,0.5,,,,,
N3-upstream-qwen3vl8b/initial/main_S1_S3_S4/C_balanced_all_forms/recall_yes,0.0,,,,0.0,,66,
N3-upstream-qwen3vl8b/initial/main_S1_S3_S4/C_balanced_all_forms/recall_no,1.0,,,,168.0,,168,
N3-upstream-qwen3vl8b/initial/main_S1_S3_S4/C_balanced_all_forms/balanced_accuracy,0.5,0.5,0.5,,,,,
N3-upstream-qwen3vl8b/initial/main_S1_S3_S4/C_TF_RF/accuracy_TF,0.6944444444444443,0.6944444444444443,0.6944444444444443,78,,,,
N3-upstream-qwen3vl8b/initial/main_S1_S3_S4/C_TF_RF/accuracy_RF,0.6944444444444443,0.6944444444444443,0.6944444444444443,78,,,,
N3-upstream-qwen3vl8b/initial/main_S1_S3_S4/C_TF_RF/gap,0.0,0.0,0.0,78,,,,
N3-upstream-qwen3vl8b/initial/main_S1_S3_S4/C_TF_RF/both_correct,0.6944444444444443,0.6944444444444443,0.6944444444444443,78,,,,
N3-upstream-qwen3vl8b/initial/main_S1_S3_S4/C_TF_RF/disagreement,0.0,0.0,0.0,78,,,,
N3-upstream-qwen3vl8b/initial/main_S1_S3_S4/C_DIR_TF/accuracy_DIR,0.6944444444444443,0.6944444444444443,0.6944444444444443,78,,,,
N3-upstream-qwen3vl8b/initial/main_S1_S3_S4/C_DIR_TF/accuracy_TF,0.6944444444444443,0.6944444444444443,0.6944444444444443,78,,,,
N3-upstream-qwen3vl8b/initial/main_S1_S3_S4/C_DIR_TF/gap,0.0,0.0,0.0,78,,,,
N3-upstream-qwen3vl8b/initial/main_S1_S3_S4/C_DIR_TF/both_correct,0.6944444444444443,0.6944444444444443,0.6944444444444443,78,,,,
N3-upstream-qwen3vl8b/initial/main_S1_S3_S4/C_DIR_TF/disagreement,0.0,0.0,0.0,78,,,,
N3-upstream-qwen3vl8b/initial/main_S1_S3_S4/C_DIR_RF/accuracy_DIR,0.6944444444444443,0.6944444444444443,0.6944444444444443,78,,,,
N3-upstream-qwen3vl8b/initial/main_S1_S3_S4/C_DIR_RF/accuracy_RF,0.6944444444444443,0.6944444444444443,0.6944444444444443,78,,,,
N3-upstream-qwen3vl8b/initial/main_S1_S3_S4/C_DIR_RF/gap,0.0,0.0,0.0,78,,,,
N3-upstream-qwen3vl8b/initial/main_S1_S3_S4/C_DIR_RF/both_correct,0.6944444444444443,0.6944444444444443,0.6944444444444443,78,,,,
N3-upstream-qwen3vl8b/initial/main_S1_S3_S4/C_DIR_RF/disagreement,0.0,0.0,0.0,78,,,,
N3-upstream-qwen3vl8b/initial/main_S1_S3_S4/C_TF_RF_all_geometry_sensitivity/accuracy_TF,0.6944444444444443,0.6944444444444443,0.6944444444444443,80,,,,
N3-upstream-qwen3vl8b/initial/main_S1_S3_S4/C_TF_RF_all_geometry_sensitivity/accuracy_RF,0.6944444444444443,0.6944444444444443,0.6944444444444443,80,,,,
N3-upstream-qwen3vl8b/initial/main_S1_S3_S4/C_TF_RF_all_geometry_sensitivity/gap,0.0,0.0,0.0,80,,,,
N3-upstream-qwen3vl8b/initial/main_S1_S3_S4/C_TF_RF_all_geometry_sensitivity/both_correct,0.6944444444444443,0.6944444444444443,0.6944444444444443,80,,,,
N3-upstream-qwen3vl8b/initial/main_S1_S3_S4/C_TF_RF_all_geometry_sensitivity/disagreement,0.0,0.0,0.0,80,,,,
N3-upstream-qwen3vl8b/initial/main_S1_S3_S4/A_pairs_all_geometry_sensitivity/accuracy_target_subject,0.46527777777777785,0.4270833333333333,0.5104166666666666,80,,,,
N3-upstream-qwen3vl8b/initial/main_S1_S3_S4/A_pairs_all_geometry_sensitivity/accuracy_reference_subject,0.5694444444444443,0.5381944444444444,0.6006944444444443,80,,,,
N3-upstream-qwen3vl8b/initial/main_S1_S3_S4/A_pairs_all_geometry_sensitivity/gap,-0.10416666666666667,-0.15277777777777776,-0.052083333333333336,80,,,,
N3-upstream-qwen3vl8b/initial/main_S1_S3_S4/A_pairs_all_geometry_sensitivity/both_correct,0.4444444444444445,0.4166666666666667,0.4861111111111111,80,,,,
N3-upstream-qwen3vl8b/initial/main_S1_S3_S4/A_pairs_all_geometry_sensitivity/disagreement,0.14583333333333334,0.09375,0.19444444444444442,80,,,,
N3-upstream-qwen3vl8b/initial/main_S1_S3_S4/B_image_tuple_accuracy,0.8703703703703702,0.8703703703703702,0.8703703703703702,240,208.0,240,,
N3-upstream-qwen3vl8b/initial/main_S1_S3_S4/B_image_target_accuracy,1.0,1.0,1.0,240,240.0,240,,
N3-upstream-qwen3vl8b/initial/main_S1_S3_S4/B_image_reference_accuracy,1.0,1.0,1.0,240,240.0,240,,
N3-upstream-qwen3vl8b/initial/main_S1_S3_S4/B_image_relation_accuracy,0.8703703703703702,0.8703703703703702,0.8703703703703702,240,208.0,240,,
N3-upstream-qwen3vl8b/initial/main_S1_S3_S4/B_image_tuple_accuracy_DIR,1.0,1.0,1.0,80,80.0,80,,
N3-upstream-qwen3vl8b/initial/main_S1_S3_S4/B_image_tuple_accuracy_TF,1.0,1.0,1.0,80,80.0,80,,
N3-upstream-qwen3vl8b/initial/main_S1_S3_S4/B_image_tuple_accuracy_RF,0.611111111111111,0.611111111111111,0.611111111111111,80,48.0,80,,
N3-upstream-qwen3vl8b/initial/main_S1_S3_S4/B_image_TF_RF/accuracy_TF,1.0,1.0,1.0,80,,,,
N3-upstream-qwen3vl8b/initial/main_S1_S3_S4/B_image_TF_RF/accuracy_RF,0.611111111111111,0.611111111111111,0.611111111111111,80,,,,
N3-upstream-qwen3vl8b/initial/main_S1_S3_S4/B_image_TF_RF/gap,0.38888888888888884,0.38888888888888884,0.38888888888888884,80,,,,
N3-upstream-qwen3vl8b/initial/main_S1_S3_S4/B_image_TF_RF/both_correct,0.611111111111111,0.611111111111111,0.611111111111111,80,,,,
N3-upstream-qwen3vl8b/initial/main_S1_S3_S4/B_image_TF_RF/disagreement,0.38888888888888884,0.38888888888888884,0.38888888888888884,80,,,,
N3-upstream-qwen3vl8b/initial/main_S1_S3_S4/B_image_DIR_TF/accuracy_DIR,1.0,1.0,1.0,80,,,,
N3-upstream-qwen3vl8b/initial/main_S1_S3_S4/B_image_DIR_TF/accuracy_TF,1.0,1.0,1.0,80,,,,
N3-upstream-qwen3vl8b/initial/main_S1_S3_S4/B_image_DIR_TF/gap,0.0,0.0,0.0,80,,,,
N3-upstream-qwen3vl8b/initial/main_S1_S3_S4/B_image_DIR_TF/both_correct,1.0,1.0,1.0,80,,,,
N3-upstream-qwen3vl8b/initial/main_S1_S3_S4/B_image_DIR_TF/disagreement,0.0,0.0,0.0,80,,,,
N3-upstream-qwen3vl8b/initial/main_S1_S3_S4/placement_B_image/accuracy_reference_early,1.0,1.0,1.0,64,,,,
N3-upstream-qwen3vl8b/initial/main_S1_S3_S4/placement_B_image/accuracy_reference_late,1.0,1.0,1.0,64,,,,
N3-upstream-qwen3vl8b/initial/main_S1_S3_S4/placement_B_image/gap,0.0,0.0,0.0,64,,,,
N3-upstream-qwen3vl8b/initial/main_S1_S3_S4/placement_B_image/both_correct,1.0,1.0,1.0,64,,,,
N3-upstream-qwen3vl8b/initial/main_S1_S3_S4/placement_B_image/disagreement,0.0,0.0,0.0,64,,,,
N3-upstream-qwen3vl8b/initial/main_S1_S3_S4/placement_C_image/accuracy_reference_early,0.5833333333333334,0.5833333333333334,0.5833333333333334,62,,,,
N3-upstream-qwen3vl8b/initial/main_S1_S3_S4/placement_C_image/accuracy_reference_late,0.5833333333333334,0.5833333333333334,0.5833333333333334,62,,,,
N3-upstream-qwen3vl8b/initial/main_S1_S3_S4/placement_C_image/gap,0.0,0.0,0.0,62,,,,
N3-upstream-qwen3vl8b/initial/main_S1_S3_S4/placement_C_image/both_correct,0.5833333333333334,0.5833333333333334,0.5833333333333334,62,,,,
N3-upstream-qwen3vl8b/initial/main_S1_S3_S4/placement_C_image/disagreement,0.0,0.0,0.0,62,,,,
N3-upstream-qwen3vl8b/initial/main_S1_S3_S4/placement_C_image_accuracy,0.5833333333333334,0.5833333333333334,0.5833333333333334,124,80.0,124,,
N3-upstream-qwen3vl8b/initial/main_S1_S3_S4/C_no_image_reuse_accuracy,0.6944444444444443,0.6944444444444443,0.6944444444444443,234,168.0,234,,
N3-upstream-qwen3vl8b/initial/main_S1_S3_S4/C_no_image_reuse_TF_RF/accuracy_TF,0.6944444444444443,0.6944444444444443,0.6944444444444443,78,,,,
N3-upstream-qwen3vl8b/initial/main_S1_S3_S4/C_no_image_reuse_TF_RF/accuracy_RF,0.6944444444444443,0.6944444444444443,0.6944444444444443,78,,,,
N3-upstream-qwen3vl8b/initial/main_S1_S3_S4/C_no_image_reuse_TF_RF/gap,0.0,0.0,0.0,78,,,,
N3-upstream-qwen3vl8b/initial/main_S1_S3_S4/C_no_image_reuse_TF_RF/both_correct,0.6944444444444443,0.6944444444444443,0.6944444444444443,78,,,,
N3-upstream-qwen3vl8b/initial/main_S1_S3_S4/C_no_image_reuse_TF_RF/disagreement,0.0,0.0,0.0,78,,,,
N3-upstream-qwen3vl8b/initial/main_S1_S3_S4/C_no_image_reuse_balanced/recall_yes,0.0,,,,0.0,,66,
N3-upstream-qwen3vl8b/initial/main_S1_S3_S4/C_no_image_reuse_balanced/recall_no,1.0,,,,168.0,,168,
N3-upstream-qwen3vl8b/initial/main_S1_S3_S4/C_no_image_reuse_balanced/balanced_accuracy,0.5,0.5,0.5,,,,,
N3-upstream-qwen3vl8b/initial/S5/A_accuracy,1.0,1.0,1.0,32,32.0,32,,
N3-upstream-qwen3vl8b/initial/S5/A_pairs/accuracy_target_subject,1.0,1.0,1.0,16,,,,
N3-upstream-qwen3vl8b/initial/S5/A_pairs/accuracy_reference_subject,1.0,1.0,1.0,16,,,,
N3-upstream-qwen3vl8b/initial/S5/A_pairs/gap,0.0,0.0,0.0,16,,,,
N3-upstream-qwen3vl8b/initial/S5/A_pairs/both_correct,1.0,1.0,1.0,16,,,,
N3-upstream-qwen3vl8b/initial/S5/A_pairs/disagreement,0.0,0.0,0.0,16,,,,
N3-upstream-qwen3vl8b/initial/S5/A_balanced/recall_yes,,,,,0.0,,0,
N3-upstream-qwen3vl8b/initial/S5/A_balanced/recall_no,1.0,,,,32.0,,32,
N3-upstream-qwen3vl8b/initial/S5/A_balanced/balanced_accuracy,,,,,,,,undefined_one_class_absent
N3-upstream-qwen3vl8b/initial/S5/C_accuracy_all_forms,1.0,1.0,1.0,48,48.0,48,,
N3-upstream-qwen3vl8b/initial/S5/C_accuracy_DIR,1.0,1.0,1.0,16,16.0,16,,
N3-upstream-qwen3vl8b/initial/S5/C_balanced_DIR/recall_yes,,,,,0.0,,0,
N3-upstream-qwen3vl8b/initial/S5/C_balanced_DIR/recall_no,1.0,,,,16.0,,16,
N3-upstream-qwen3vl8b/initial/S5/C_balanced_DIR/balanced_accuracy,,,,,,,,undefined_one_class_absent
N3-upstream-qwen3vl8b/initial/S5/C_accuracy_TF,1.0,1.0,1.0,16,16.0,16,,
N3-upstream-qwen3vl8b/initial/S5/C_balanced_TF/recall_yes,,,,,0.0,,0,
N3-upstream-qwen3vl8b/initial/S5/C_balanced_TF/recall_no,1.0,,,,16.0,,16,
N3-upstream-qwen3vl8b/initial/S5/C_balanced_TF/balanced_accuracy,,,,,,,,undefined_one_class_absent
N3-upstream-qwen3vl8b/initial/S5/C_accuracy_RF,1.0,1.0,1.0,16,16.0,16,,
N3-upstream-qwen3vl8b/initial/S5/C_balanced_RF/recall_yes,,,,,0.0,,0,
N3-upstream-qwen3vl8b/initial/S5/C_balanced_RF/recall_no,1.0,,,,16.0,,16,
N3-upstream-qwen3vl8b/initial/S5/C_balanced_RF/balanced_accuracy,,,,,,,,undefined_one_class_absent
N3-upstream-qwen3vl8b/initial/S5/C_balanced_all_forms/recall_yes,,,,,0.0,,0,
N3-upstream-qwen3vl8b/initial/S5/C_balanced_all_forms/recall_no,1.0,,,,48.0,,48,
N3-upstream-qwen3vl8b/initial/S5/C_balanced_all_forms/balanced_accuracy,,,,,,,,undefined_one_class_absent
N3-upstream-qwen3vl8b/initial/S5/C_TF_RF/accuracy_TF,1.0,1.0,1.0,16,,,,
N3-upstream-qwen3vl8b/initial/S5/C_TF_RF/accuracy_RF,1.0,1.0,1.0,16,,,,
N3-upstream-qwen3vl8b/initial/S5/C_TF_RF/gap,0.0,0.0,0.0,16,,,,
N3-upstream-qwen3vl8b/initial/S5/C_TF_RF/both_correct,1.0,1.0,1.0,16,,,,
N3-upstream-qwen3vl8b/initial/S5/C_TF_RF/disagreement,0.0,0.0,0.0,16,,,,
N3-upstream-qwen3vl8b/initial/S5/C_DIR_TF/accuracy_DIR,1.0,1.0,1.0,16,,,,
N3-upstream-qwen3vl8b/initial/S5/C_DIR_TF/accuracy_TF,1.0,1.0,1.0,16,,,,
N3-upstream-qwen3vl8b/initial/S5/C_DIR_TF/gap,0.0,0.0,0.0,16,,,,
N3-upstream-qwen3vl8b/initial/S5/C_DIR_TF/both_correct,1.0,1.0,1.0,16,,,,
N3-upstream-qwen3vl8b/initial/S5/C_DIR_TF/disagreement,0.0,0.0,0.0,16,,,,
N3-upstream-qwen3vl8b/initial/S5/C_DIR_RF/accuracy_DIR,1.0,1.0,1.0,16,,,,
N3-upstream-qwen3vl8b/initial/S5/C_DIR_RF/accuracy_RF,1.0,1.0,1.0,16,,,,
N3-upstream-qwen3vl8b/initial/S5/C_DIR_RF/gap,0.0,0.0,0.0,16,,,,
N3-upstream-qwen3vl8b/initial/S5/C_DIR_RF/both_correct,1.0,1.0,1.0,16,,,,
N3-upstream-qwen3vl8b/initial/S5/C_DIR_RF/disagreement,0.0,0.0,0.0,16,,,,
N3-upstream-qwen3vl8b/initial/S5/C_TF_RF_all_geometry_sensitivity/accuracy_TF,1.0,1.0,1.0,16,,,,
N3-upstream-qwen3vl8b/initial/S5/C_TF_RF_all_geometry_sensitivity/accuracy_RF,1.0,1.0,1.0,16,,,,
N3-upstream-qwen3vl8b/initial/S5/C_TF_RF_all_geometry_sensitivity/gap,0.0,0.0,0.0,16,,,,
N3-upstream-qwen3vl8b/initial/S5/C_TF_RF_all_geometry_sensitivity/both_correct,1.0,1.0,1.0,16,,,,
N3-upstream-qwen3vl8b/initial/S5/C_TF_RF_all_geometry_sensitivity/disagreement,0.0,0.0,0.0,16,,,,
N3-upstream-qwen3vl8b/initial/S5/A_pairs_all_geometry_sensitivity/accuracy_target_subject,1.0,1.0,1.0,16,,,,
N3-upstream-qwen3vl8b/initial/S5/A_pairs_all_geometry_sensitivity/accuracy_reference_subject,1.0,1.0,1.0,16,,,,
N3-upstream-qwen3vl8b/initial/S5/A_pairs_all_geometry_sensitivity/gap,0.0,0.0,0.0,16,,,,
N3-upstream-qwen3vl8b/initial/S5/A_pairs_all_geometry_sensitivity/both_correct,1.0,1.0,1.0,16,,,,
N3-upstream-qwen3vl8b/initial/S5/A_pairs_all_geometry_sensitivity/disagreement,0.0,0.0,0.0,16,,,,
N3-upstream-qwen3vl8b/initial/S5/B_image_tuple_accuracy,0.6666666666666666,0.6666666666666666,0.6666666666666666,48,32.0,48,,
N3-upstream-qwen3vl8b/initial/S5/B_image_target_accuracy,1.0,1.0,1.0,48,48.0,48,,
N3-upstream-qwen3vl8b/initial/S5/B_image_reference_accuracy,1.0,1.0,1.0,48,48.0,48,,
N3-upstream-qwen3vl8b/initial/S5/B_image_relation_accuracy,0.6666666666666666,0.6666666666666666,0.6666666666666666,48,32.0,48,,
N3-upstream-qwen3vl8b/initial/S5/B_image_tuple_accuracy_DIR,0.0,0.0,0.0,16,0.0,16,,
N3-upstream-qwen3vl8b/initial/S5/B_image_tuple_accuracy_TF,1.0,1.0,1.0,16,16.0,16,,
N3-upstream-qwen3vl8b/initial/S5/B_image_tuple_accuracy_RF,1.0,1.0,1.0,16,16.0,16,,
N3-upstream-qwen3vl8b/initial/S5/B_image_TF_RF/accuracy_TF,1.0,1.0,1.0,16,,,,
N3-upstream-qwen3vl8b/initial/S5/B_image_TF_RF/accuracy_RF,1.0,1.0,1.0,16,,,,
N3-upstream-qwen3vl8b/initial/S5/B_image_TF_RF/gap,0.0,0.0,0.0,16,,,,
N3-upstream-qwen3vl8b/initial/S5/B_image_TF_RF/both_correct,1.0,1.0,1.0,16,,,,
N3-upstream-qwen3vl8b/initial/S5/B_image_TF_RF/disagreement,1.0,1.0,1.0,16,,,,
N3-upstream-qwen3vl8b/initial/S5/B_image_DIR_TF/accuracy_DIR,0.0,0.0,0.0,16,,,,
N3-upstream-qwen3vl8b/initial/S5/B_image_DIR_TF/accuracy_TF,1.0,1.0,1.0,16,,,,
N3-upstream-qwen3vl8b/initial/S5/B_image_DIR_TF/gap,-1.0,-1.0,-1.0,16,,,,
N3-upstream-qwen3vl8b/initial/S5/B_image_DIR_TF/both_correct,0.0,0.0,0.0,16,,,,
N3-upstream-qwen3vl8b/initial/S5/B_image_DIR_TF/disagreement,1.0,1.0,1.0,16,,,,
N3-upstream-qwen3vl8b/initial/S5/C_no_image_reuse_accuracy,1.0,1.0,1.0,48,48.0,48,,
N3-upstream-qwen3vl8b/initial/S5/C_no_image_reuse_TF_RF/accuracy_TF,1.0,1.0,1.0,16,,,,
N3-upstream-qwen3vl8b/initial/S5/C_no_image_reuse_TF_RF/accuracy_RF,1.0,1.0,1.0,16,,,,
N3-upstream-qwen3vl8b/initial/S5/C_no_image_reuse_TF_RF/gap,0.0,0.0,0.0,16,,,,
N3-upstream-qwen3vl8b/initial/S5/C_no_image_reuse_TF_RF/both_correct,1.0,1.0,1.0,16,,,,
N3-upstream-qwen3vl8b/initial/S5/C_no_image_reuse_TF_RF/disagreement,0.0,0.0,0.0,16,,,,
N3-upstream-qwen3vl8b/initial/S5/C_no_image_reuse_balanced/recall_yes,,,,,0.0,,0,
N3-upstream-qwen3vl8b/initial/S5/C_no_image_reuse_balanced/recall_no,1.0,,,,48.0,,48,
N3-upstream-qwen3vl8b/initial/S5/C_no_image_reuse_balanced/balanced_accuracy,,,,,,,,undefined_one_class_absent
N3-upstream-qwen3vl8b/initial/all_scenes/A_accuracy,0.6335565476190477,0.6158854166666666,0.65234375,188,108.0,188,,
N3-upstream-qwen3vl8b/initial/all_scenes/A_pairs/accuracy_target_subject,0.5900297619047619,0.5625,0.6216517857142857,94,,,,
N3-upstream-qwen3vl8b/initial/all_scenes/A_pairs/accuracy_reference_subject,0.6770833333333333,0.6536458333333333,0.7005208333333333,94,,,,
N3-upstream-qwen3vl8b/initial/all_scenes/A_pairs/gap,-0.08705357142857142,-0.12239583333333333,-0.049479166666666664,94,,,,
N3-upstream-qwen3vl8b/initial/all_scenes/A_pairs/both_correct,0.5744047619047619,0.5625,0.5982142857142857,94,,,,
N3-upstream-qwen3vl8b/initial/all_scenes/A_pairs/disagreement,0.11830357142857142,0.08072916666666666,0.15364583333333331,94,,,,
N3-upstream-qwen3vl8b/initial/all_scenes/A_balanced/recall_yes,0.8571428571428571,,,,38.0,,44,
N3-upstream-qwen3vl8b/initial/all_scenes/A_balanced/recall_no,0.53125,,,,70.0,,144,
N3-upstream-qwen3vl8b/initial/all_scenes/A_balanced/balanced_accuracy,0.6941964285714286,0.6744791666666667,0.7213541666666666,,,,,
N3-upstream-qwen3vl8b/initial/all_scenes/C_accuracy_all_forms,0.7708333333333333,0.7708333333333333,0.7708333333333333,282,216.0,282,,
N3-upstream-qwen3vl8b/initial/all_scenes/C_accuracy_DIR,0.7708333333333333,0.7708333333333333,0.7708333333333333,94,72.0,94,,
N3-upstream-qwen3vl8b/initial/all_scenes/C_balanced_DIR/recall_yes,0.0,,,,0.0,,22,
N3-upstream-qwen3vl8b/initial/all_scenes/C_balanced_DIR/recall_no,1.0,,,,72.0,,72,
N3-upstream-qwen3vl8b/initial/all_scenes/C_balanced_DIR/balanced_accuracy,0.5,0.5,0.5,,,,,
N3-upstream-qwen3vl8b/initial/all_scenes/C_accuracy_TF,0.7708333333333333,0.7708333333333333,0.7708333333333333,94,72.0,94,,
N3-upstream-qwen3vl8b/initial/all_scenes/C_balanced_TF/recall_yes,0.0,,,,0.0,,22,
N3-upstream-qwen3vl8b/initial/all_scenes/C_balanced_TF/recall_no,1.0,,,,72.0,,72,
N3-upstream-qwen3vl8b/initial/all_scenes/C_balanced_TF/balanced_accuracy,0.5,0.5,0.5,,,,,
N3-upstream-qwen3vl8b/initial/all_scenes/C_accuracy_RF,0.7708333333333333,0.7708333333333333,0.7708333333333333,94,72.0,94,,
N3-upstream-qwen3vl8b/initial/all_scenes/C_balanced_RF/recall_yes,0.0,,,,0.0,,22,
N3-upstream-qwen3vl8b/initial/all_scenes/C_balanced_RF/recall_no,1.0,,,,72.0,,72,
N3-upstream-qwen3vl8b/initial/all_scenes/C_balanced_RF/balanced_accuracy,0.5,0.5,0.5,,,,,
N3-upstream-qwen3vl8b/initial/all_scenes/C_balanced_all_forms/recall_yes,0.0,,,,0.0,,66,
N3-upstream-qwen3vl8b/initial/all_scenes/C_balanced_all_forms/recall_no,1.0,,,,216.0,,216,
N3-upstream-qwen3vl8b/initial/all_scenes/C_balanced_all_forms/balanced_accuracy,0.5,0.5,0.5,,,,,
N3-upstream-qwen3vl8b/initial/all_scenes/C_TF_RF/accuracy_TF,0.7708333333333333,0.7708333333333333,0.7708333333333333,94,,,,
N3-upstream-qwen3vl8b/initial/all_scenes/C_TF_RF/accuracy_RF,0.7708333333333333,0.7708333333333333,0.7708333333333333,94,,,,
N3-upstream-qwen3vl8b/initial/all_scenes/C_TF_RF/gap,0.0,0.0,0.0,94,,,,
N3-upstream-qwen3vl8b/initial/all_scenes/C_TF_RF/both_correct,0.7708333333333333,0.7708333333333333,0.7708333333333333,94,,,,
N3-upstream-qwen3vl8b/initial/all_scenes/C_TF_RF/disagreement,0.0,0.0,0.0,94,,,,
N3-upstream-qwen3vl8b/initial/all_scenes/C_DIR_TF/accuracy_DIR,0.7708333333333333,0.7708333333333333,0.7708333333333333,94,,,,
N3-upstream-qwen3vl8b/initial/all_scenes/C_DIR_TF/accuracy_TF,0.7708333333333333,0.7708333333333333,0.7708333333333333,94,,,,
N3-upstream-qwen3vl8b/initial/all_scenes/C_DIR_TF/gap,0.0,0.0,0.0,94,,,,
N3-upstream-qwen3vl8b/initial/all_scenes/C_DIR_TF/both_correct,0.7708333333333333,0.7708333333333333,0.7708333333333333,94,,,,
N3-upstream-qwen3vl8b/initial/all_scenes/C_DIR_TF/disagreement,0.0,0.0,0.0,94,,,,
N3-upstream-qwen3vl8b/initial/all_scenes/C_DIR_RF/accuracy_DIR,0.7708333333333333,0.7708333333333333,0.7708333333333333,94,,,,
N3-upstream-qwen3vl8b/initial/all_scenes/C_DIR_RF/accuracy_RF,0.7708333333333333,0.7708333333333333,0.7708333333333333,94,,,,
N3-upstream-qwen3vl8b/initial/all_scenes/C_DIR_RF/gap,0.0,0.0,0.0,94,,,,
N3-upstream-qwen3vl8b/initial/all_scenes/C_DIR_RF/both_correct,0.7708333333333333,0.7708333333333333,0.7708333333333333,94,,,,
N3-upstream-qwen3vl8b/initial/all_scenes/C_DIR_RF/disagreement,0.0,0.0,0.0,94,,,,
N3-upstream-qwen3vl8b/initial/all_scenes/C_TF_RF_all_geometry_sensitivity/accuracy_TF,0.7708333333333333,0.7708333333333333,0.7708333333333333,96,,,,
N3-upstream-qwen3vl8b/initial/all_scenes/C_TF_RF_all_geometry_sensitivity/accuracy_RF,0.7708333333333333,0.7708333333333333,0.7708333333333333,96,,,,
N3-upstream-qwen3vl8b/initial/all_scenes/C_TF_RF_all_geometry_sensitivity/gap,0.0,0.0,0.0,96,,,,
N3-upstream-qwen3vl8b/initial/all_scenes/C_TF_RF_all_geometry_sensitivity/both_correct,0.7708333333333333,0.7708333333333333,0.7708333333333333,96,,,,
N3-upstream-qwen3vl8b/initial/all_scenes/C_TF_RF_all_geometry_sensitivity/disagreement,0.0,0.0,0.0,96,,,,
N3-upstream-qwen3vl8b/initial/all_scenes/A_pairs_all_geometry_sensitivity/accuracy_target_subject,0.5989583333333334,0.5703125,0.6328125,96,,,,
N3-upstream-qwen3vl8b/initial/all_scenes/A_pairs_all_geometry_sensitivity/accuracy_reference_subject,0.6770833333333333,0.6536458333333333,0.7005208333333333,96,,,,
N3-upstream-qwen3vl8b/initial/all_scenes/A_pairs_all_geometry_sensitivity/gap,-0.078125,-0.11458333333333333,-0.0390625,96,,,,
N3-upstream-qwen3vl8b/initial/all_scenes/A_pairs_all_geometry_sensitivity/both_correct,0.5833333333333334,0.5625,0.6145833333333333,96,,,,
N3-upstream-qwen3vl8b/initial/all_scenes/A_pairs_all_geometry_sensitivity/disagreement,0.109375,0.0703125,0.14583333333333331,96,,,,
N3-upstream-qwen3vl8b/initial/all_scenes/B_image_tuple_accuracy,0.8194444444444443,0.8194444444444443,0.8194444444444443,288,240.0,288,,
N3-upstream-qwen3vl8b/initial/all_scenes/B_image_target_accuracy,1.0,1.0,1.0,288,288.0,288,,
N3-upstream-qwen3vl8b/initial/all_scenes/B_image_reference_accuracy,1.0,1.0,1.0,288,288.0,288,,
N3-upstream-qwen3vl8b/initial/all_scenes/B_image_relation_accuracy,0.8194444444444443,0.8194444444444443,0.8194444444444443,288,240.0,288,,
N3-upstream-qwen3vl8b/initial/all_scenes/B_image_tuple_accuracy_DIR,0.75,0.75,0.75,96,80.0,96,,
N3-upstream-qwen3vl8b/initial/all_scenes/B_image_tuple_accuracy_TF,1.0,1.0,1.0,96,96.0,96,,
N3-upstream-qwen3vl8b/initial/all_scenes/B_image_tuple_accuracy_RF,0.7083333333333333,0.7083333333333333,0.7083333333333333,96,64.0,96,,
N3-upstream-qwen3vl8b/initial/all_scenes/B_image_TF_RF/accuracy_TF,1.0,1.0,1.0,96,,,,
N3-upstream-qwen3vl8b/initial/all_scenes/B_image_TF_RF/accuracy_RF,0.7083333333333333,0.7083333333333333,0.7083333333333333,96,,,,
N3-upstream-qwen3vl8b/initial/all_scenes/B_image_TF_RF/gap,0.29166666666666663,0.29166666666666663,0.29166666666666663,96,,,,
N3-upstream-qwen3vl8b/initial/all_scenes/B_image_TF_RF/both_correct,0.7083333333333333,0.7083333333333333,0.7083333333333333,96,,,,
N3-upstream-qwen3vl8b/initial/all_scenes/B_image_TF_RF/disagreement,0.5416666666666666,0.5416666666666666,0.5416666666666666,96,,,,
N3-upstream-qwen3vl8b/initial/all_scenes/B_image_DIR_TF/accuracy_DIR,0.75,0.75,0.75,96,,,,
N3-upstream-qwen3vl8b/initial/all_scenes/B_image_DIR_TF/accuracy_TF,1.0,1.0,1.0,96,,,,
N3-upstream-qwen3vl8b/initial/all_scenes/B_image_DIR_TF/gap,-0.25,-0.25,-0.25,96,,,,
N3-upstream-qwen3vl8b/initial/all_scenes/B_image_DIR_TF/both_correct,0.75,0.75,0.75,96,,,,
N3-upstream-qwen3vl8b/initial/all_scenes/B_image_DIR_TF/disagreement,0.25,0.25,0.25,96,,,,
N3-upstream-qwen3vl8b/initial/all_scenes/placement_B_image/accuracy_reference_early,1.0,1.0,1.0,64,,,,
N3-upstream-qwen3vl8b/initial/all_scenes/placement_B_image/accuracy_reference_late,1.0,1.0,1.0,64,,,,
N3-upstream-qwen3vl8b/initial/all_scenes/placement_B_image/gap,0.0,0.0,0.0,64,,,,
N3-upstream-qwen3vl8b/initial/all_scenes/placement_B_image/both_correct,1.0,1.0,1.0,64,,,,
N3-upstream-qwen3vl8b/initial/all_scenes/placement_B_image/disagreement,0.0,0.0,0.0,64,,,,
N3-upstream-qwen3vl8b/initial/all_scenes/placement_C_image/accuracy_reference_early,0.5833333333333334,0.5833333333333334,0.5833333333333334,62,,,,
N3-upstream-qwen3vl8b/initial/all_scenes/placement_C_image/accuracy_reference_late,0.5833333333333334,0.5833333333333334,0.5833333333333334,62,,,,
N3-upstream-qwen3vl8b/initial/all_scenes/placement_C_image/gap,0.0,0.0,0.0,62,,,,
N3-upstream-qwen3vl8b/initial/all_scenes/placement_C_image/both_correct,0.5833333333333334,0.5833333333333334,0.5833333333333334,62,,,,
N3-upstream-qwen3vl8b/initial/all_scenes/placement_C_image/disagreement,0.0,0.0,0.0,62,,,,
N3-upstream-qwen3vl8b/initial/all_scenes/placement_C_image_accuracy,0.5833333333333334,0.5833333333333334,0.5833333333333334,124,80.0,124,,
N3-upstream-qwen3vl8b/initial/all_scenes/C_no_image_reuse_accuracy,0.7708333333333333,0.7708333333333333,0.7708333333333333,282,216.0,282,,
N3-upstream-qwen3vl8b/initial/all_scenes/C_no_image_reuse_TF_RF/accuracy_TF,0.7708333333333333,0.7708333333333333,0.7708333333333333,94,,,,
N3-upstream-qwen3vl8b/initial/all_scenes/C_no_image_reuse_TF_RF/accuracy_RF,0.7708333333333333,0.7708333333333333,0.7708333333333333,94,,,,
N3-upstream-qwen3vl8b/initial/all_scenes/C_no_image_reuse_TF_RF/gap,0.0,0.0,0.0,94,,,,
N3-upstream-qwen3vl8b/initial/all_scenes/C_no_image_reuse_TF_RF/both_correct,0.7708333333333333,0.7708333333333333,0.7708333333333333,94,,,,
N3-upstream-qwen3vl8b/initial/all_scenes/C_no_image_reuse_TF_RF/disagreement,0.0,0.0,0.0,94,,,,
N3-upstream-qwen3vl8b/initial/all_scenes/C_no_image_reuse_balanced/recall_yes,0.0,,,,0.0,,66,
N3-upstream-qwen3vl8b/initial/all_scenes/C_no_image_reuse_balanced/recall_no,1.0,,,,216.0,,216,
N3-upstream-qwen3vl8b/initial/all_scenes/C_no_image_reuse_balanced/balanced_accuracy,0.5,0.5,0.5,,,,,
N3-upstream-qwen3vl8b/initial/all_scenes_intended_goal_sensitivity/C_TF_RF/accuracy_TF,0.7708333333333333,0.7708333333333333,0.7708333333333333,94,,,,
N3-upstream-qwen3vl8b/initial/all_scenes_intended_goal_sensitivity/C_TF_RF/accuracy_RF,0.7708333333333333,0.7708333333333333,0.7708333333333333,94,,,,
N3-upstream-qwen3vl8b/initial/all_scenes_intended_goal_sensitivity/C_TF_RF/gap,0.0,0.0,0.0,94,,,,
N3-upstream-qwen3vl8b/initial/all_scenes_intended_goal_sensitivity/C_TF_RF/both_correct,0.7708333333333333,0.7708333333333333,0.7708333333333333,94,,,,
N3-upstream-qwen3vl8b/initial/all_scenes_intended_goal_sensitivity/C_TF_RF/disagreement,0.0,0.0,0.0,94,,,,
N3-upstream-qwen3vl8b/secondary/main_S1_S3_S4/A_accuracy,0.5830439814814815,0.5220734126984127,0.6422805059523808,306,183.0,306,,
N3-upstream-qwen3vl8b/secondary/main_S1_S3_S4/A_pairs/accuracy_target_subject,0.5150462962962963,0.44237475198412707,0.5885416666666666,153,,,,
N3-upstream-qwen3vl8b/secondary/main_S1_S3_S4/A_pairs/accuracy_reference_subject,0.6510416666666666,0.5810185185185185,0.7159734623015873,153,,,,
N3-upstream-qwen3vl8b/secondary/main_S1_S3_S4/A_pairs/gap,-0.13599537037037038,-0.21180555555555555,-0.06076388888888889,153,,,,
N3-upstream-qwen3vl8b/secondary/main_S1_S3_S4/A_pairs/both_correct,0.4787533068783069,0.40128720238095233,0.5545655588624337,153,,,,
N3-upstream-qwen3vl8b/secondary/main_S1_S3_S4/A_pairs/disagreement,0.20858134920634921,0.12449776785714287,0.29712425595238096,153,,,,
N3-upstream-qwen3vl8b/secondary/main_S1_S3_S4/A_balanced/recall_yes,0.6574074074074074,,,,60.0,,76,
N3-upstream-qwen3vl8b/secondary/main_S1_S3_S4/A_balanced/recall_no,0.4446924603174603,,,,123.0,,230,
N3-upstream-qwen3vl8b/secondary/main_S1_S3_S4/A_balanced/balanced_accuracy,0.5510499338624338,0.5126736111111112,0.657874503968254,,,,,
N3-upstream-qwen3vl8b/secondary/main_S1_S3_S4/C_accuracy_all_forms,0.7435185185185184,0.6997354497354497,0.7923280423280423,360,270.0,360,,
N3-upstream-qwen3vl8b/secondary/main_S1_S3_S4/C_accuracy_DIR,0.7435185185185184,0.6997354497354497,0.7923280423280423,120,90.0,120,,
N3-upstream-qwen3vl8b/secondary/main_S1_S3_S4/C_balanced_DIR/recall_yes,0.0,,,,0.0,,30,
N3-upstream-qwen3vl8b/secondary/main_S1_S3_S4/C_balanced_DIR/recall_no,1.0,,,,90.0,,90,
N3-upstream-qwen3vl8b/secondary/main_S1_S3_S4/C_balanced_DIR/balanced_accuracy,0.5,0.5,0.5,,,,,
N3-upstream-qwen3vl8b/secondary/main_S1_S3_S4/C_accuracy_TF,0.7435185185185184,0.6997354497354497,0.7923280423280423,120,90.0,120,,
N3-upstream-qwen3vl8b/secondary/main_S1_S3_S4/C_balanced_TF/recall_yes,0.0,,,,0.0,,30,
N3-upstream-qwen3vl8b/secondary/main_S1_S3_S4/C_balanced_TF/recall_no,1.0,,,,90.0,,90,
N3-upstream-qwen3vl8b/secondary/main_S1_S3_S4/C_balanced_TF/balanced_accuracy,0.5,0.5,0.5,,,,,
N3-upstream-qwen3vl8b/secondary/main_S1_S3_S4/C_accuracy_RF,0.7435185185185184,0.6997354497354497,0.7923280423280423,120,90.0,120,,
N3-upstream-qwen3vl8b/secondary/main_S1_S3_S4/C_balanced_RF/recall_yes,0.0,,,,0.0,,30,
N3-upstream-qwen3vl8b/secondary/main_S1_S3_S4/C_balanced_RF/recall_no,1.0,,,,90.0,,90,
N3-upstream-qwen3vl8b/secondary/main_S1_S3_S4/C_balanced_RF/balanced_accuracy,0.5,0.5,0.5,,,,,
N3-upstream-qwen3vl8b/secondary/main_S1_S3_S4/C_balanced_all_forms/recall_yes,0.0,,,,0.0,,90,
N3-upstream-qwen3vl8b/secondary/main_S1_S3_S4/C_balanced_all_forms/recall_no,1.0,,,,270.0,,270,
N3-upstream-qwen3vl8b/secondary/main_S1_S3_S4/C_balanced_all_forms/balanced_accuracy,0.5,0.5,0.5,,,,,
N3-upstream-qwen3vl8b/secondary/main_S1_S3_S4/C_TF_RF/accuracy_TF,0.7435185185185184,0.6997354497354497,0.7923280423280423,120,,,,
N3-upstream-qwen3vl8b/secondary/main_S1_S3_S4/C_TF_RF/accuracy_RF,0.7435185185185184,0.6997354497354497,0.7923280423280423,120,,,,
N3-upstream-qwen3vl8b/secondary/main_S1_S3_S4/C_TF_RF/gap,0.0,0.0,0.0,120,,,,
N3-upstream-qwen3vl8b/secondary/main_S1_S3_S4/C_TF_RF/both_correct,0.7435185185185184,0.6997354497354497,0.7923280423280423,120,,,,
N3-upstream-qwen3vl8b/secondary/main_S1_S3_S4/C_TF_RF/disagreement,0.0,0.0,0.0,120,,,,
N3-upstream-qwen3vl8b/secondary/main_S1_S3_S4/C_DIR_TF/accuracy_DIR,0.7435185185185184,0.6997354497354497,0.7923280423280423,120,,,,
N3-upstream-qwen3vl8b/secondary/main_S1_S3_S4/C_DIR_TF/accuracy_TF,0.7435185185185184,0.6997354497354497,0.7923280423280423,120,,,,
N3-upstream-qwen3vl8b/secondary/main_S1_S3_S4/C_DIR_TF/gap,0.0,0.0,0.0,120,,,,
N3-upstream-qwen3vl8b/secondary/main_S1_S3_S4/C_DIR_TF/both_correct,0.7435185185185184,0.6997354497354497,0.7923280423280423,120,,,,
N3-upstream-qwen3vl8b/secondary/main_S1_S3_S4/C_DIR_TF/disagreement,0.0,0.0,0.0,120,,,,
N3-upstream-qwen3vl8b/secondary/main_S1_S3_S4/C_DIR_RF/accuracy_DIR,0.7435185185185184,0.6997354497354497,0.7923280423280423,120,,,,
N3-upstream-qwen3vl8b/secondary/main_S1_S3_S4/C_DIR_RF/accuracy_RF,0.7435185185185184,0.6997354497354497,0.7923280423280423,120,,,,
N3-upstream-qwen3vl8b/secondary/main_S1_S3_S4/C_DIR_RF/gap,0.0,0.0,0.0,120,,,,
N3-upstream-qwen3vl8b/secondary/main_S1_S3_S4/C_DIR_RF/both_correct,0.7435185185185184,0.6997354497354497,0.7923280423280423,120,,,,
N3-upstream-qwen3vl8b/secondary/main_S1_S3_S4/C_DIR_RF/disagreement,0.0,0.0,0.0,120,,,,
N3-upstream-qwen3vl8b/secondary/main_S1_S3_S4/C_TF_RF_all_geometry_sensitivity/accuracy_TF,0.736111111111111,0.7083333333333334,0.7777777777777777,125,,,,
N3-upstream-qwen3vl8b/secondary/main_S1_S3_S4/C_TF_RF_all_geometry_sensitivity/accuracy_RF,0.736111111111111,0.7083333333333334,0.7777777777777777,125,,,,
N3-upstream-qwen3vl8b/secondary/main_S1_S3_S4/C_TF_RF_all_geometry_sensitivity/gap,0.0,0.0,0.0,125,,,,
N3-upstream-qwen3vl8b/secondary/main_S1_S3_S4/C_TF_RF_all_geometry_sensitivity/both_correct,0.736111111111111,0.7083333333333334,0.7777777777777777,125,,,,
N3-upstream-qwen3vl8b/secondary/main_S1_S3_S4/C_TF_RF_all_geometry_sensitivity/disagreement,0.0,0.0,0.0,125,,,,
N3-upstream-qwen3vl8b/secondary/main_S1_S3_S4/A_pairs_all_geometry_sensitivity/accuracy_target_subject,0.5173611111111112,0.45138888888888884,0.5798611111111112,160,,,,
N3-upstream-qwen3vl8b/secondary/main_S1_S3_S4/A_pairs_all_geometry_sensitivity/accuracy_reference_subject,0.657986111111111,0.5937500000000001,0.7152777777777778,160,,,,
N3-upstream-qwen3vl8b/secondary/main_S1_S3_S4/A_pairs_all_geometry_sensitivity/gap,-0.140625,-0.2152777777777778,-0.06597222222222222,160,,,,
N3-upstream-qwen3vl8b/secondary/main_S1_S3_S4/A_pairs_all_geometry_sensitivity/both_correct,0.4774305555555555,0.4079861111111111,0.546875,160,,,,
N3-upstream-qwen3vl8b/secondary/main_S1_S3_S4/A_pairs_all_geometry_sensitivity/disagreement,0.22048611111111108,0.13368055555555555,0.3055555555555556,160,,,,
N3-upstream-qwen3vl8b/secondary/S5/A_accuracy,0.7142857142857143,0.5416666666666666,0.8753906249999943,52,38.0,52,,
N3-upstream-qwen3vl8b/secondary/S5/A_pairs/accuracy_target_subject,0.7857142857142857,0.5625,1.0,26,,,,
N3-upstream-qwen3vl8b/secondary/S5/A_pairs/accuracy_reference_subject,0.6428571428571428,0.468638392857143,0.8125,26,,,,
N3-upstream-qwen3vl8b/secondary/S5/A_pairs/gap,0.14285714285714285,-0.0357142857142857,0.3125,26,,,,
N3-upstream-qwen3vl8b/secondary/S5/A_pairs/both_correct,0.5357142857142857,0.2857142857142857,0.7857142857142857,26,,,,
N3-upstream-qwen3vl8b/secondary/S5/A_pairs/disagreement,0.3571428571428571,0.16666666666666666,0.6071428571428572,26,,,,
N3-upstream-qwen3vl8b/secondary/S5/A_balanced/recall_yes,0.4375,,,,5.0,,12,
N3-upstream-qwen3vl8b/secondary/S5/A_balanced/recall_no,0.825,,,,33.0,,40,
N3-upstream-qwen3vl8b/secondary/S5/A_balanced/balanced_accuracy,0.63125,0.53125,0.7125,,,,,
N3-upstream-qwen3vl8b/secondary/S5/C_accuracy_all_forms,0.7916666666666665,0.5356026785714285,1.0,54,42.0,54,,
N3-upstream-qwen3vl8b/secondary/S5/C_accuracy_DIR,0.7083333333333333,0.35,1.0,18,13.0,18,,
N3-upstream-qwen3vl8b/secondary/S5/C_balanced_DIR/recall_yes,0.25,,,,1.0,,4,
N3-upstream-qwen3vl8b/secondary/S5/C_balanced_DIR/recall_no,0.8,,,,12.0,,14,
N3-upstream-qwen3vl8b/secondary/S5/C_balanced_DIR/balanced_accuracy,0.525,0.29166666666666663,0.625,,,,,
N3-upstream-qwen3vl8b/secondary/S5/C_accuracy_TF,0.75,0.4,1.0,18,13.0,18,,
N3-upstream-qwen3vl8b/secondary/S5/C_balanced_TF/recall_yes,0.0,,,,0.0,,4,
N3-upstream-qwen3vl8b/secondary/S5/C_balanced_TF/recall_no,0.9,,,,13.0,,14,
N3-upstream-qwen3vl8b/secondary/S5/C_balanced_TF/balanced_accuracy,0.45,0.3333333333333333,0.5,,,,,
N3-upstream-qwen3vl8b/secondary/S5/C_accuracy_RF,0.9166666666666667,0.75,1.0,18,16.0,18,,
N3-upstream-qwen3vl8b/secondary/S5/C_balanced_RF/recall_yes,0.0,,,,0.0,,2,
N3-upstream-qwen3vl8b/secondary/S5/C_balanced_RF/recall_no,1.0,,,,16.0,,16,
N3-upstream-qwen3vl8b/secondary/S5/C_balanced_RF/balanced_accuracy,0.5,0.5,0.5,,,,,
N3-upstream-qwen3vl8b/secondary/S5/C_balanced_all_forms/recall_yes,0.125,,,,1.0,,10,
N3-upstream-qwen3vl8b/secondary/S5/C_balanced_all_forms/recall_no,0.911111111111111,,,,41.0,,44,
N3-upstream-qwen3vl8b/secondary/S5/C_balanced_all_forms/balanced_accuracy,0.5180555555555555,0.42916666666666664,0.5625,,,,,
N3-upstream-qwen3vl8b/secondary/S5/C_TF_RF/accuracy_TF,0.75,0.4,1.0,18,,,,
N3-upstream-qwen3vl8b/secondary/S5/C_TF_RF/accuracy_RF,0.9166666666666667,0.75,1.0,18,,,,
N3-upstream-qwen3vl8b/secondary/S5/C_TF_RF/gap,-0.16666666666666666,-0.375,0.0,18,,,,
N3-upstream-qwen3vl8b/secondary/S5/C_TF_RF/both_correct,0.75,0.4,1.0,18,,,,
N3-upstream-qwen3vl8b/secondary/S5/C_TF_RF/disagreement,0.08333333333333333,0.0,0.25,18,,,,
N3-upstream-qwen3vl8b/secondary/S5/C_DIR_TF/accuracy_DIR,0.7083333333333333,0.35,1.0,18,,,,
N3-upstream-qwen3vl8b/secondary/S5/C_DIR_TF/accuracy_TF,0.75,0.4,1.0,18,,,,
N3-upstream-qwen3vl8b/secondary/S5/C_DIR_TF/gap,-0.041666666666666664,-0.25,0.125,18,,,,
N3-upstream-qwen3vl8b/secondary/S5/C_DIR_TF/both_correct,0.6666666666666666,0.25,1.0,18,,,,
N3-upstream-qwen3vl8b/secondary/S5/C_DIR_TF/disagreement,0.125,0.0,0.3,18,,,,
N3-upstream-qwen3vl8b/secondary/S5/C_DIR_RF/accuracy_DIR,0.7083333333333333,0.35,1.0,18,,,,
N3-upstream-qwen3vl8b/secondary/S5/C_DIR_RF/accuracy_RF,0.9166666666666667,0.75,1.0,18,,,,
N3-upstream-qwen3vl8b/secondary/S5/C_DIR_RF/gap,-0.20833333333333331,-0.5416666666666667,0.0,18,,,,
N3-upstream-qwen3vl8b/secondary/S5/C_DIR_RF/both_correct,0.7083333333333333,0.35,1.0,18,,,,
N3-upstream-qwen3vl8b/secondary/S5/C_DIR_RF/disagreement,0.20833333333333331,0.0,0.5416666666666667,18,,,,
N3-upstream-qwen3vl8b/secondary/S5/C_TF_RF_all_geometry_sensitivity/accuracy_TF,0.75,0.4,1.0,18,,,,
N3-upstream-qwen3vl8b/secondary/S5/C_TF_RF_all_geometry_sensitivity/accuracy_RF,0.9166666666666667,0.75,1.0,18,,,,
N3-upstream-qwen3vl8b/secondary/S5/C_TF_RF_all_geometry_sensitivity/gap,-0.16666666666666666,-0.375,0.0,18,,,,
N3-upstream-qwen3vl8b/secondary/S5/C_TF_RF_all_geometry_sensitivity/both_correct,0.75,0.4,1.0,18,,,,
N3-upstream-qwen3vl8b/secondary/S5/C_TF_RF_all_geometry_sensitivity/disagreement,0.08333333333333333,0.0,0.25,18,,,,
N3-upstream-qwen3vl8b/secondary/S5/A_pairs_all_geometry_sensitivity/accuracy_target_subject,0.7857142857142857,0.5625,1.0,26,,,,
N3-upstream-qwen3vl8b/secondary/S5/A_pairs_all_geometry_sensitivity/accuracy_reference_subject,0.6428571428571428,0.468638392857143,0.8125,26,,,,
N3-upstream-qwen3vl8b/secondary/S5/A_pairs_all_geometry_sensitivity/gap,0.14285714285714285,-0.0357142857142857,0.3125,26,,,,
N3-upstream-qwen3vl8b/secondary/S5/A_pairs_all_geometry_sensitivity/both_correct,0.5357142857142857,0.2857142857142857,0.7857142857142857,26,,,,
N3-upstream-qwen3vl8b/secondary/S5/A_pairs_all_geometry_sensitivity/disagreement,0.3571428571428571,0.16666666666666666,0.6071428571428572,26,,,,
N3-upstream-qwen3vl8b/secondary/all_scenes/A_accuracy,0.6158544146825398,0.5529354228670635,0.67578125,358,221.0,358,,
N3-upstream-qwen3vl8b/secondary/all_scenes/A_pairs/accuracy_target_subject,0.5827132936507936,0.5038411458333334,0.6564391121031745,179,,,,
N3-upstream-qwen3vl8b/secondary/all_scenes/A_pairs/accuracy_reference_subject,0.6489955357142857,0.5815972222222222,0.7135429067460318,179,,,,
N3-upstream-qwen3vl8b/secondary/all_scenes/A_pairs/gap,-0.06628224206349206,-0.13709852430555558,0.004589843749999975,179,,,,
N3-upstream-qwen3vl8b/secondary/all_scenes/A_pairs/both_correct,0.4929935515873016,0.40598679315476194,0.5760425967261906,179,,,,
N3-upstream-qwen3vl8b/secondary/all_scenes/A_pairs/disagreement,0.2457217261904762,0.16616908482142856,0.3359375,179,,,,
N3-upstream-qwen3vl8b/secondary/all_scenes/A_balanced/recall_yes,0.6024305555555556,,,,65.0,,88,
N3-upstream-qwen3vl8b/secondary/all_scenes/A_balanced/recall_no,0.5397693452380952,,,,156.0,,270,
N3-upstream-qwen3vl8b/secondary/all_scenes/A_balanced/balanced_accuracy,0.5710999503968254,0.5348101903521825,0.6576904296875,,,,,
N3-upstream-qwen3vl8b/secondary/all_scenes/C_accuracy_all_forms,0.7555555555555554,0.681547619047619,0.8215376984126983,414,312.0,414,,
N3-upstream-qwen3vl8b/secondary/all_scenes/C_accuracy_DIR,0.734722222222222,0.6375,0.81984375,138,103.0,138,,
N3-upstream-qwen3vl8b/secondary/all_scenes/C_balanced_DIR/recall_yes,0.0625,,,,1.0,,34,
N3-upstream-qwen3vl8b/secondary/all_scenes/C_balanced_DIR/recall_no,0.95,,,,102.0,,104,
N3-upstream-qwen3vl8b/secondary/all_scenes/C_balanced_DIR/balanced_accuracy,0.50625,0.4479166666666667,0.53125,,,,,
N3-upstream-qwen3vl8b/secondary/all_scenes/C_accuracy_TF,0.7451388888888888,0.6527777777777778,0.8208333333333334,138,103.0,138,,
N3-upstream-qwen3vl8b/secondary/all_scenes/C_balanced_TF/recall_yes,0.0,,,,0.0,,34,
N3-upstream-qwen3vl8b/secondary/all_scenes/C_balanced_TF/recall_no,0.975,,,,103.0,,104,
N3-upstream-qwen3vl8b/secondary/all_scenes/C_balanced_TF/balanced_accuracy,0.4875,0.4583333333333333,0.5,,,,,
N3-upstream-qwen3vl8b/secondary/all_scenes/C_accuracy_RF,0.7868055555555555,0.7336309523809523,0.8348263888888888,138,106.0,138,,
N3-upstream-qwen3vl8b/secondary/all_scenes/C_balanced_RF/recall_yes,0.0,,,,0.0,,32,
N3-upstream-qwen3vl8b/secondary/all_scenes/C_balanced_RF/recall_no,1.0,,,,106.0,,106,
N3-upstream-qwen3vl8b/secondary/all_scenes/C_balanced_RF/balanced_accuracy,0.5,0.5,0.5,,,,,
N3-upstream-qwen3vl8b/secondary/all_scenes/C_balanced_all_forms/recall_yes,0.03125,,,,1.0,,100,
N3-upstream-qwen3vl8b/secondary/all_scenes/C_balanced_all_forms/recall_no,0.9777777777777777,,,,311.0,,314,
N3-upstream-qwen3vl8b/secondary/all_scenes/C_balanced_all_forms/balanced_accuracy,0.5045138888888889,0.4822916666666667,0.515625,,,,,
N3-upstream-qwen3vl8b/secondary/all_scenes/C_TF_RF/accuracy_TF,0.7451388888888888,0.6527777777777778,0.8208333333333334,138,,,,
N3-upstream-qwen3vl8b/secondary/all_scenes/C_TF_RF/accuracy_RF,0.7868055555555555,0.7336309523809523,0.8348263888888888,138,,,,
N3-upstream-qwen3vl8b/secondary/all_scenes/C_TF_RF/gap,-0.041666666666666664,-0.09375,0.0,138,,,,
N3-upstream-qwen3vl8b/secondary/all_scenes/C_TF_RF/both_correct,0.7451388888888888,0.6527777777777778,0.8208333333333334,138,,,,
N3-upstream-qwen3vl8b/secondary/all_scenes/C_TF_RF/disagreement,0.020833333333333332,0.0,0.0625,138,,,,
N3-upstream-qwen3vl8b/secondary/all_scenes/C_DIR_TF/accuracy_DIR,0.734722222222222,0.6375,0.81984375,138,,,,
N3-upstream-qwen3vl8b/secondary/all_scenes/C_DIR_TF/accuracy_TF,0.7451388888888888,0.6527777777777778,0.8208333333333334,138,,,,
N3-upstream-qwen3vl8b/secondary/all_scenes/C_DIR_TF/gap,-0.010416666666666666,-0.0625,0.03125,138,,,,
N3-upstream-qwen3vl8b/secondary/all_scenes/C_DIR_TF/both_correct,0.7243055555555554,0.6184424603174603,0.8194444444444444,138,,,,
N3-upstream-qwen3vl8b/secondary/all_scenes/C_DIR_TF/disagreement,0.03125,0.0,0.075,138,,,,
N3-upstream-qwen3vl8b/secondary/all_scenes/C_DIR_RF/accuracy_DIR,0.734722222222222,0.6375,0.81984375,138,,,,
N3-upstream-qwen3vl8b/secondary/all_scenes/C_DIR_RF/accuracy_RF,0.7868055555555555,0.7336309523809523,0.8348263888888888,138,,,,
N3-upstream-qwen3vl8b/secondary/all_scenes/C_DIR_RF/gap,-0.05208333333333333,-0.13541666666666669,0.0,138,,,,
N3-upstream-qwen3vl8b/secondary/all_scenes/C_DIR_RF/both_correct,0.734722222222222,0.6375,0.81984375,138,,,,
N3-upstream-qwen3vl8b/secondary/all_scenes/C_DIR_RF/disagreement,0.05208333333333333,0.0,0.13541666666666669,138,,,,
N3-upstream-qwen3vl8b/secondary/all_scenes/C_TF_RF_all_geometry_sensitivity/accuracy_TF,0.7395833333333333,0.6488095238095237,0.8125,143,,,,
N3-upstream-qwen3vl8b/secondary/all_scenes/C_TF_RF_all_geometry_sensitivity/accuracy_RF,0.78125,0.7291666666666666,0.8229166666666666,143,,,,
N3-upstream-qwen3vl8b/secondary/all_scenes/C_TF_RF_all_geometry_sensitivity/gap,-0.041666666666666664,-0.09375,0.0,143,,,,
N3-upstream-qwen3vl8b/secondary/all_scenes/C_TF_RF_all_geometry_sensitivity/both_correct,0.7395833333333333,0.6488095238095237,0.8125,143,,,,
N3-upstream-qwen3vl8b/secondary/all_scenes/C_TF_RF_all_geometry_sensitivity/disagreement,0.020833333333333332,0.0,0.0625,143,,,,
N3-upstream-qwen3vl8b/secondary/all_scenes/A_pairs_all_geometry_sensitivity/accuracy_target_subject,0.5844494047619048,0.5089239211309523,0.652534412202381,186,,,,
N3-upstream-qwen3vl8b/secondary/all_scenes/A_pairs_all_geometry_sensitivity/accuracy_reference_subject,0.654203869047619,0.5911458333333334,0.7156287202380951,186,,,,
N3-upstream-qwen3vl8b/secondary/all_scenes/A_pairs_all_geometry_sensitivity/gap,-0.06975446428571429,-0.140625,0.0003813244047617684,186,,,,
N3-upstream-qwen3vl8b/secondary/all_scenes/A_pairs_all_geometry_sensitivity/both_correct,0.492001488095238,0.40885416666666663,0.5716145833333333,186,,,,
N3-upstream-qwen3vl8b/secondary/all_scenes/A_pairs_all_geometry_sensitivity/disagreement,0.25465029761904756,0.17206101190476192,0.34375,186,,,,
N3-upstream-qwen3vl8b/secondary/all_scenes_intended_goal_sensitivity/C_TF_RF/accuracy_TF,0.7451388888888888,0.6527777777777778,0.8208333333333334,138,,,,
N3-upstream-qwen3vl8b/secondary/all_scenes_intended_goal_sensitivity/C_TF_RF/accuracy_RF,0.7659722222222222,0.6718179563492064,0.8338343253968253,138,,,,
N3-upstream-qwen3vl8b/secondary/all_scenes_intended_goal_sensitivity/C_TF_RF/gap,-0.020833333333333332,-0.0625,0.0,138,,,,
N3-upstream-qwen3vl8b/secondary/all_scenes_intended_goal_sensitivity/C_TF_RF/both_correct,0.7451388888888888,0.6527777777777778,0.8208333333333334,138,,,,
N3-upstream-qwen3vl8b/secondary/all_scenes_intended_goal_sensitivity/C_TF_RF/disagreement,0.020833333333333332,0.0,0.0625,138,,,,
checkpoint_contrasts/N3-policy_minus_N3-base/C_TF_accuracy,0.08978174603174593,0.01736111111111094,0.1631944444444443,,,,,
checkpoint_contrasts/N3-policy_minus_N3-base/C_RF_accuracy,0.0,0.0,0.0,,,,,
checkpoint_contrasts/N3-policy_minus_N3-base/C_TF_RF_gap,0.08978174603174605,0.017361111111111122,0.16319444444444448,,,,,
checkpoint_contrasts/N3-policy_minus_N3-base/A_accuracy,0.006696428571428603,-0.04109002976190492,0.05555555555555547,,,,,
checkpoint_contrasts/N3-policy_minus_N3-base/B_image_tuple_accuracy,0.02546296296296291,0.01851851851851849,0.03587962962962965,,,,,
checkpoint_contrasts/N3-base_minus_N3-upstream-qwen3vl8b/C_TF_accuracy,-0.08978174603174593,-0.1631944444444443,-0.01736111111111094,,,,,
checkpoint_contrasts/N3-base_minus_N3-upstream-qwen3vl8b/C_RF_accuracy,0.0,0.0,0.0,,,,,
checkpoint_contrasts/N3-base_minus_N3-upstream-qwen3vl8b/C_TF_RF_gap,-0.08978174603174605,-0.16319444444444448,-0.017361111111111122,,,,,
checkpoint_contrasts/N3-base_minus_N3-upstream-qwen3vl8b/A_accuracy,-0.006696428571428603,-0.05555555555555547,0.041090029761904893,,,,,
checkpoint_contrasts/N3-base_minus_N3-upstream-qwen3vl8b/B_image_tuple_accuracy,-0.02546296296296291,-0.03587962962962965,-0.01851851851851849,,,,,
checkpoint_contrasts/N3-policy_minus_N3-upstream-qwen3vl8b/C_TF_accuracy,0.0,0.0,0.0,,,,,
checkpoint_contrasts/N3-policy_minus_N3-upstream-qwen3vl8b/C_RF_accuracy,0.0,0.0,0.0,,,,,
checkpoint_contrasts/N3-policy_minus_N3-upstream-qwen3vl8b/C_TF_RF_gap,0.0,0.0,0.0,,,,,
checkpoint_contrasts/N3-policy_minus_N3-upstream-qwen3vl8b/A_accuracy,0.0,0.0,0.0,,,,,
checkpoint_contrasts/N3-policy_minus_N3-upstream-qwen3vl8b/B_image_tuple_accuracy,0.0,0.0,0.0,,,,,
checkpoint_contrasts/E3-policy_minus_E3-base/C_TF_accuracy,0.0,0.0,0.0,,,,,
checkpoint_contrasts/E3-policy_minus_E3-base/C_RF_accuracy,0.0,0.0,0.0,,,,,
checkpoint_contrasts/E3-policy_minus_E3-base/C_TF_RF_gap,0.0,0.0,0.0,,,,,
checkpoint_contrasts/E3-policy_minus_E3-base/A_accuracy,0.0,0.0,0.0,,,,,
checkpoint_contrasts/E3-policy_minus_E3-base/B_image_tuple_accuracy,0.0,0.0,0.0,,,,,
