episode_id,model,scene,state,goal,form,status,stratum,stable_ever,stable_at_final,study_goal_first_hit,native_matched_task,native_matched_first_hit,failure_stage,event,primary_request,primary_fallback,mover_final_displacement_m
RWS-E3-S1-C01-B-D,E3,S1,S1-C01,B,D,valid,achievement,0,0,,RubiksCubeBehindBowlTask,,lift_no_goal,0,1,0,0.2756242215459891
RWS-E3-S1-C01-B-I,E3,S1,S1-C01,B,I,valid,achievement,0,0,,RubiksCubeBehindBowlTask,,lift_no_goal,0,1,0,0.1603590217522803
RWS-E3-S1-C01-B-S,E3,S1,S1-C01,B,S,valid,achievement,0,0,,RubiksCubeBehindBowlTask,,lift_no_goal,0,1,0,0.19405267965674433
RWS-E3-S1-C01-F-D,E3,S1,S1-C01,F,D,valid,achievement,0,0,,RubiksCubeInFrontOfBowlTask,,lift_no_goal,0,1,0,0.01077226803607532
RWS-E3-S1-C01-F-I,E3,S1,S1-C01,F,I,valid,achievement,0,0,,RubiksCubeInFrontOfBowlTask,13.933333333333334,lift_no_goal,0,1,0,0.25604782169237406
RWS-E3-S1-C01-F-S,E3,S1,S1-C01,F,S,valid,achievement,0,0,,RubiksCubeInFrontOfBowlTask,,lift_no_goal,0,1,0,0.22638379913870715
RWS-E3-S1-C01-L-D,E3,S1,S1-C01,L,D,valid,achievement,0,0,,RubiksCubeLeftOfBowlTask,,contact_no_lift,0,1,0,0.033592846206689696
RWS-E3-S1-C01-L-I,E3,S1,S1-C01,L,I,valid,achievement,0,0,,RubiksCubeLeftOfBowlTask,,lift_no_goal,0,1,0,0.0860212902532225
RWS-E3-S1-C01-L-S,E3,S1,S1-C01,L,S,valid,achievement,0,0,,RubiksCubeLeftOfBowlTask,,lift_no_goal,0,1,0,0.10560741780520982
RWS-E3-S1-C01-R-D,E3,S1,S1-C01,R,D,valid,maintenance,1,0,0.0,,,stable,0,1,0,0.11742319340372821
RWS-E3-S1-C01-R-I,E3,S1,S1-C01,R,I,valid,maintenance,1,0,0.0,,,stable,0,1,0,0.09367428697116978
RWS-E3-S1-C01-R-S,E3,S1,S1-C01,R,S,valid,maintenance,1,1,0.0,,,stable,0,1,0,0.23556055183142924
RWS-E3-S1-C02-B-D,E3,S1,S1-C02,B,D,valid,achievement,1,0,14.333333333333334,RubiksCubeBehindBowlTask,14.333333333333334,stable,0,1,0,0.21762913262657058
RWS-E3-S1-C02-B-I,E3,S1,S1-C02,B,I,valid,achievement,0,0,,RubiksCubeBehindBowlTask,,contact_no_lift,0,1,0,0.07781336908979969
RWS-E3-S1-C02-B-S,E3,S1,S1-C02,B,S,valid,achievement,0,0,,RubiksCubeBehindBowlTask,,lift_no_goal,0,1,0,0.20529248699207997
RWS-E3-S1-C02-F-D,E3,S1,S1-C02,F,D,valid,achievement,0,0,,RubiksCubeInFrontOfBowlTask,,lift_no_goal,0,1,0,0.24892879781175226
RWS-E3-S1-C02-F-I,E3,S1,S1-C02,F,I,valid,achievement,0,0,,RubiksCubeInFrontOfBowlTask,,lift_no_goal,0,1,0,0.21893951978127088
RWS-E3-S1-C02-F-S,E3,S1,S1-C02,F,S,valid,achievement,1,0,11.666666666666666,RubiksCubeInFrontOfBowlTask,11.666666666666666,stable,0,1,0,0.12252625745436238
RWS-E3-S1-C02-L-D,E3,S1,S1-C02,L,D,valid,achievement,0,0,19.133333333333333,RubiksCubeLeftOfBowlTask,19.133333333333333,goal_unstable,0,1,0,0.386787275824109
RWS-E3-S1-C02-L-I,E3,S1,S1-C02,L,I,valid,achievement,0,0,,RubiksCubeLeftOfBowlTask,,lift_no_goal,0,1,0,0.17008765612322585
RWS-E3-S1-C02-L-S,E3,S1,S1-C02,L,S,valid,achievement,0,0,,RubiksCubeLeftOfBowlTask,,lift_no_goal,0,1,0,0.05055372768011016
RWS-E3-S1-C02-R-D,E3,S1,S1-C02,R,D,valid,achievement,1,1,0.06666666666666667,,,stable,0,1,0,0.2405353510724393
RWS-E3-S1-C02-R-I,E3,S1,S1-C02,R,I,valid,maintenance,1,0,0.0,,,stable,0,1,0,0.18514370249751902
RWS-E3-S1-C02-R-S,E3,S1,S1-C02,R,S,valid,achievement,1,0,0.06666666666666667,,,stable,0,1,0,0.21579748669702628
RWS-E3-S1-C03-B-D,E3,S1,S1-C03,B,D,valid,achievement,0,0,,RubiksCubeBehindBowlTask,,lift_no_goal,0,1,0,0.22571710734060607
RWS-E3-S1-C03-B-I,E3,S1,S1-C03,B,I,valid,achievement,0,0,,RubiksCubeBehindBowlTask,,lift_no_goal,0,1,0,0.06642292027620038
RWS-E3-S1-C03-B-S,E3,S1,S1-C03,B,S,valid,achievement,0,0,,RubiksCubeBehindBowlTask,,lift_no_goal,0,1,0,0.16676701293481475
RWS-E3-S1-C03-F-D,E3,S1,S1-C03,F,D,valid,achievement,0,0,,RubiksCubeInFrontOfBowlTask,,lift_no_goal,1,1,0,0.2349280153396667
RWS-E3-S1-C03-F-I,E3,S1,S1-C03,F,I,valid,achievement,0,0,,RubiksCubeInFrontOfBowlTask,9.866666666666667,lift_no_goal,0,1,0,0.2038497012970651
RWS-E3-S1-C03-F-S,E3,S1,S1-C03,F,S,valid,achievement,0,0,,RubiksCubeInFrontOfBowlTask,,lift_no_goal,0,1,0,0.3042249166023578
RWS-E3-S1-C03-L-D,E3,S1,S1-C03,L,D,valid,achievement,1,0,17.066666666666666,RubiksCubeLeftOfBowlTask,17.066666666666666,stable,0,1,0,0.37219773444082044
RWS-E3-S1-C03-L-I,E3,S1,S1-C03,L,I,valid,achievement,0,0,,RubiksCubeLeftOfBowlTask,,lift_no_goal,0,1,0,0.07134024436105926
RWS-E3-S1-C03-L-S,E3,S1,S1-C03,L,S,valid,achievement,1,0,12.133333333333333,RubiksCubeLeftOfBowlTask,12.133333333333333,stable,1,1,0,0.26020569760536344
RWS-E3-S1-C03-R-D,E3,S1,S1-C03,R,D,valid,maintenance,1,0,0.0,,,stable,0,1,0,0.19524636583625363
RWS-E3-S1-C03-R-I,E3,S1,S1-C03,R,I,valid,achievement,1,0,0.06666666666666667,,,stable,0,1,0,0.29805514456783727
RWS-E3-S1-C03-R-S,E3,S1,S1-C03,R,S,valid,maintenance,1,0,0.0,,,stable,0,1,0,0.2505866294167169
RWS-E3-S1-C04-B-D,E3,S1,S1-C04,B,D,valid,achievement,0,0,,RubiksCubeBehindBowlTask,,lift_no_goal,0,1,0,0.22472397193362442
RWS-E3-S1-C04-B-I,E3,S1,S1-C04,B,I,valid,achievement,0,0,,RubiksCubeBehindBowlTask,,contact_no_lift,0,1,0,0.08925954558834275
RWS-E3-S1-C04-B-S,E3,S1,S1-C04,B,S,valid,achievement,0,0,,RubiksCubeBehindBowlTask,,lift_no_goal,0,1,0,0.1915664718465815
RWS-E3-S1-C04-F-D,E3,S1,S1-C04,F,D,valid,achievement,0,0,,RubiksCubeInFrontOfBowlTask,,lift_no_goal,0,1,0,0.22291814752714398
RWS-E3-S1-C04-F-I,E3,S1,S1-C04,F,I,valid,achievement,0,0,,RubiksCubeInFrontOfBowlTask,,lift_no_goal,0,1,0,0.2437754240950874
RWS-E3-S1-C04-F-S,E3,S1,S1-C04,F,S,valid,achievement,0,0,,RubiksCubeInFrontOfBowlTask,,lift_no_goal,0,1,0,0.2498907373612718
RWS-E3-S1-C04-L-D,E3,S1,S1-C04,L,D,valid,achievement,0,0,23.333333333333332,RubiksCubeLeftOfBowlTask,23.333333333333332,goal_unstable,0,1,0,0.3803786235740218
RWS-E3-S1-C04-L-I,E3,S1,S1-C04,L,I,valid,achievement,0,0,,RubiksCubeLeftOfBowlTask,,lift_no_goal,0,1,0,0.3182212145975255
RWS-E3-S1-C04-L-S,E3,S1,S1-C04,L,S,valid,achievement,0,0,,RubiksCubeLeftOfBowlTask,,lift_no_goal,0,1,0,0.25435342555141993
RWS-E3-S1-C04-R-D,E3,S1,S1-C04,R,D,valid,achievement,1,0,0.06666666666666667,,,stable,0,1,0,0.2543623390297568
RWS-E3-S1-C04-R-I,E3,S1,S1-C04,R,I,valid,achievement,1,0,0.06666666666666667,,,stable,0,1,0,0.19369484646869206
RWS-E3-S1-C04-R-S,E3,S1,S1-C04,R,S,valid,maintenance,1,0,0.0,,,stable,0,1,0,0.22184951065660402
RWS-E3-S1-C05-B-D,E3,S1,S1-C05,B,D,valid,achievement,0,0,,RubiksCubeBehindBowlTask,,lift_no_goal,0,1,0,0.19874427570987854
RWS-E3-S1-C05-B-I,E3,S1,S1-C05,B,I,valid,achievement,0,0,,RubiksCubeBehindBowlTask,,lift_no_goal,1,1,0,0.10115716651996763
RWS-E3-S1-C05-B-S,E3,S1,S1-C05,B,S,valid,achievement,0,0,23.466666666666665,RubiksCubeBehindBowlTask,23.466666666666665,goal_unstable,0,1,0,0.21815571425116986
RWS-E3-S1-C05-F-D,E3,S1,S1-C05,F,D,valid,achievement,0,0,,RubiksCubeInFrontOfBowlTask,,lift_no_goal,0,1,0,0.03745212134321602
RWS-E3-S1-C05-F-I,E3,S1,S1-C05,F,I,valid,achievement,0,0,,RubiksCubeInFrontOfBowlTask,,lift_no_goal,1,1,0,0.17065585534291847
RWS-E3-S1-C05-F-S,E3,S1,S1-C05,F,S,valid,achievement,0,0,,RubiksCubeInFrontOfBowlTask,,lift_no_goal,1,1,0,0.04664532237938117
RWS-E3-S1-C05-L-D,E3,S1,S1-C05,L,D,valid,achievement,1,0,26.8,RubiksCubeLeftOfBowlTask,26.733333333333334,stable,0,1,0,0.38880895992676684
RWS-E3-S1-C05-L-I,E3,S1,S1-C05,L,I,valid,achievement,0,0,,RubiksCubeLeftOfBowlTask,,lift_no_goal,1,1,0,0.1690937020324491
RWS-E3-S1-C05-L-S,E3,S1,S1-C05,L,S,valid,achievement,0,0,,RubiksCubeLeftOfBowlTask,,lift_no_goal,0,1,0,0.2556655218887938
RWS-E3-S1-C05-R-D,E3,S1,S1-C05,R,D,valid,achievement,1,0,0.06666666666666667,,,stable,0,1,0,0.07503279300753787
RWS-E3-S1-C05-R-I,E3,S1,S1-C05,R,I,valid,achievement,1,0,0.06666666666666667,,,stable,0,1,0,0.2165657093585389
RWS-E3-S1-C05-R-S,E3,S1,S1-C05,R,S,valid,maintenance,1,0,0.0,,,stable,0,1,0,0.24968660965137732
RWS-E3-S1-C06-B-D,E3,S1,S1-C06,B,D,valid,achievement,0,0,,RubiksCubeBehindBowlTask,,lift_no_goal,0,1,0,0.026281547140415452
RWS-E3-S1-C06-B-I,E3,S1,S1-C06,B,I,valid,achievement,0,0,,RubiksCubeBehindBowlTask,,lift_no_goal,0,1,0,0.10035253164257506
RWS-E3-S1-C06-B-S,E3,S1,S1-C06,B,S,valid,achievement,0,0,,RubiksCubeBehindBowlTask,,lift_no_goal,0,1,0,0.19314939179512822
RWS-E3-S1-C06-F-D,E3,S1,S1-C06,F,D,valid,achievement,0,0,,RubiksCubeInFrontOfBowlTask,,lift_no_goal,0,1,0,0.19251389811936964
RWS-E3-S1-C06-F-I,E3,S1,S1-C06,F,I,valid,achievement,0,0,,RubiksCubeInFrontOfBowlTask,,lift_no_goal,0,1,0,0.20599639033021105
RWS-E3-S1-C06-F-S,E3,S1,S1-C06,F,S,valid,achievement,0,0,,RubiksCubeInFrontOfBowlTask,,lift_no_goal,0,1,0,0.23905896475616092
RWS-E3-S1-C06-L-D,E3,S1,S1-C06,L,D,valid,achievement,1,1,15.666666666666666,RubiksCubeLeftOfBowlTask,15.6,stable,0,1,0,0.46778759879961657
RWS-E3-S1-C06-L-I,E3,S1,S1-C06,L,I,valid,achievement,0,0,,RubiksCubeLeftOfBowlTask,,lift_no_goal,0,1,0,0.14987409133081675
RWS-E3-S1-C06-L-S,E3,S1,S1-C06,L,S,valid,achievement,1,1,26.333333333333332,RubiksCubeLeftOfBowlTask,14.933333333333334,stable,0,1,0,0.3432395751733088
RWS-E3-S1-C06-R-D,E3,S1,S1-C06,R,D,valid,achievement,1,1,0.06666666666666667,,,stable,0,1,0,0.17587834850805237
RWS-E3-S1-C06-R-I,E3,S1,S1-C06,R,I,valid,maintenance,1,0,0.0,,,stable,0,1,0,0.3149184710368022
RWS-E3-S1-C06-R-S,E3,S1,S1-C06,R,S,valid,maintenance,1,1,0.0,,,stable,0,1,0,0.2581610135882876
RWS-E3-S1-C07-B-D,E3,S1,S1-C07,B,D,valid,achievement,0,0,,RubiksCubeBehindBowlTask,,lift_no_goal,0,1,0,0.059446236176185274
RWS-E3-S1-C07-B-I,E3,S1,S1-C07,B,I,valid,achievement,0,0,,RubiksCubeBehindBowlTask,,lift_no_goal,0,1,0,0.05658249921574324
RWS-E3-S1-C07-B-S,E3,S1,S1-C07,B,S,valid,achievement,0,0,,RubiksCubeBehindBowlTask,,lift_no_goal,0,1,0,0.2376672079774066
RWS-E3-S1-C07-F-D,E3,S1,S1-C07,F,D,valid,achievement,0,0,,RubiksCubeInFrontOfBowlTask,,lift_no_goal,0,1,0,0.2095536886100026
RWS-E3-S1-C07-F-I,E3,S1,S1-C07,F,I,valid,achievement,0,0,,RubiksCubeInFrontOfBowlTask,,lift_no_goal,0,1,0,0.14492441024236496
RWS-E3-S1-C07-F-S,E3,S1,S1-C07,F,S,valid,achievement,0,0,,RubiksCubeInFrontOfBowlTask,,contact_no_lift,0,1,0,0.049205978622244684
RWS-E3-S1-C07-L-D,E3,S1,S1-C07,L,D,valid,achievement,0,0,,RubiksCubeLeftOfBowlTask,,lift_no_goal,0,1,0,0.07389352399480761
RWS-E3-S1-C07-L-I,E3,S1,S1-C07,L,I,valid,achievement,0,0,,RubiksCubeLeftOfBowlTask,,lift_no_goal,0,1,0,0.07373275784996865
RWS-E3-S1-C07-L-S,E3,S1,S1-C07,L,S,valid,achievement,0,0,,RubiksCubeLeftOfBowlTask,,lift_no_goal,0,1,0,0.4165856016314053
RWS-E3-S1-C07-R-D,E3,S1,S1-C07,R,D,valid,maintenance,1,1,0.0,,,stable,0,1,0,0.23829767685253048
RWS-E3-S1-C07-R-I,E3,S1,S1-C07,R,I,valid,maintenance,1,0,0.0,,,stable,0,1,0,0.3161511127790959
RWS-E3-S1-C07-R-S,E3,S1,S1-C07,R,S,valid,maintenance,1,1,0.0,,,stable,0,1,0,0.10362545516717882
RWS-E3-S1-C08-B-D,E3,S1,S1-C08,B,D,valid,achievement,0,0,,RubiksCubeBehindBowlTask,,lift_no_goal,0,1,0,0.22937950217535005
RWS-E3-S1-C08-B-I,E3,S1,S1-C08,B,I,valid,achievement,0,0,,RubiksCubeBehindBowlTask,,lift_no_goal,0,1,0,0.16615167049816942
RWS-E3-S1-C08-B-S,E3,S1,S1-C08,B,S,valid,achievement,0,0,,RubiksCubeBehindBowlTask,,lift_no_goal,0,1,0,0.24931125913943036
RWS-E3-S1-C08-F-D,E3,S1,S1-C08,F,D,valid,achievement,0,0,,RubiksCubeInFrontOfBowlTask,,lift_no_goal,0,1,0,0.1921075925323422
RWS-E3-S1-C08-F-I,E3,S1,S1-C08,F,I,valid,achievement,0,0,,RubiksCubeInFrontOfBowlTask,,lift_no_goal,0,1,0,0.26492687769451984
RWS-E3-S1-C08-F-S,E3,S1,S1-C08,F,S,valid,achievement,0,0,,RubiksCubeInFrontOfBowlTask,,lift_no_goal,0,1,0,0.15166264146389571
RWS-E3-S1-C08-L-D,E3,S1,S1-C08,L,D,valid,achievement,0,0,,RubiksCubeLeftOfBowlTask,,contact_no_lift,0,1,0,0.10973951655954658
RWS-E3-S1-C08-L-I,E3,S1,S1-C08,L,I,valid,achievement,0,0,,RubiksCubeLeftOfBowlTask,,lift_no_goal,0,1,0,0.14468357626454498
RWS-E3-S1-C08-L-S,E3,S1,S1-C08,L,S,valid,achievement,0,0,,RubiksCubeLeftOfBowlTask,,contact_no_lift,0,1,0,0.01875733894584876
RWS-E3-S1-C08-R-D,E3,S1,S1-C08,R,D,valid,achievement,1,1,0.06666666666666667,,,stable,0,1,0,0.19549765034249417
RWS-E3-S1-C08-R-I,E3,S1,S1-C08,R,I,valid,maintenance,1,0,0.0,,,stable,0,1,0,0.22465184746994266
RWS-E3-S1-C08-R-S,E3,S1,S1-C08,R,S,valid,achievement,1,0,0.06666666666666667,,,stable,0,1,0,0.18823831571454985
RWS-E3-S3-C01-L-D,E3,S3,S3-C01,L,D,valid,achievement,0,0,,,,contact_no_lift,0,1,0,0.011786816487124537
RWS-E3-S3-C01-L-I,E3,S3,S3-C01,L,I,valid,achievement,0,0,,,,lift_no_goal,0,2,0,0.17016167884228894
RWS-E3-S3-C01-L-S,E3,S3,S3-C01,L,S,valid,achievement,0,0,,,,no_mover_contact,0,1,0,0.0006541701409655803
RWS-E3-S3-C01-R-D,E3,S3,S3-C01,R,D,valid,maintenance,1,1,0.0,,,stable,0,1,0,0.045992953905446436
RWS-E3-S3-C01-R-I,E3,S3,S3-C01,R,I,valid,maintenance,1,1,0.0,,,stable,0,1,0,0.042973298825734314
RWS-E3-S3-C01-R-S,E3,S3,S3-C01,R,S,valid,achievement,1,1,0.06666666666666667,,,stable,0,2,0,3.584579632192839e-05
RWS-E3-S3-C01-TOP-D,E3,S3,S3-C01,TOP,D,valid,achievement,0,0,,ButterAboveRaisinTask,,lift_no_goal,0,1,0,0.2554297885471848
RWS-E3-S3-C01-TOP-I,E3,S3,S3-C01,TOP,I,valid,achievement,0,0,,ButterAboveRaisinTask,,lift_no_goal,0,1,0,0.01243902136619678
RWS-E3-S3-C01-TOP-S,E3,S3,S3-C01,TOP,S,valid,achievement,0,0,,ButterAboveRaisinTask,,lift_no_goal,0,1,0,0.14803479481314114
RWS-E3-S3-C02-L-D,E3,S3,S3-C02,L,D,valid,achievement,0,0,,,,lift_no_goal,0,2,0,0.30538147386797765
RWS-E3-S3-C02-L-I,E3,S3,S3-C02,L,I,valid,achievement,0,0,,,,no_mover_contact,0,2,0,0.0007138976669207386
RWS-E3-S3-C02-L-S,E3,S3,S3-C02,L,S,valid,achievement,0,0,,,,contact_no_lift,1,2,0,0.13548157467986036
RWS-E3-S3-C02-R-D,E3,S3,S3-C02,R,D,valid,maintenance,1,0,0.0,,,stable,0,2,0,0.38315644417541617
RWS-E3-S3-C02-R-I,E3,S3,S3-C02,R,I,valid,achievement,1,1,0.06666666666666667,,,stable,0,2,0,0.03072641713657937
RWS-E3-S3-C02-R-S,E3,S3,S3-C02,R,S,valid,maintenance,1,1,0.0,,,stable,0,2,0,0.0007077210461473027
RWS-E3-S3-C02-TOP-D,E3,S3,S3-C02,TOP,D,valid,achievement,1,0,21.4,ButterAboveRaisinTask,21.4,stable,0,2,0,0.15622960900051988
RWS-E3-S3-C02-TOP-I,E3,S3,S3-C02,TOP,I,valid,achievement,0,0,,ButterAboveRaisinTask,,lift_no_goal,0,2,0,0.15753061823136327
RWS-E3-S3-C02-TOP-S,E3,S3,S3-C02,TOP,S,valid,achievement,0,0,,ButterAboveRaisinTask,,contact_no_lift,0,2,0,0.0025192631672247686
RWS-E3-S3-C03-L-D,E3,S3,S3-C03,L,D,valid,achievement,0,0,,,,contact_no_lift,0,2,0,0.17694912737614973
RWS-E3-S3-C03-L-I,E3,S3,S3-C03,L,I,valid,achievement,0,0,,,,lift_no_goal,0,2,0,0.13025601746658116
RWS-E3-S3-C03-L-S,E3,S3,S3-C03,L,S,valid,achievement,0,0,,,,contact_no_lift,0,1,0,0.15897853332425002
RWS-E3-S3-C03-R-D,E3,S3,S3-C03,R,D,valid,maintenance,1,0,0.0,,,stable,0,1,0,0.224799099778244
RWS-E3-S3-C03-R-I,E3,S3,S3-C03,R,I,valid,maintenance,1,1,0.0,,,stable,0,1,0,0.11072340503844581
RWS-E3-S3-C03-R-S,E3,S3,S3-C03,R,S,valid,achievement,1,0,0.06666666666666667,,,stable,0,1,0,0.47207034740651527
RWS-E3-S3-C03-TOP-D,E3,S3,S3-C03,TOP,D,valid,achievement,0,0,,ButterAboveRaisinTask,,lift_no_goal,0,2,0,0.14484089303090789
RWS-E3-S3-C03-TOP-I,E3,S3,S3-C03,TOP,I,valid,achievement,0,0,,ButterAboveRaisinTask,,lift_no_goal,0,2,0,0.2823029836785635
RWS-E3-S3-C03-TOP-S,E3,S3,S3-C03,TOP,S,valid,achievement,0,0,,ButterAboveRaisinTask,,no_mover_contact,0,2,0,0.0008294983669213421
RWS-E3-S3-C04-L-D,E3,S3,S3-C04,L,D,valid,achievement,0,0,,,,lift_no_goal,0,2,0,0.2998052114877795
RWS-E3-S3-C04-L-I,E3,S3,S3-C04,L,I,valid,achievement,0,0,,,,no_mover_contact,0,2,0,0.0006863669339138796
RWS-E3-S3-C04-L-S,E3,S3,S3-C04,L,S,valid,achievement,0,0,,,,contact_no_lift,0,1,0,0.043317329591711515
RWS-E3-S3-C04-R-D,E3,S3,S3-C04,R,D,valid,maintenance,1,1,0.0,,,stable,0,2,0,0.1614351797932407
RWS-E3-S3-C04-R-I,E3,S3,S3-C04,R,I,valid,maintenance,1,1,0.0,,,stable,0,1,0,0.19604030465348304
RWS-E3-S3-C04-R-S,E3,S3,S3-C04,R,S,valid,maintenance,1,0,0.0,,,stable,0,2,0,0.3735186047228749
RWS-E3-S3-C04-TOP-D,E3,S3,S3-C04,TOP,D,valid,achievement,1,1,20.8,ButterAboveRaisinTask,20.8,stable,0,2,0,0.21783799183612493
RWS-E3-S3-C04-TOP-I,E3,S3,S3-C04,TOP,I,valid,achievement,0,0,,ButterAboveRaisinTask,,contact_no_lift,0,2,0,0.2636405585569171
RWS-E3-S3-C04-TOP-S,E3,S3,S3-C04,TOP,S,valid,achievement,0,0,,ButterAboveRaisinTask,,contact_no_lift,0,2,0,0.09976841345607693
RWS-E3-S3-C05-L-D,E3,S3,S3-C05,L,D,valid,achievement,0,0,,,,no_mover_contact,0,2,0,0.018657761455421574
RWS-E3-S3-C05-L-I,E3,S3,S3-C05,L,I,valid,achievement,0,0,,,,no_mover_contact,0,2,0,0.0007459485868787531
RWS-E3-S3-C05-L-S,E3,S3,S3-C05,L,S,valid,achievement,0,0,,,,no_mover_contact,0,2,0,0.02721230784048173
RWS-E3-S3-C05-R-D,E3,S3,S3-C05,R,D,valid,maintenance,1,1,0.0,,,stable,0,2,0,0.000751416223772385
RWS-E3-S3-C05-R-I,E3,S3,S3-C05,R,I,valid,maintenance,1,1,0.0,,,stable,0,2,0,0.0007562811797763
RWS-E3-S3-C05-R-S,E3,S3,S3-C05,R,S,valid,maintenance,1,0,0.0,,,stable,0,2,0,0.0007583054469365683
RWS-E3-S3-C05-TOP-D,E3,S3,S3-C05,TOP,D,valid,achievement,0,0,,ButterAboveRaisinTask,,no_mover_contact,0,2,0,0.001651790591481471
RWS-E3-S3-C05-TOP-I,E3,S3,S3-C05,TOP,I,valid,achievement,0,0,,ButterAboveRaisinTask,,no_mover_contact,0,2,0,0.0008014388911254392
RWS-E3-S3-C05-TOP-S,E3,S3,S3-C05,TOP,S,valid,achievement,0,0,,ButterAboveRaisinTask,,no_mover_contact,0,2,0,0.0008736164739449717
RWS-E3-S3-C06-L-D,E3,S3,S3-C06,L,D,valid,achievement,0,0,,,,lift_no_goal,0,1,0,0.23453395582743428
RWS-E3-S3-C06-L-I,E3,S3,S3-C06,L,I,valid,achievement,0,0,,,,lift_no_goal,0,2,0,0.05017403205392749
RWS-E3-S3-C06-L-S,E3,S3,S3-C06,L,S,valid,achievement,0,0,,,,contact_no_lift,0,1,0,0.2004920726846679
RWS-E3-S3-C06-R-D,E3,S3,S3-C06,R,D,valid,maintenance,1,1,0.0,,,stable,0,1,0,0.07530484626702384
RWS-E3-S3-C06-R-I,E3,S3,S3-C06,R,I,valid,maintenance,1,1,0.0,,,stable,0,1,0,0.1781230473791418
RWS-E3-S3-C06-R-S,E3,S3,S3-C06,R,S,valid,maintenance,1,0,0.0,,,stable,0,1,0,0.326203555133669
RWS-E3-S3-C06-TOP-D,E3,S3,S3-C06,TOP,D,valid,achievement,0,0,,ButterAboveRaisinTask,,lift_no_goal,0,2,0,0.21880066464754014
RWS-E3-S3-C06-TOP-I,E3,S3,S3-C06,TOP,I,valid,achievement,0,0,,ButterAboveRaisinTask,,lift_no_goal,0,1,0,0.10235374043197357
RWS-E3-S3-C06-TOP-S,E3,S3,S3-C06,TOP,S,valid,achievement,0,0,,ButterAboveRaisinTask,,contact_no_lift,0,1,0,0.004078178340627475
RWS-E3-S3-C07-L-D,E3,S3,S3-C07,L,D,valid,achievement,0,0,,,,lift_no_goal,0,1,0,0.33775639278904646
RWS-E3-S3-C07-L-I,E3,S3,S3-C07,L,I,valid,achievement,0,0,,,,lift_no_goal,0,2,0,0.31892747568198376
RWS-E3-S3-C07-L-S,E3,S3,S3-C07,L,S,valid,achievement,0,0,,,,contact_no_lift,0,1,0,0.19349412114685138
RWS-E3-S3-C07-R-D,E3,S3,S3-C07,R,D,valid,maintenance,1,0,0.0,,,stable,0,1,0,0.3704138485924866
RWS-E3-S3-C07-R-I,E3,S3,S3-C07,R,I,valid,achievement,1,1,0.06666666666666667,,,stable,0,1,0,0.09151784490023024
RWS-E3-S3-C07-R-S,E3,S3,S3-C07,R,S,valid,maintenance,1,1,0.0,,,stable,0,2,0,0.0007387661688975979
RWS-E3-S3-C07-TOP-D,E3,S3,S3-C07,TOP,D,valid,achievement,0,0,,ButterAboveRaisinTask,,lift_no_goal,0,1,0,0.125531285059238
RWS-E3-S3-C07-TOP-I,E3,S3,S3-C07,TOP,I,valid,achievement,0,0,,ButterAboveRaisinTask,,lift_no_goal,0,1,0,0.30930544750179323
RWS-E3-S3-C07-TOP-S,E3,S3,S3-C07,TOP,S,valid,achievement,0,0,,ButterAboveRaisinTask,,contact_no_lift,0,1,0,0.10495972873544451
RWS-E3-S3-C08-L-D,E3,S3,S3-C08,L,D,valid,achievement,0,0,,,,lift_no_goal,0,1,0,0.35421715669854015
RWS-E3-S3-C08-L-I,E3,S3,S3-C08,L,I,valid,achievement,0,0,,,,lift_no_goal,0,1,0,0.11105341088426995
RWS-E3-S3-C08-L-S,E3,S3,S3-C08,L,S,valid,achievement,0,0,,,,contact_no_lift,0,1,0,0.23489547580963765
RWS-E3-S3-C08-R-D,E3,S3,S3-C08,R,D,valid,maintenance,1,1,0.0,,,stable,0,2,0,0.2909366979380076
RWS-E3-S3-C08-R-I,E3,S3,S3-C08,R,I,valid,maintenance,1,0,0.0,,,stable,0,1,0,0.06768437839153624
RWS-E3-S3-C08-R-S,E3,S3,S3-C08,R,S,valid,maintenance,1,0,0.0,,,stable,0,1,0,0.16341360371382907
RWS-E3-S3-C08-TOP-D,E3,S3,S3-C08,TOP,D,valid,achievement,1,1,20.333333333333332,ButterAboveRaisinTask,20.333333333333332,stable,0,2,0,0.17745328969230065
RWS-E3-S3-C08-TOP-I,E3,S3,S3-C08,TOP,I,valid,achievement,0,0,,ButterAboveRaisinTask,,no_mover_contact,0,1,0,3.76831498920419e-05
RWS-E3-S3-C08-TOP-S,E3,S3,S3-C08,TOP,S,valid,achievement,0,0,,ButterAboveRaisinTask,,contact_no_lift,0,1,0,0.004623651543487134
RWS-E3-S4-C01-L-D,E3,S4,S4-C01,L,D,valid,maintenance,1,0,0.0,,,stable,0,4,0,0.07826697721470406
RWS-E3-S4-C01-L-I,E3,S4,S4-C01,L,I,valid,maintenance,1,1,0.0,,,stable,0,1,0,1.0189684346746486e-05
RWS-E3-S4-C01-L-S,E3,S4,S4-C01,L,S,valid,achievement,1,1,0.06666666666666667,,,stable,0,1,0,1.0379479747028318e-05
RWS-E3-S4-C01-R-D,E3,S4,S4-C01,R,D,valid,achievement,0,0,,,,no_mover_contact,0,3,0,0.0006675751528828803
RWS-E3-S4-C01-R-I,E3,S4,S4-C01,R,I,valid,achievement,0,0,,,,no_mover_contact,0,1,0,0.0006184441511416091
RWS-E3-S4-C01-R-S,E3,S4,S4-C01,R,S,valid,achievement,0,0,,,,no_mover_contact,0,1,0,0.0005666339541743713
RWS-E3-S4-C01-TOP-D,E3,S4,S4-C01,TOP,D,valid,achievement,0,0,,MustardAboveRaisinTask,,no_mover_contact,0,2,0,1.0849078965593588e-05
RWS-E3-S4-C01-TOP-I,E3,S4,S4-C01,TOP,I,valid,achievement,0,0,,MustardAboveRaisinTask,,no_mover_contact,0,2,0,0.06317367204899413
RWS-E3-S4-C01-TOP-S,E3,S4,S4-C01,TOP,S,valid,achievement,0,0,,MustardAboveRaisinTask,,contact_no_lift,0,1,0,0.018199555155494415
RWS-E3-S4-C02-L-D,E3,S4,S4-C02,L,D,valid,achievement,1,1,0.06666666666666667,,,stable,0,2,0,0.02700158583403587
RWS-E3-S4-C02-L-I,E3,S4,S4-C02,L,I,valid,maintenance,1,0,0.0,,,stable,0,1,0,0.5581935533604983
RWS-E3-S4-C02-L-S,E3,S4,S4-C02,L,S,valid,maintenance,1,0,0.0,,,stable,0,2,0,0.012618357743545718
RWS-E3-S4-C02-R-D,E3,S4,S4-C02,R,D,valid,achievement,0,0,,,,contact_no_lift,0,4,0,0.07672514644062674
RWS-E3-S4-C02-R-I,E3,S4,S4-C02,R,I,valid,achievement,0,0,,,,contact_no_lift,0,1,0,0.15697101233479877
RWS-E3-S4-C02-R-S,E3,S4,S4-C02,R,S,valid,achievement,1,1,22.933333333333334,,,stable,0,2,0,0.47421388649917695
RWS-E3-S4-C02-TOP-D,E3,S4,S4-C02,TOP,D,valid,achievement,0,0,,MustardAboveRaisinTask,,no_mover_contact,0,2,0,1.1821094556156657e-05
RWS-E3-S4-C02-TOP-I,E3,S4,S4-C02,TOP,I,valid,achievement,0,0,,MustardAboveRaisinTask,,contact_no_lift,0,1,0,0.0009314644428024209
RWS-E3-S4-C02-TOP-S,E3,S4,S4-C02,TOP,S,valid,achievement,0,0,,MustardAboveRaisinTask,,lift_no_goal,0,2,0,0.05574308946197127
RWS-E3-S4-C03-L-D,E3,S4,S4-C03,L,D,valid,maintenance,1,0,0.0,,,stable,0,2,0,0.06155392060084229
RWS-E3-S4-C03-L-I,E3,S4,S4-C03,L,I,valid,achievement,1,0,0.06666666666666667,,,stable,0,1,0,0.5058530836951126
RWS-E3-S4-C03-L-S,E3,S4,S4-C03,L,S,valid,maintenance,1,0,0.0,,,stable,0,1,0,0.1264002703511707
RWS-E3-S4-C03-R-D,E3,S4,S4-C03,R,D,valid,achievement,1,1,15.266666666666666,,,stable,0,2,0,0.5853276424354227
RWS-E3-S4-C03-R-I,E3,S4,S4-C03,R,I,valid,achievement,0,0,,,,contact_no_lift,0,1,0,0.012393536718146608
RWS-E3-S4-C03-R-S,E3,S4,S4-C03,R,S,valid,achievement,0,0,,,,lift_no_goal,0,1,0,0.4410921929093893
RWS-E3-S4-C03-TOP-D,E3,S4,S4-C03,TOP,D,valid,achievement,0,0,,MustardAboveRaisinTask,,contact_no_lift,0,1,0,9.348160073452971e-06
RWS-E3-S4-C03-TOP-I,E3,S4,S4-C03,TOP,I,valid,achievement,0,0,,MustardAboveRaisinTask,,contact_no_lift,0,1,0,0.008506133564392422
RWS-E3-S4-C03-TOP-S,E3,S4,S4-C03,TOP,S,valid,achievement,0,0,,MustardAboveRaisinTask,,lift_no_goal,0,1,0,0.05196064193363181
RWS-E3-S4-C04-L-D,E3,S4,S4-C04,L,D,valid,achievement,1,0,0.06666666666666667,,,stable,0,2,0,0.19355699087784592
RWS-E3-S4-C04-L-I,E3,S4,S4-C04,L,I,valid,maintenance,1,0,0.0,,,stable,0,1,0,0.45347266208069203
RWS-E3-S4-C04-L-S,E3,S4,S4-C04,L,S,valid,maintenance,1,0,0.0,,,stable,0,1,0,0.03282675291295431
RWS-E3-S4-C04-R-D,E3,S4,S4-C04,R,D,valid,achievement,0,0,,,,contact_no_lift,0,7,0,0.055697428138960794
RWS-E3-S4-C04-R-I,E3,S4,S4-C04,R,I,valid,achievement,0,0,,,,contact_no_lift,0,1,0,0.011444031071283025
RWS-E3-S4-C04-R-S,E3,S4,S4-C04,R,S,valid,achievement,1,1,12.333333333333334,,,stable,0,1,0,0.49104244617989234
RWS-E3-S4-C04-TOP-D,E3,S4,S4-C04,TOP,D,valid,achievement,0,0,,MustardAboveRaisinTask,,no_mover_contact,0,2,0,0.0593265807781247
RWS-E3-S4-C04-TOP-I,E3,S4,S4-C04,TOP,I,valid,achievement,0,0,,MustardAboveRaisinTask,,contact_no_lift,0,1,0,0.029492867504338036
RWS-E3-S4-C04-TOP-S,E3,S4,S4-C04,TOP,S,valid,achievement,0,0,,MustardAboveRaisinTask,,lift_no_goal,0,1,0,0.08459321821602761
RWS-E3-S4-C05-L-D,E3,S4,S4-C05,L,D,valid,maintenance,1,1,0.0,,,stable,0,17,0,0.05901389982268275
RWS-E3-S4-C05-L-I,E3,S4,S4-C05,L,I,valid,maintenance,1,0,0.0,,,stable,0,1,0,0.3998693154978809
RWS-E3-S4-C05-L-S,E3,S4,S4-C05,L,S,valid,maintenance,1,1,0.0,,,stable,0,1,0,0.05033143513404233
RWS-E3-S4-C05-R-D,E3,S4,S4-C05,R,D,valid,achievement,0,0,16.933333333333334,,,goal_unstable,0,2,0,0.564171528338139
RWS-E3-S4-C05-R-I,E3,S4,S4-C05,R,I,valid,achievement,0,0,,,,lift_no_goal,0,1,0,0.10946566801860935
RWS-E3-S4-C05-R-S,E3,S4,S4-C05,R,S,valid,achievement,0,0,,,,lift_no_goal,0,1,0,0.18949491694338713
RWS-E3-S4-C05-TOP-D,E3,S4,S4-C05,TOP,D,valid,achievement,0,0,,MustardAboveRaisinTask,,no_mover_contact,0,1,0,2.8839425734013668e-06
RWS-E3-S4-C05-TOP-I,E3,S4,S4-C05,TOP,I,valid,achievement,0,0,,MustardAboveRaisinTask,,contact_no_lift,0,1,0,0.008646861569633575
RWS-E3-S4-C05-TOP-S,E3,S4,S4-C05,TOP,S,valid,achievement,0,0,,MustardAboveRaisinTask,,contact_no_lift,0,1,0,0.01090169981888383
RWS-E3-S4-C06-L-D,E3,S4,S4-C06,L,D,valid,achievement,1,0,0.06666666666666667,,,stable,0,2,0,0.105871105008773
RWS-E3-S4-C06-L-I,E3,S4,S4-C06,L,I,valid,maintenance,1,1,0.0,,,stable,0,1,0,2.0361404895720935e-05
RWS-E3-S4-C06-L-S,E3,S4,S4-C06,L,S,valid,achievement,1,0,0.06666666666666667,,,stable,0,1,0,0.022486884956918515
RWS-E3-S4-C06-R-D,E3,S4,S4-C06,R,D,valid,achievement,1,0,13.666666666666666,,,stable,0,2,0,0.5749707415638066
RWS-E3-S4-C06-R-I,E3,S4,S4-C06,R,I,valid,achievement,0,0,,,,no_mover_contact,0,1,0,1.4416363264144674e-05
RWS-E3-S4-C06-R-S,E3,S4,S4-C06,R,S,valid,achievement,1,1,28.133333333333333,,,stable,0,1,0,0.5464008757560536
RWS-E3-S4-C06-TOP-D,E3,S4,S4-C06,TOP,D,valid,achievement,0,0,,MustardAboveRaisinTask,,no_mover_contact,0,1,0,9.808790516838756e-06
RWS-E3-S4-C06-TOP-I,E3,S4,S4-C06,TOP,I,valid,achievement,0,0,,MustardAboveRaisinTask,,contact_no_lift,0,4,0,0.07291606730600915
RWS-E3-S4-C06-TOP-S,E3,S4,S4-C06,TOP,S,valid,achievement,0,0,,MustardAboveRaisinTask,,lift_no_goal,0,1,0,0.05052457100562562
RWS-E3-S4-C07-L-D,E3,S4,S4-C07,L,D,valid,maintenance,1,0,0.0,,,stable,0,2,0,0.14160282114154688
RWS-E3-S4-C07-L-I,E3,S4,S4-C07,L,I,valid,maintenance,1,0,0.0,,,stable,0,2,0,0.5893637974567917
RWS-E3-S4-C07-L-S,E3,S4,S4-C07,L,S,valid,maintenance,1,1,0.0,,,stable,0,1,0,0.10012064789351964
RWS-E3-S4-C07-R-D,E3,S4,S4-C07,R,D,valid,achievement,1,1,15.733333333333333,,,stable,0,3,0,0.5624063734851903
RWS-E3-S4-C07-R-I,E3,S4,S4-C07,R,I,valid,achievement,0,0,,,,no_mover_contact,0,4,0,0.00025843848323235305
RWS-E3-S4-C07-R-S,E3,S4,S4-C07,R,S,valid,achievement,1,1,15.866666666666667,,,stable,0,1,0,0.4239304482048725
RWS-E3-S4-C07-TOP-D,E3,S4,S4-C07,TOP,D,valid,achievement,0,0,,MustardAboveRaisinTask,,no_mover_contact,0,2,0,0.0008186394116289291
RWS-E3-S4-C07-TOP-I,E3,S4,S4-C07,TOP,I,valid,achievement,0,0,,MustardAboveRaisinTask,,contact_no_lift,0,4,0,0.0008963031512192988
RWS-E3-S4-C07-TOP-S,E3,S4,S4-C07,TOP,S,valid,achievement,0,0,,MustardAboveRaisinTask,,contact_no_lift,0,2,0,0.023372956493848338
RWS-E3-S4-C08-L-D,E3,S4,S4-C08,L,D,valid,maintenance,1,1,0.0,,,stable,0,2,0,9.935812257478206e-06
RWS-E3-S4-C08-L-I,E3,S4,S4-C08,L,I,valid,maintenance,1,1,0.0,,,stable,0,1,0,9.766813187091765e-06
RWS-E3-S4-C08-L-S,E3,S4,S4-C08,L,S,valid,maintenance,1,1,0.0,,,stable,0,1,0,1.0639776050062097e-05
RWS-E3-S4-C08-R-D,E3,S4,S4-C08,R,D,valid,achievement,1,1,13.799999999999999,,,stable,0,1,0,0.5263561197227281
RWS-E3-S4-C08-R-I,E3,S4,S4-C08,R,I,valid,achievement,0,0,,,,no_mover_contact,0,2,0,0.05778208086095898
RWS-E3-S4-C08-R-S,E3,S4,S4-C08,R,S,valid,achievement,0,0,,,,no_mover_contact,0,1,0,1.0555232561802228e-05
RWS-E3-S4-C08-TOP-D,E3,S4,S4-C08,TOP,D,valid,achievement,0,0,,MustardAboveRaisinTask,,no_mover_contact,0,1,0,0.0003072478824214836
RWS-E3-S4-C08-TOP-I,E3,S4,S4-C08,TOP,I,valid,achievement,0,0,,MustardAboveRaisinTask,,no_mover_contact,0,5,0,0.0003474369360850042
RWS-E3-S4-C08-TOP-S,E3,S4,S4-C08,TOP,S,valid,achievement,0,0,,MustardAboveRaisinTask,,no_mover_contact,0,1,0,0.0003341937924485097
RWS-E3-S5-C01-LR-D,E3,S5,S5-C01,LR,D,valid,achievement,0,0,,BowlStackingLeftOnRightTask,,contact_no_lift,0,1,0,0.07428785752297568
RWS-E3-S5-C01-LR-I,E3,S5,S5-C01,LR,I,valid,achievement,0,0,,BowlStackingLeftOnRightTask,,lift_no_goal,0,2,0,0.11633368113483682
RWS-E3-S5-C01-LR-S,E3,S5,S5-C01,LR,S,valid,achievement,0,0,,BowlStackingLeftOnRightTask,,lift_no_goal,0,1,0,0.3127912582702909
RWS-E3-S5-C01-RL-D,E3,S5,S5-C01,RL,D,valid,achievement,0,0,,BowlStackingRightOnLeftTask,,lift_no_goal,0,2,0,0.08624793614984996
RWS-E3-S5-C01-RL-I,E3,S5,S5-C01,RL,I,valid,achievement,0,0,,BowlStackingRightOnLeftTask,,lift_no_goal,0,2,0,0.06271588446834753
RWS-E3-S5-C01-RL-S,E3,S5,S5-C01,RL,S,valid,achievement,0,0,,BowlStackingRightOnLeftTask,,lift_no_goal,0,2,0,0.19146230659442698
RWS-E3-S5-C02-LR-D,E3,S5,S5-C02,LR,D,valid,achievement,0,0,,BowlStackingLeftOnRightTask,,contact_no_lift,0,2,0,0.039862296544020584
RWS-E3-S5-C02-LR-I,E3,S5,S5-C02,LR,I,valid,achievement,0,0,,BowlStackingLeftOnRightTask,,contact_no_lift,0,2,0,0.028743310730799092
RWS-E3-S5-C02-LR-S,E3,S5,S5-C02,LR,S,valid,achievement,0,0,,BowlStackingLeftOnRightTask,,contact_no_lift,0,2,0,0.03150037605238257
RWS-E3-S5-C02-RL-D,E3,S5,S5-C02,RL,D,valid,achievement,0,0,,BowlStackingRightOnLeftTask,,no_mover_contact,0,2,0,0.0005502824492306355
RWS-E3-S5-C02-RL-I,E3,S5,S5-C02,RL,I,valid,achievement,0,0,,BowlStackingRightOnLeftTask,,contact_no_lift,0,2,0,0.007060278802714734
RWS-E3-S5-C02-RL-S,E3,S5,S5-C02,RL,S,valid,achievement,0,0,,BowlStackingRightOnLeftTask,,no_mover_contact,0,2,0,0.0005785926156280893
RWS-E3-S5-C03-LR-D,E3,S5,S5-C03,LR,D,valid,achievement,0,0,,BowlStackingLeftOnRightTask,,lift_no_goal,0,1,0,0.1951853389589689
RWS-E3-S5-C03-LR-I,E3,S5,S5-C03,LR,I,valid,achievement,0,0,,BowlStackingLeftOnRightTask,,contact_no_lift,0,2,0,1.432234026975099e-05
RWS-E3-S5-C03-LR-S,E3,S5,S5-C03,LR,S,valid,achievement,0,0,,BowlStackingLeftOnRightTask,,lift_no_goal,0,2,0,0.12959376984668838
RWS-E3-S5-C03-RL-D,E3,S5,S5-C03,RL,D,valid,achievement,0,0,,BowlStackingRightOnLeftTask,,lift_no_goal,0,2,0,0.1549014776502205
RWS-E3-S5-C03-RL-I,E3,S5,S5-C03,RL,I,valid,achievement,0,0,,BowlStackingRightOnLeftTask,,lift_no_goal,0,1,0,0.1319603167883676
RWS-E3-S5-C03-RL-S,E3,S5,S5-C03,RL,S,valid,achievement,0,0,,BowlStackingRightOnLeftTask,,lift_no_goal,0,1,0,0.17249567507913532
RWS-E3-S5-C04-LR-D,E3,S5,S5-C04,LR,D,valid,achievement,0,0,,BowlStackingLeftOnRightTask,,lift_no_goal,0,1,0,0.26112129952851565
RWS-E3-S5-C04-LR-I,E3,S5,S5-C04,LR,I,valid,achievement,0,0,,BowlStackingLeftOnRightTask,,contact_no_lift,0,2,0,0.027379115812426507
RWS-E3-S5-C04-LR-S,E3,S5,S5-C04,LR,S,valid,achievement,0,0,,BowlStackingLeftOnRightTask,,lift_no_goal,0,2,0,0.31255139114220165
RWS-E3-S5-C04-RL-D,E3,S5,S5-C04,RL,D,valid,achievement,1,1,13.733333333333333,BowlStackingRightOnLeftTask,13.733333333333333,stable,0,2,0,0.32806808779110996
RWS-E3-S5-C04-RL-I,E3,S5,S5-C04,RL,I,valid,achievement,0,0,,BowlStackingRightOnLeftTask,,lift_no_goal,0,2,0,0.0628274921451833
RWS-E3-S5-C04-RL-S,E3,S5,S5-C04,RL,S,valid,achievement,1,1,18.666666666666668,BowlStackingRightOnLeftTask,18.666666666666668,stable,0,2,0,0.0003928751754067279
RWS-E3-S5-C05-LR-D,E3,S5,S5-C05,LR,D,valid,achievement,0,0,,BowlStackingLeftOnRightTask,,lift_no_goal,0,1,0,0.13681605046632667
RWS-E3-S5-C05-LR-I,E3,S5,S5-C05,LR,I,valid,achievement,0,0,,BowlStackingLeftOnRightTask,,lift_no_goal,0,1,0,0.2160428773144299
RWS-E3-S5-C05-LR-S,E3,S5,S5-C05,LR,S,valid,achievement,0,0,,BowlStackingLeftOnRightTask,,lift_no_goal,0,2,0,0.23146346189656716
RWS-E3-S5-C05-RL-D,E3,S5,S5-C05,RL,D,valid,achievement,0,0,,BowlStackingRightOnLeftTask,,lift_no_goal,0,2,0,0.2359189297427022
RWS-E3-S5-C05-RL-I,E3,S5,S5-C05,RL,I,valid,achievement,0,0,,BowlStackingRightOnLeftTask,,contact_no_lift,0,2,0,0.03988340559618897
RWS-E3-S5-C05-RL-S,E3,S5,S5-C05,RL,S,valid,achievement,0,0,,BowlStackingRightOnLeftTask,,no_mover_contact,0,2,0,0.0006056895040690182
RWS-E3-S5-C06-LR-D,E3,S5,S5-C06,LR,D,valid,achievement,0,0,,BowlStackingLeftOnRightTask,,lift_no_goal,0,2,0,0.08294890937476261
RWS-E3-S5-C06-LR-I,E3,S5,S5-C06,LR,I,valid,achievement,0,0,,BowlStackingLeftOnRightTask,,no_mover_contact,0,2,0,0.0007403823923374667
RWS-E3-S5-C06-LR-S,E3,S5,S5-C06,LR,S,valid,achievement,0,0,,BowlStackingLeftOnRightTask,,lift_no_goal,0,2,0,0.15753257653234629
RWS-E3-S5-C06-RL-D,E3,S5,S5-C06,RL,D,valid,achievement,0,0,,BowlStackingRightOnLeftTask,,no_mover_contact,0,2,0,0.00010967495427518907
RWS-E3-S5-C06-RL-I,E3,S5,S5-C06,RL,I,valid,achievement,0,0,,BowlStackingRightOnLeftTask,,contact_no_lift,0,2,0,0.022268017721888855
RWS-E3-S5-C06-RL-S,E3,S5,S5-C06,RL,S,valid,achievement,0,0,,BowlStackingRightOnLeftTask,,no_mover_contact,0,2,0,9.863107749879884e-05
RWS-E3-S5-C07-LR-D,E3,S5,S5-C07,LR,D,valid,achievement,0,0,,BowlStackingLeftOnRightTask,,lift_no_goal,0,1,0,0.212565587618808
RWS-E3-S5-C07-LR-I,E3,S5,S5-C07,LR,I,valid,achievement,0,0,,BowlStackingLeftOnRightTask,,contact_no_lift,0,2,0,0.12959805162908236
RWS-E3-S5-C07-LR-S,E3,S5,S5-C07,LR,S,valid,achievement,0,0,,BowlStackingLeftOnRightTask,,lift_no_goal,0,2,0,0.17648066062982834
RWS-E3-S5-C07-RL-D,E3,S5,S5-C07,RL,D,valid,achievement,1,0,13.799999999999999,BowlStackingRightOnLeftTask,13.799999999999999,stable,0,2,0,0.1876730465174079
RWS-E3-S5-C07-RL-I,E3,S5,S5-C07,RL,I,valid,achievement,0,0,,BowlStackingRightOnLeftTask,,contact_no_lift,0,1,0,0.005296881632010902
RWS-E3-S5-C07-RL-S,E3,S5,S5-C07,RL,S,valid,achievement,0,0,,BowlStackingRightOnLeftTask,,lift_no_goal,0,1,0,0.20733700469312036
RWS-E3-S5-C08-LR-D,E3,S5,S5-C08,LR,D,valid,achievement,0,0,18.733333333333334,BowlStackingLeftOnRightTask,18.733333333333334,goal_unstable,0,2,0,0.20086650756921479
RWS-E3-S5-C08-LR-I,E3,S5,S5-C08,LR,I,valid,achievement,0,0,,BowlStackingLeftOnRightTask,,lift_no_goal,0,2,0,0.04478100978949672
RWS-E3-S5-C08-LR-S,E3,S5,S5-C08,LR,S,valid,achievement,0,0,,BowlStackingLeftOnRightTask,,lift_no_goal,0,2,0,0.13894771283423007
RWS-E3-S5-C08-RL-D,E3,S5,S5-C08,RL,D,valid,achievement,0,0,,BowlStackingRightOnLeftTask,,contact_no_lift,0,2,0,0.005404352753231987
RWS-E3-S5-C08-RL-I,E3,S5,S5-C08,RL,I,valid,achievement,0,0,,BowlStackingRightOnLeftTask,,no_mover_contact,1,2,0,0.0008852927226534543
RWS-E3-S5-C08-RL-S,E3,S5,S5-C08,RL,S,valid,achievement,0,0,,BowlStackingRightOnLeftTask,,no_mover_contact,0,2,0,0.00012976154607429393
RWS-F3-S1-C01-B-D,F3,S1,S1-C01,B,D,valid,achievement,0,0,,RubiksCubeBehindBowlTask,,lift_no_goal,0,1,0,0.04856883606964524
RWS-F3-S1-C01-B-I,F3,S1,S1-C01,B,I,valid,achievement,0,0,,RubiksCubeBehindBowlTask,,no_mover_contact,0,1,0,0.000930160202520671
RWS-F3-S1-C01-B-S,F3,S1,S1-C01,B,S,valid,achievement,0,0,,RubiksCubeBehindBowlTask,,lift_no_goal,0,1,0,0.21082823414217225
RWS-F3-S1-C01-F-D,F3,S1,S1-C01,F,D,valid,achievement,0,0,,RubiksCubeInFrontOfBowlTask,,lift_no_goal,0,1,0,0.053039003470653594
RWS-F3-S1-C01-F-I,F3,S1,S1-C01,F,I,valid,achievement,0,0,,RubiksCubeInFrontOfBowlTask,,lift_no_goal,1,2,0,0.15578475037348416
RWS-F3-S1-C01-F-S,F3,S1,S1-C01,F,S,valid,achievement,0,0,,RubiksCubeInFrontOfBowlTask,,lift_no_goal,0,1,0,0.033654443414872434
RWS-F3-S1-C01-L-D,F3,S1,S1-C01,L,D,valid,achievement,0,0,16.933333333333334,RubiksCubeLeftOfBowlTask,16.933333333333334,goal_unstable,0,1,0,0.39102030722140957
RWS-F3-S1-C01-L-I,F3,S1,S1-C01,L,I,valid,achievement,0,0,,RubiksCubeLeftOfBowlTask,,no_mover_contact,0,1,0,0.001209276155705423
RWS-F3-S1-C01-L-S,F3,S1,S1-C01,L,S,valid,achievement,0,0,,RubiksCubeLeftOfBowlTask,,lift_no_goal,0,1,0,0.07503642374867213
RWS-F3-S1-C01-R-D,F3,S1,S1-C01,R,D,valid,maintenance,1,0,0.0,,,stable,0,1,0,0.08065057844763086
RWS-F3-S1-C01-R-I,F3,S1,S1-C01,R,I,valid,achievement,1,1,0.06666666666666667,,,stable,0,2,0,0.10971108533986546
RWS-F3-S1-C01-R-S,F3,S1,S1-C01,R,S,valid,achievement,1,0,0.06666666666666667,,,stable,0,1,0,0.029098747667435237
RWS-F3-S1-C02-B-D,F3,S1,S1-C02,B,D,valid,achievement,0,0,,RubiksCubeBehindBowlTask,,lift_no_goal,0,1,0,0.040895724577366545
RWS-F3-S1-C02-B-I,F3,S1,S1-C02,B,I,valid,achievement,0,0,13.133333333333333,RubiksCubeBehindBowlTask,13.133333333333333,goal_unstable,1,2,0,0.02576007813372926
RWS-F3-S1-C02-B-S,F3,S1,S1-C02,B,S,valid,achievement,0,0,,RubiksCubeBehindBowlTask,,lift_no_goal,0,1,0,0.13339167467895927
RWS-F3-S1-C02-F-D,F3,S1,S1-C02,F,D,valid,achievement,0,0,,RubiksCubeInFrontOfBowlTask,,lift_no_goal,0,1,0,0.0006133103042522467
RWS-F3-S1-C02-F-I,F3,S1,S1-C02,F,I,valid,achievement,0,0,,RubiksCubeInFrontOfBowlTask,,lift_no_goal,0,1,0,0.03689846660636515
RWS-F3-S1-C02-F-S,F3,S1,S1-C02,F,S,valid,achievement,0,0,,RubiksCubeInFrontOfBowlTask,,lift_no_goal,0,1,0,0.026333293796608467
RWS-F3-S1-C02-L-D,F3,S1,S1-C02,L,D,valid,achievement,0,0,,RubiksCubeLeftOfBowlTask,,lift_no_goal,0,1,0,0.2767795995876877
RWS-F3-S1-C02-L-I,F3,S1,S1-C02,L,I,valid,achievement,1,1,14.666666666666666,RubiksCubeLeftOfBowlTask,14.666666666666666,stable,0,1,0,0.011863996262393716
RWS-F3-S1-C02-L-S,F3,S1,S1-C02,L,S,valid,achievement,0,0,,RubiksCubeLeftOfBowlTask,,lift_no_goal,0,1,0,0.21052116230931237
RWS-F3-S1-C02-R-D,F3,S1,S1-C02,R,D,valid,maintenance,1,0,0.0,,,stable,0,1,0,0.03838433396372797
RWS-F3-S1-C02-R-I,F3,S1,S1-C02,R,I,valid,maintenance,1,1,0.0,,,stable,0,1,0,0.029473686497945448
RWS-F3-S1-C02-R-S,F3,S1,S1-C02,R,S,valid,maintenance,1,0,0.0,,,stable,0,1,0,0.06457957177786144
RWS-F3-S1-C03-B-D,F3,S1,S1-C03,B,D,valid,achievement,0,0,,RubiksCubeBehindBowlTask,,lift_no_goal,0,1,0,0.18583409755321212
RWS-F3-S1-C03-B-I,F3,S1,S1-C03,B,I,valid,achievement,0,0,27.4,RubiksCubeBehindBowlTask,27.4,goal_unstable,1,2,0,0.08111940555743859
RWS-F3-S1-C03-B-S,F3,S1,S1-C03,B,S,valid,achievement,0,0,,RubiksCubeBehindBowlTask,,lift_no_goal,0,1,0,0.26452157679300453
RWS-F3-S1-C03-F-D,F3,S1,S1-C03,F,D,valid,achievement,0,0,,RubiksCubeInFrontOfBowlTask,,lift_no_goal,0,1,0,0.04750916986178509
RWS-F3-S1-C03-F-I,F3,S1,S1-C03,F,I,valid,achievement,0,0,,RubiksCubeInFrontOfBowlTask,,lift_no_goal,0,1,0,0.05571419941198969
RWS-F3-S1-C03-F-S,F3,S1,S1-C03,F,S,valid,achievement,0,0,,RubiksCubeInFrontOfBowlTask,,lift_no_goal,0,1,0,0.016536229559889832
RWS-F3-S1-C03-L-D,F3,S1,S1-C03,L,D,valid,achievement,0,0,,RubiksCubeLeftOfBowlTask,,lift_no_goal,0,1,0,0.0016777084810605794
RWS-F3-S1-C03-L-I,F3,S1,S1-C03,L,I,valid,achievement,0,0,,RubiksCubeLeftOfBowlTask,,no_mover_contact,0,1,0,0.0006185316404475412
RWS-F3-S1-C03-L-S,F3,S1,S1-C03,L,S,valid,achievement,0,0,,RubiksCubeLeftOfBowlTask,,lift_no_goal,0,1,0,0.09279900280088853
RWS-F3-S1-C03-R-D,F3,S1,S1-C03,R,D,valid,maintenance,1,1,0.0,,,stable,0,1,0,0.0962541559297867
RWS-F3-S1-C03-R-I,F3,S1,S1-C03,R,I,valid,maintenance,1,1,0.0,,,stable,0,2,0,0.05308518653250987
RWS-F3-S1-C03-R-S,F3,S1,S1-C03,R,S,valid,maintenance,1,1,0.0,,,stable,0,1,0,0.06587543052842049
RWS-F3-S1-C04-B-D,F3,S1,S1-C04,B,D,valid,achievement,1,0,26.8,RubiksCubeBehindBowlTask,26.8,stable,0,1,0,0.21729015647340397
RWS-F3-S1-C04-B-I,F3,S1,S1-C04,B,I,valid,achievement,0,0,,RubiksCubeBehindBowlTask,,contact_no_lift,0,1,0,7.25886938501513e-07
RWS-F3-S1-C04-B-S,F3,S1,S1-C04,B,S,valid,achievement,1,0,17.2,RubiksCubeBehindBowlTask,17.2,stable,0,1,0,0.10821944581099935
RWS-F3-S1-C04-F-D,F3,S1,S1-C04,F,D,valid,achievement,0,0,,RubiksCubeInFrontOfBowlTask,,lift_no_goal,0,1,0,0.0776484129794773
RWS-F3-S1-C04-F-I,F3,S1,S1-C04,F,I,valid,achievement,0,0,,RubiksCubeInFrontOfBowlTask,,lift_no_goal,0,1,0,0.3271825295580162
RWS-F3-S1-C04-F-S,F3,S1,S1-C04,F,S,valid,achievement,0,0,,RubiksCubeInFrontOfBowlTask,,lift_no_goal,0,1,0,0.06774285643622424
RWS-F3-S1-C04-L-D,F3,S1,S1-C04,L,D,valid,achievement,0,0,,RubiksCubeLeftOfBowlTask,,lift_no_goal,0,1,0,0.41764610218046966
RWS-F3-S1-C04-L-I,F3,S1,S1-C04,L,I,valid,achievement,1,0,8.133333333333333,RubiksCubeLeftOfBowlTask,8.133333333333333,stable,0,1,0,0.0031221233800331426
RWS-F3-S1-C04-L-S,F3,S1,S1-C04,L,S,valid,achievement,0,0,,RubiksCubeLeftOfBowlTask,,lift_no_goal,0,1,0,0.03218992231878333
RWS-F3-S1-C04-R-D,F3,S1,S1-C04,R,D,valid,maintenance,1,0,0.0,,,stable,0,1,0,0.13321199567742528
RWS-F3-S1-C04-R-I,F3,S1,S1-C04,R,I,valid,achievement,1,1,0.06666666666666667,,,stable,0,1,0,0.035782795307052896
RWS-F3-S1-C04-R-S,F3,S1,S1-C04,R,S,valid,maintenance,1,0,0.0,,,stable,0,1,0,0.06816448326681573
RWS-F3-S1-C05-B-D,F3,S1,S1-C05,B,D,valid,achievement,1,0,25.133333333333333,RubiksCubeBehindBowlTask,25.133333333333333,stable,0,1,0,0.23807423401983877
RWS-F3-S1-C05-B-I,F3,S1,S1-C05,B,I,valid,achievement,0,0,,RubiksCubeBehindBowlTask,,no_mover_contact,1,2,0,0.005576813152814137
RWS-F3-S1-C05-B-S,F3,S1,S1-C05,B,S,valid,achievement,0,0,,RubiksCubeBehindBowlTask,,lift_no_goal,0,1,0,0.11974808309845932
RWS-F3-S1-C05-F-D,F3,S1,S1-C05,F,D,valid,achievement,0,0,,RubiksCubeInFrontOfBowlTask,,lift_no_goal,0,2,0,0.08631992493207549
RWS-F3-S1-C05-F-I,F3,S1,S1-C05,F,I,valid,achievement,0,0,,RubiksCubeInFrontOfBowlTask,,no_mover_contact,0,2,0,0.00240335873292592
RWS-F3-S1-C05-F-S,F3,S1,S1-C05,F,S,valid,achievement,0,0,,RubiksCubeInFrontOfBowlTask,,lift_no_goal,0,2,0,0.08101651848827603
RWS-F3-S1-C05-L-D,F3,S1,S1-C05,L,D,valid,achievement,0,0,,RubiksCubeLeftOfBowlTask,,lift_no_goal,1,2,0,0.19075349128570376
RWS-F3-S1-C05-L-I,F3,S1,S1-C05,L,I,valid,achievement,0,0,,RubiksCubeLeftOfBowlTask,,no_mover_contact,1,2,0,0.004147310089096157
RWS-F3-S1-C05-L-S,F3,S1,S1-C05,L,S,valid,achievement,0,0,,RubiksCubeLeftOfBowlTask,,lift_no_goal,0,2,0,0.04364030965965741
RWS-F3-S1-C05-R-D,F3,S1,S1-C05,R,D,valid,maintenance,1,0,0.0,,,stable,0,1,0,0.06742831694353034
RWS-F3-S1-C05-R-I,F3,S1,S1-C05,R,I,valid,maintenance,1,1,0.0,,,stable,0,2,0,0.033968314824387925
RWS-F3-S1-C05-R-S,F3,S1,S1-C05,R,S,valid,maintenance,1,1,0.0,,,stable,0,1,0,0.060834520436367744
RWS-F3-S1-C06-B-D,F3,S1,S1-C06,B,D,valid,achievement,0,0,,RubiksCubeBehindBowlTask,,lift_no_goal,0,2,0,0.0431173975118789
RWS-F3-S1-C06-B-I,F3,S1,S1-C06,B,I,valid,achievement,0,0,,RubiksCubeBehindBowlTask,,lift_no_goal,0,1,0,0.007519804803983493
RWS-F3-S1-C06-B-S,F3,S1,S1-C06,B,S,valid,achievement,0,0,,RubiksCubeBehindBowlTask,,lift_no_goal,1,2,0,0.034705429032310484
RWS-F3-S1-C06-F-D,F3,S1,S1-C06,F,D,valid,achievement,0,0,,RubiksCubeInFrontOfBowlTask,,lift_no_goal,0,2,0,0.09412564046111083
RWS-F3-S1-C06-F-I,F3,S1,S1-C06,F,I,valid,achievement,0,0,,RubiksCubeInFrontOfBowlTask,,lift_no_goal,0,2,0,0.10608374002945942
RWS-F3-S1-C06-F-S,F3,S1,S1-C06,F,S,valid,achievement,0,0,,RubiksCubeInFrontOfBowlTask,,lift_no_goal,0,2,0,0.0473673271633293
RWS-F3-S1-C06-L-D,F3,S1,S1-C06,L,D,valid,achievement,1,0,8.866666666666667,RubiksCubeLeftOfBowlTask,8.866666666666667,stable,0,2,0,0.3037407493310033
RWS-F3-S1-C06-L-I,F3,S1,S1-C06,L,I,valid,achievement,0,0,,RubiksCubeLeftOfBowlTask,,no_mover_contact,1,2,0,0.02035474331800961
RWS-F3-S1-C06-L-S,F3,S1,S1-C06,L,S,valid,achievement,0,0,,RubiksCubeLeftOfBowlTask,,lift_no_goal,0,2,0,0.3313066086940452
RWS-F3-S1-C06-R-D,F3,S1,S1-C06,R,D,valid,maintenance,1,1,0.0,,,stable,0,2,0,0.1575684476859931
RWS-F3-S1-C06-R-I,F3,S1,S1-C06,R,I,valid,achievement,1,1,0.06666666666666667,,,stable,0,2,0,0.03848834614629135
RWS-F3-S1-C06-R-S,F3,S1,S1-C06,R,S,valid,maintenance,1,0,0.0,,,stable,0,2,0,0.16654348356901846
RWS-F3-S1-C07-B-D,F3,S1,S1-C07,B,D,valid,achievement,0,0,,RubiksCubeBehindBowlTask,,lift_no_goal,0,1,0,0.1454003161498803
RWS-F3-S1-C07-B-I,F3,S1,S1-C07,B,I,valid,achievement,0,0,,RubiksCubeBehindBowlTask,,no_mover_contact,1,2,0,2.425390009045224e-06
RWS-F3-S1-C07-B-S,F3,S1,S1-C07,B,S,valid,achievement,0,0,,RubiksCubeBehindBowlTask,,lift_no_goal,1,2,0,0.17453748754295206
RWS-F3-S1-C07-F-D,F3,S1,S1-C07,F,D,valid,achievement,0,0,,RubiksCubeInFrontOfBowlTask,,lift_no_goal,1,2,0,0.05117826694803381
RWS-F3-S1-C07-F-I,F3,S1,S1-C07,F,I,valid,achievement,0,0,,RubiksCubeInFrontOfBowlTask,,lift_no_goal,1,2,0,0.029824268064862172
RWS-F3-S1-C07-F-S,F3,S1,S1-C07,F,S,valid,achievement,0,0,,RubiksCubeInFrontOfBowlTask,,lift_no_goal,1,2,0,0.06529151594772867
RWS-F3-S1-C07-L-D,F3,S1,S1-C07,L,D,valid,achievement,0,0,,RubiksCubeLeftOfBowlTask,,lift_no_goal,0,1,0,0.21965226818019437
RWS-F3-S1-C07-L-I,F3,S1,S1-C07,L,I,valid,achievement,1,1,8.533333333333333,RubiksCubeLeftOfBowlTask,8.533333333333333,stable,0,2,0,4.616120234870606e-06
RWS-F3-S1-C07-L-S,F3,S1,S1-C07,L,S,valid,achievement,0,0,,RubiksCubeLeftOfBowlTask,,lift_no_goal,1,2,0,0.15039764693484164
RWS-F3-S1-C07-R-D,F3,S1,S1-C07,R,D,valid,maintenance,1,0,0.0,,,stable,0,2,0,0.04468220863511207
RWS-F3-S1-C07-R-I,F3,S1,S1-C07,R,I,valid,maintenance,1,1,0.0,,,stable,0,2,0,0.053847228186071905
RWS-F3-S1-C07-R-S,F3,S1,S1-C07,R,S,valid,maintenance,1,0,0.0,,,stable,0,2,0,0.04691819663141242
RWS-F3-S1-C08-B-D,F3,S1,S1-C08,B,D,valid,achievement,0,0,,RubiksCubeBehindBowlTask,,lift_no_goal,0,2,0,0.12898853877823313
RWS-F3-S1-C08-B-I,F3,S1,S1-C08,B,I,valid,achievement,0,0,,RubiksCubeBehindBowlTask,,no_mover_contact,0,1,0,3.7783259852732855e-06
RWS-F3-S1-C08-B-S,F3,S1,S1-C08,B,S,valid,achievement,0,0,,RubiksCubeBehindBowlTask,,lift_no_goal,0,2,0,0.16223924357798689
RWS-F3-S1-C08-F-D,F3,S1,S1-C08,F,D,valid,achievement,0,0,,RubiksCubeInFrontOfBowlTask,,lift_no_goal,0,2,0,0.052616784602530386
RWS-F3-S1-C08-F-I,F3,S1,S1-C08,F,I,valid,achievement,0,0,,RubiksCubeInFrontOfBowlTask,,no_mover_contact,0,2,0,0.0073977992496995215
RWS-F3-S1-C08-F-S,F3,S1,S1-C08,F,S,valid,achievement,0,0,,RubiksCubeInFrontOfBowlTask,,lift_no_goal,0,2,0,0.08123516062610105
RWS-F3-S1-C08-L-D,F3,S1,S1-C08,L,D,valid,achievement,0,0,,RubiksCubeLeftOfBowlTask,,lift_no_goal,1,2,0,0.23540265529563761
RWS-F3-S1-C08-L-I,F3,S1,S1-C08,L,I,valid,achievement,1,1,8.266666666666666,RubiksCubeLeftOfBowlTask,8.266666666666666,stable,1,2,0,0.0068155277458451565
RWS-F3-S1-C08-L-S,F3,S1,S1-C08,L,S,valid,achievement,0,0,,RubiksCubeLeftOfBowlTask,,lift_no_goal,1,2,0,0.1533868920097389
RWS-F3-S1-C08-R-D,F3,S1,S1-C08,R,D,valid,maintenance,1,0,0.0,,,stable,0,2,0,0.13552382842308086
RWS-F3-S1-C08-R-I,F3,S1,S1-C08,R,I,valid,achievement,1,1,0.06666666666666667,,,stable,0,2,0,0.07064938159556339
RWS-F3-S1-C08-R-S,F3,S1,S1-C08,R,S,valid,maintenance,1,0,0.0,,,stable,0,2,0,0.07406612223077444
RWS-F3-S3-C01-L-D,F3,S3,S3-C01,L,D,valid,achievement,0,0,,,,lift_no_goal,0,1,0,0.1603908891493444
RWS-F3-S3-C01-L-I,F3,S3,S3-C01,L,I,valid,achievement,0,0,,,,contact_no_lift,0,1,0,0.22809301044722052
RWS-F3-S3-C01-L-S,F3,S3,S3-C01,L,S,valid,achievement,0,0,,,,lift_no_goal,0,1,0,0.32006494801525176
RWS-F3-S3-C01-R-D,F3,S3,S3-C01,R,D,valid,achievement,1,0,0.06666666666666667,,,stable,0,2,0,8.316994884927304e-06
RWS-F3-S3-C01-R-I,F3,S3,S3-C01,R,I,valid,maintenance,1,0,0.0,,,stable,0,2,0,0.2953326544431746
RWS-F3-S3-C01-R-S,F3,S3,S3-C01,R,S,valid,maintenance,1,1,0.0,,,stable,0,2,0,0.30756322861190993
RWS-F3-S3-C01-TOP-D,F3,S3,S3-C01,TOP,D,valid,achievement,0,0,,ButterAboveRaisinTask,,lift_no_goal,0,1,0,0.2621906595032411
RWS-F3-S3-C01-TOP-I,F3,S3,S3-C01,TOP,I,valid,achievement,0,0,,ButterAboveRaisinTask,,contact_no_lift,1,2,0,0.0257108817978384
RWS-F3-S3-C01-TOP-S,F3,S3,S3-C01,TOP,S,valid,achievement,0,0,,ButterAboveRaisinTask,,lift_no_goal,1,2,0,0.2550819182421928
RWS-F3-S3-C02-L-D,F3,S3,S3-C02,L,D,valid,achievement,0,0,,,,lift_no_goal,0,1,0,0.2711271435002713
RWS-F3-S3-C02-L-I,F3,S3,S3-C02,L,I,valid,achievement,0,0,,,,contact_no_lift,0,2,0,0.023819991096258
RWS-F3-S3-C02-L-S,F3,S3,S3-C02,L,S,valid,achievement,0,0,,,,lift_no_goal,0,2,0,0.5692068161310845
RWS-F3-S3-C02-R-D,F3,S3,S3-C02,R,D,valid,maintenance,1,1,0.0,,,stable,0,2,0,0.0019533895132695612
RWS-F3-S3-C02-R-I,F3,S3,S3-C02,R,I,valid,maintenance,1,0,0.0,,,stable,0,2,0,0.17530569904044244
RWS-F3-S3-C02-R-S,F3,S3,S3-C02,R,S,valid,achievement,1,1,0.06666666666666667,,,stable,0,1,0,0.06980496851376457
RWS-F3-S3-C02-TOP-D,F3,S3,S3-C02,TOP,D,valid,achievement,0,0,,ButterAboveRaisinTask,,lift_no_goal,0,2,0,0.2605524881860494
RWS-F3-S3-C02-TOP-I,F3,S3,S3-C02,TOP,I,valid,achievement,0,0,,ButterAboveRaisinTask,,lift_no_goal,0,2,0,0.5934059190047777
RWS-F3-S3-C02-TOP-S,F3,S3,S3-C02,TOP,S,valid,achievement,0,0,,ButterAboveRaisinTask,,lift_no_goal,0,2,0,0.2568110513146393
RWS-F3-S3-C03-L-D,F3,S3,S3-C03,L,D,valid,achievement,0,0,,,,lift_no_goal,0,1,0,0.18691105355136717
RWS-F3-S3-C03-L-I,F3,S3,S3-C03,L,I,valid,achievement,0,0,,,,lift_no_goal,0,1,0,0.16930802637584308
RWS-F3-S3-C03-L-S,F3,S3,S3-C03,L,S,valid,achievement,0,0,,,,lift_no_goal,0,1,0,0.27348383321692565
RWS-F3-S3-C03-R-D,F3,S3,S3-C03,R,D,valid,maintenance,1,1,0.0,,,stable,0,1,0,3.586358940071558e-05
RWS-F3-S3-C03-R-I,F3,S3,S3-C03,R,I,valid,maintenance,1,1,0.0,,,stable,0,1,0,0.15035875942529106
RWS-F3-S3-C03-R-S,F3,S3,S3-C03,R,S,valid,maintenance,1,1,0.0,,,stable,0,1,0,0.241344008650842
RWS-F3-S3-C03-TOP-D,F3,S3,S3-C03,TOP,D,valid,achievement,1,1,11.8,ButterAboveRaisinTask,11.8,stable,0,1,0,0.2366844253963673
RWS-F3-S3-C03-TOP-I,F3,S3,S3-C03,TOP,I,valid,achievement,0,0,,ButterAboveRaisinTask,,lift_no_goal,0,1,0,0.32875065269224096
RWS-F3-S3-C03-TOP-S,F3,S3,S3-C03,TOP,S,valid,achievement,0,0,8.333333333333334,ButterAboveRaisinTask,8.333333333333334,goal_unstable,0,1,0,0.1550522434516341
RWS-F3-S3-C04-L-D,F3,S3,S3-C04,L,D,valid,achievement,0,0,,,,lift_no_goal,0,1,0,0.24366749515674757
RWS-F3-S3-C04-L-I,F3,S3,S3-C04,L,I,valid,achievement,0,0,,,,no_mover_contact,0,2,0,0.04599319532251983
RWS-F3-S3-C04-L-S,F3,S3,S3-C04,L,S,valid,achievement,0,0,,,,lift_no_goal,0,1,0,0.22006033125039526
RWS-F3-S3-C04-R-D,F3,S3,S3-C04,R,D,valid,maintenance,1,1,0.0,,,stable,0,2,0,0.3019936947427738
RWS-F3-S3-C04-R-I,F3,S3,S3-C04,R,I,valid,maintenance,1,0,0.0,,,stable,0,1,0,0.126903817232734
RWS-F3-S3-C04-R-S,F3,S3,S3-C04,R,S,valid,maintenance,1,1,0.0,,,stable,0,2,0,0.00029223765334855667
RWS-F3-S3-C04-TOP-D,F3,S3,S3-C04,TOP,D,valid,achievement,0,0,11.8,ButterAboveRaisinTask,11.8,goal_unstable,0,1,0,0.18988016500159943
RWS-F3-S3-C04-TOP-I,F3,S3,S3-C04,TOP,I,valid,achievement,0,0,,ButterAboveRaisinTask,,contact_no_lift,0,2,0,0.09187362513596295
RWS-F3-S3-C04-TOP-S,F3,S3,S3-C04,TOP,S,valid,achievement,0,0,36.2,ButterAboveRaisinTask,36.2,goal_unstable,0,1,0,0.308658783125344
RWS-F3-S3-C05-L-D,F3,S3,S3-C05,L,D,valid,achievement,0,0,,,,lift_no_goal,0,2,0,0.11506740180899495
RWS-F3-S3-C05-L-I,F3,S3,S3-C05,L,I,valid,achievement,0,0,,,,no_mover_contact,0,2,0,0.04165229827530829
RWS-F3-S3-C05-L-S,F3,S3,S3-C05,L,S,valid,achievement,0,0,,,,lift_no_goal,0,2,0,0.19184772552262266
RWS-F3-S3-C05-R-D,F3,S3,S3-C05,R,D,valid,achievement,1,0,0.06666666666666667,,,stable,0,2,0,0.09568902596752338
RWS-F3-S3-C05-R-I,F3,S3,S3-C05,R,I,valid,maintenance,1,0,0.0,,,stable,0,2,0,0.7021547284498756
RWS-F3-S3-C05-R-S,F3,S3,S3-C05,R,S,valid,maintenance,1,0,0.0,,,stable,1,2,0,0.06602668856318981
RWS-F3-S3-C05-TOP-D,F3,S3,S3-C05,TOP,D,valid,achievement,0,0,,ButterAboveRaisinTask,,lift_no_goal,1,2,0,0.2959696642521062
RWS-F3-S3-C05-TOP-I,F3,S3,S3-C05,TOP,I,valid,achievement,0,0,29.866666666666667,ButterAboveRaisinTask,29.866666666666667,goal_unstable,0,2,0,0.7182369647115859
RWS-F3-S3-C05-TOP-S,F3,S3,S3-C05,TOP,S,valid,achievement,0,0,,ButterAboveRaisinTask,,lift_no_goal,0,2,0,0.2559539933945711
RWS-F3-S3-C06-L-D,F3,S3,S3-C06,L,D,valid,achievement,0,0,,,,lift_no_goal,0,1,0,0.13906303951021448
RWS-F3-S3-C06-L-I,F3,S3,S3-C06,L,I,valid,achievement,0,0,,,,lift_no_goal,0,1,0,0.17727759775718238
RWS-F3-S3-C06-L-S,F3,S3,S3-C06,L,S,valid,achievement,0,0,,,,lift_no_goal,0,1,0,0.03522449834447936
RWS-F3-S3-C06-R-D,F3,S3,S3-C06,R,D,valid,maintenance,1,0,0.0,,,stable,0,2,0,0.2149704957453905
RWS-F3-S3-C06-R-I,F3,S3,S3-C06,R,I,valid,maintenance,1,1,0.0,,,stable,0,1,0,0.1745774902262752
RWS-F3-S3-C06-R-S,F3,S3,S3-C06,R,S,valid,maintenance,1,1,0.0,,,stable,0,1,0,0.2788499024118169
RWS-F3-S3-C06-TOP-D,F3,S3,S3-C06,TOP,D,valid,achievement,0,0,,ButterAboveRaisinTask,,lift_no_goal,0,1,0,0.2743050068186769
RWS-F3-S3-C06-TOP-I,F3,S3,S3-C06,TOP,I,valid,achievement,0,0,,ButterAboveRaisinTask,,lift_no_goal,0,1,0,0.17017833656636952
RWS-F3-S3-C06-TOP-S,F3,S3,S3-C06,TOP,S,valid,achievement,0,0,,ButterAboveRaisinTask,,lift_no_goal,0,1,0,0.16448710045691323
RWS-F3-S3-C07-L-D,F3,S3,S3-C07,L,D,valid,achievement,0,0,,,,lift_no_goal,0,1,0,0.19601485602615504
RWS-F3-S3-C07-L-I,F3,S3,S3-C07,L,I,valid,achievement,0,0,,,,lift_no_goal,0,1,0,0.19274491685632372
RWS-F3-S3-C07-L-S,F3,S3,S3-C07,L,S,valid,achievement,0,0,,,,lift_no_goal,0,1,0,0.1763768714724466
RWS-F3-S3-C07-R-D,F3,S3,S3-C07,R,D,valid,achievement,1,1,0.06666666666666667,,,stable,0,2,0,0.1659423561043177
RWS-F3-S3-C07-R-I,F3,S3,S3-C07,R,I,valid,maintenance,1,0,0.0,,,stable,0,2,0,0.2742402098106917
RWS-F3-S3-C07-R-S,F3,S3,S3-C07,R,S,valid,achievement,1,0,0.06666666666666667,,,stable,0,1,0,0.3850561632196338
RWS-F3-S3-C07-TOP-D,F3,S3,S3-C07,TOP,D,valid,achievement,1,1,9.2,ButterAboveRaisinTask,9.2,stable,0,1,0,0.19012220464779975
RWS-F3-S3-C07-TOP-I,F3,S3,S3-C07,TOP,I,valid,achievement,0,0,,ButterAboveRaisinTask,,lift_no_goal,0,2,0,0.20314711879498368
RWS-F3-S3-C07-TOP-S,F3,S3,S3-C07,TOP,S,valid,achievement,0,0,,ButterAboveRaisinTask,,lift_no_goal,0,1,0,0.16054039974253156
RWS-F3-S3-C08-L-D,F3,S3,S3-C08,L,D,valid,achievement,0,0,,,,lift_no_goal,0,2,0,0.2899569917942782
RWS-F3-S3-C08-L-I,F3,S3,S3-C08,L,I,valid,achievement,0,0,,,,no_mover_contact,0,1,0,0.10293913033667323
RWS-F3-S3-C08-L-S,F3,S3,S3-C08,L,S,valid,achievement,0,0,,,,lift_no_goal,0,1,0,0.17562982259296084
RWS-F3-S3-C08-R-D,F3,S3,S3-C08,R,D,valid,maintenance,1,0,0.0,,,stable,0,2,0,0.30789288278146004
RWS-F3-S3-C08-R-I,F3,S3,S3-C08,R,I,valid,achievement,1,1,0.06666666666666667,,,stable,0,1,0,0.21288753561556625
RWS-F3-S3-C08-R-S,F3,S3,S3-C08,R,S,valid,maintenance,1,1,0.0,,,stable,0,1,0,0.07377050347524401
RWS-F3-S3-C08-TOP-D,F3,S3,S3-C08,TOP,D,valid,achievement,0,0,,ButterAboveRaisinTask,,lift_no_goal,0,1,0,0.23630525079750528
RWS-F3-S3-C08-TOP-I,F3,S3,S3-C08,TOP,I,valid,achievement,0,0,,ButterAboveRaisinTask,,no_mover_contact,0,2,0,0.11309352577601585
RWS-F3-S3-C08-TOP-S,F3,S3,S3-C08,TOP,S,valid,achievement,0,0,,ButterAboveRaisinTask,,lift_no_goal,0,1,0,0.1818662573471131
RWS-F3-S4-C01-L-D,F3,S4,S4-C01,L,D,valid,maintenance,1,0,0.0,,,stable,0,2,0,0.2166957694099483
RWS-F3-S4-C01-L-I,F3,S4,S4-C01,L,I,valid,maintenance,1,0,0.0,,,stable,0,1,0,0.01980425748260839
RWS-F3-S4-C01-L-S,F3,S4,S4-C01,L,S,valid,maintenance,1,1,0.0,,,stable,0,1,0,0.022792654175800748
RWS-F3-S4-C01-R-D,F3,S4,S4-C01,R,D,valid,achievement,1,1,18.8,,,stable,0,1,0,0.32565862456357214
RWS-F3-S4-C01-R-I,F3,S4,S4-C01,R,I,valid,achievement,0,0,,,,contact_no_lift,1,2,0,0.07842678591278619
RWS-F3-S4-C01-R-S,F3,S4,S4-C01,R,S,valid,achievement,1,0,9.333333333333334,,,stable,0,1,0,0.3190145116654702
RWS-F3-S4-C01-TOP-D,F3,S4,S4-C01,TOP,D,valid,achievement,1,1,8.266666666666666,MustardAboveRaisinTask,8.266666666666666,stable,0,1,0,0.14330265383504426
RWS-F3-S4-C01-TOP-I,F3,S4,S4-C01,TOP,I,valid,achievement,1,0,8.333333333333334,MustardAboveRaisinTask,8.333333333333334,stable,0,1,0,0.13365501347981834
RWS-F3-S4-C01-TOP-S,F3,S4,S4-C01,TOP,S,valid,achievement,1,1,8.0,MustardAboveRaisinTask,8.0,stable,0,1,0,0.13319448556823787
RWS-F3-S4-C02-L-D,F3,S4,S4-C02,L,D,valid,maintenance,1,1,0.0,,,stable,0,1,0,0.0014333862272200154
RWS-F3-S4-C02-L-I,F3,S4,S4-C02,L,I,valid,maintenance,1,0,0.0,,,stable,0,1,0,0.3298168241846203
RWS-F3-S4-C02-L-S,F3,S4,S4-C02,L,S,valid,maintenance,1,1,0.0,,,stable,0,1,0,0.021387237727784607
RWS-F3-S4-C02-R-D,F3,S4,S4-C02,R,D,valid,achievement,1,1,8.2,,,stable,0,1,0,0.4286903597643393
RWS-F3-S4-C02-R-I,F3,S4,S4-C02,R,I,valid,achievement,1,0,12.266666666666666,,,stable,0,1,0,0.09416836311436823
RWS-F3-S4-C02-R-S,F3,S4,S4-C02,R,S,valid,achievement,1,0,9.4,,,stable,0,1,0,0.3438161109747113
RWS-F3-S4-C02-TOP-D,F3,S4,S4-C02,TOP,D,valid,achievement,0,0,,MustardAboveRaisinTask,,contact_no_lift,1,2,0,0.05564655015511182
RWS-F3-S4-C02-TOP-I,F3,S4,S4-C02,TOP,I,valid,achievement,1,0,13.933333333333334,MustardAboveRaisinTask,13.933333333333334,stable,0,1,0,0.12556041266330562
RWS-F3-S4-C02-TOP-S,F3,S4,S4-C02,TOP,S,valid,achievement,1,0,9.6,MustardAboveRaisinTask,9.6,stable,0,1,0,0.16810701765245867
RWS-F3-S4-C03-L-D,F3,S4,S4-C03,L,D,valid,maintenance,1,0,0.0,,,stable,0,1,0,0.07547989480268577
RWS-F3-S4-C03-L-I,F3,S4,S4-C03,L,I,valid,achievement,1,0,0.06666666666666667,,,stable,0,1,0,0.3304037405350329
RWS-F3-S4-C03-L-S,F3,S4,S4-C03,L,S,valid,maintenance,1,0,0.0,,,stable,0,1,0,0.22025593643748798
RWS-F3-S4-C03-R-D,F3,S4,S4-C03,R,D,valid,achievement,1,1,9.066666666666666,,,stable,0,1,0,0.270813943414199
RWS-F3-S4-C03-R-I,F3,S4,S4-C03,R,I,valid,achievement,0,0,,,,contact_no_lift,0,2,0,0.1963462627354652
RWS-F3-S4-C03-R-S,F3,S4,S4-C03,R,S,valid,achievement,1,1,9.533333333333333,,,stable,0,1,0,0.4108691116128675
RWS-F3-S4-C03-TOP-D,F3,S4,S4-C03,TOP,D,valid,achievement,1,0,8.866666666666667,MustardAboveRaisinTask,8.866666666666667,stable,0,1,0,0.22004673900545507
RWS-F3-S4-C03-TOP-I,F3,S4,S4-C03,TOP,I,valid,achievement,1,1,10.8,MustardAboveRaisinTask,10.8,stable,0,1,0,0.07662484560348451
RWS-F3-S4-C03-TOP-S,F3,S4,S4-C03,TOP,S,valid,achievement,0,0,10.333333333333334,MustardAboveRaisinTask,10.333333333333334,goal_unstable,0,1,0,0.1429919239719782
RWS-F3-S4-C04-L-D,F3,S4,S4-C04,L,D,valid,maintenance,1,1,0.0,,,stable,0,1,0,0.04003214749631856
RWS-F3-S4-C04-L-I,F3,S4,S4-C04,L,I,valid,maintenance,1,0,0.0,,,stable,0,2,0,0.058052577878206835
RWS-F3-S4-C04-L-S,F3,S4,S4-C04,L,S,valid,maintenance,1,1,0.0,,,stable,0,1,0,0.02566919982214855
RWS-F3-S4-C04-R-D,F3,S4,S4-C04,R,D,valid,achievement,1,1,9.066666666666666,,,stable,0,1,0,0.46670397106917916
RWS-F3-S4-C04-R-I,F3,S4,S4-C04,R,I,valid,achievement,0,0,,,,lift_no_goal,0,1,0,0.14907992701937237
RWS-F3-S4-C04-R-S,F3,S4,S4-C04,R,S,valid,achievement,1,1,10.066666666666666,,,stable,0,1,0,0.38295537071011426
RWS-F3-S4-C04-TOP-D,F3,S4,S4-C04,TOP,D,valid,achievement,1,0,11.866666666666667,MustardAboveRaisinTask,11.866666666666667,stable,0,1,0,0.13123614099869307
RWS-F3-S4-C04-TOP-I,F3,S4,S4-C04,TOP,I,valid,achievement,1,1,8.866666666666667,MustardAboveRaisinTask,8.866666666666667,stable,0,1,0,0.12562592930996744
RWS-F3-S4-C04-TOP-S,F3,S4,S4-C04,TOP,S,valid,achievement,1,0,10.2,MustardAboveRaisinTask,10.2,stable,0,1,0,0.11874851452104834
RWS-F3-S4-C05-L-D,F3,S4,S4-C05,L,D,valid,achievement,1,1,0.06666666666666667,,,stable,0,1,0,0.0318264354579626
RWS-F3-S4-C05-L-I,F3,S4,S4-C05,L,I,valid,maintenance,1,0,0.0,,,stable,0,1,0,0.2807305600404826
RWS-F3-S4-C05-L-S,F3,S4,S4-C05,L,S,valid,maintenance,1,0,0.0,,,stable,0,1,0,0.1981035901887574
RWS-F3-S4-C05-R-D,F3,S4,S4-C05,R,D,valid,achievement,1,1,13.866666666666667,,,stable,0,1,0,0.319252584173019
RWS-F3-S4-C05-R-I,F3,S4,S4-C05,R,I,valid,achievement,1,0,16.133333333333333,,,stable,0,1,0,0.08672818130787548
RWS-F3-S4-C05-R-S,F3,S4,S4-C05,R,S,valid,achievement,1,0,10.133333333333333,,,stable,0,1,0,0.3231180203891087
RWS-F3-S4-C05-TOP-D,F3,S4,S4-C05,TOP,D,valid,achievement,1,1,9.6,MustardAboveRaisinTask,9.6,stable,0,1,0,0.1299588963212602
RWS-F3-S4-C05-TOP-I,F3,S4,S4-C05,TOP,I,valid,achievement,1,0,10.266666666666666,MustardAboveRaisinTask,10.266666666666666,stable,0,1,0,0.1251234145058306
RWS-F3-S4-C05-TOP-S,F3,S4,S4-C05,TOP,S,valid,achievement,1,1,10.333333333333334,MustardAboveRaisinTask,10.333333333333334,stable,0,1,0,0.14187464461808214
RWS-F3-S4-C06-L-D,F3,S4,S4-C06,L,D,valid,maintenance,1,1,0.0,,,stable,0,1,0,0.030879655564468766
RWS-F3-S4-C06-L-I,F3,S4,S4-C06,L,I,valid,maintenance,1,0,0.0,,,stable,0,1,0,0.2940559752731175
RWS-F3-S4-C06-L-S,F3,S4,S4-C06,L,S,valid,maintenance,1,0,0.0,,,stable,0,2,0,0.059883281459359096
RWS-F3-S4-C06-R-D,F3,S4,S4-C06,R,D,valid,achievement,1,1,20.133333333333333,,,stable,0,1,0,0.38498025015563825
RWS-F3-S4-C06-R-I,F3,S4,S4-C06,R,I,valid,achievement,0,0,,,,lift_no_goal,0,1,0,0.06486342089646915
RWS-F3-S4-C06-R-S,F3,S4,S4-C06,R,S,valid,achievement,1,0,9.466666666666667,,,stable,0,1,0,0.3871823762945931
RWS-F3-S4-C06-TOP-D,F3,S4,S4-C06,TOP,D,valid,achievement,1,0,9.266666666666666,MustardAboveRaisinTask,9.266666666666666,stable,0,1,0,0.30701404222143186
RWS-F3-S4-C06-TOP-I,F3,S4,S4-C06,TOP,I,valid,achievement,1,0,10.133333333333333,MustardAboveRaisinTask,10.133333333333333,stable,0,1,0,0.20294180694971603
RWS-F3-S4-C06-TOP-S,F3,S4,S4-C06,TOP,S,valid,achievement,1,0,10.066666666666666,MustardAboveRaisinTask,10.066666666666666,stable,0,1,0,0.11025583312174655
RWS-F3-S4-C07-L-D,F3,S4,S4-C07,L,D,valid,maintenance,1,1,0.0,,,stable,0,1,0,0.008985102048025185
RWS-F3-S4-C07-L-I,F3,S4,S4-C07,L,I,valid,maintenance,1,0,0.0,,,stable,0,1,0,0.36614585450566733
RWS-F3-S4-C07-L-S,F3,S4,S4-C07,L,S,valid,maintenance,1,1,0.0,,,stable,0,1,0,0.024263233708256962
RWS-F3-S4-C07-R-D,F3,S4,S4-C07,R,D,valid,achievement,1,1,9.0,,,stable,0,1,0,0.47032849332020527
RWS-F3-S4-C07-R-I,F3,S4,S4-C07,R,I,valid,achievement,0,0,,,,contact_no_lift,0,1,0,0.036619005606356364
RWS-F3-S4-C07-R-S,F3,S4,S4-C07,R,S,valid,achievement,1,1,9.4,,,stable,0,1,0,0.42978965002963787
RWS-F3-S4-C07-TOP-D,F3,S4,S4-C07,TOP,D,valid,achievement,1,0,9.066666666666666,MustardAboveRaisinTask,9.066666666666666,stable,0,1,0,0.24917774258456882
RWS-F3-S4-C07-TOP-I,F3,S4,S4-C07,TOP,I,valid,achievement,0,0,11.6,MustardAboveRaisinTask,11.6,goal_unstable,0,1,0,0.33162878779137256
RWS-F3-S4-C07-TOP-S,F3,S4,S4-C07,TOP,S,valid,achievement,0,0,14.6,MustardAboveRaisinTask,14.6,goal_unstable,0,1,0,0.23376103282878105
RWS-F3-S4-C08-L-D,F3,S4,S4-C08,L,D,valid,achievement,1,1,0.06666666666666667,,,stable,0,1,0,0.07283869542125762
RWS-F3-S4-C08-L-I,F3,S4,S4-C08,L,I,valid,maintenance,1,0,0.0,,,stable,0,1,0,0.12825991754365818
RWS-F3-S4-C08-L-S,F3,S4,S4-C08,L,S,valid,maintenance,1,0,0.0,,,stable,0,1,0,0.04583020661336697
RWS-F3-S4-C08-R-D,F3,S4,S4-C08,R,D,valid,achievement,1,1,15.466666666666667,,,stable,0,1,0,0.30261005884645514
RWS-F3-S4-C08-R-I,F3,S4,S4-C08,R,I,valid,achievement,0,0,,,,lift_no_goal,0,1,0,0.0778605008179099
RWS-F3-S4-C08-R-S,F3,S4,S4-C08,R,S,valid,achievement,1,0,8.266666666666666,,,stable,0,1,0,0.29902703540823755
RWS-F3-S4-C08-TOP-D,F3,S4,S4-C08,TOP,D,valid,achievement,1,0,10.133333333333333,MustardAboveRaisinTask,10.133333333333333,stable,0,1,0,0.057731820330223935
RWS-F3-S4-C08-TOP-I,F3,S4,S4-C08,TOP,I,valid,achievement,0,0,,MustardAboveRaisinTask,,lift_no_goal,0,1,0,0.21258581878131622
RWS-F3-S4-C08-TOP-S,F3,S4,S4-C08,TOP,S,valid,achievement,0,0,,MustardAboveRaisinTask,,contact_no_lift,0,2,0,0.05502757572090946
RWS-F3-S5-C01-LR-D,F3,S5,S5-C01,LR,D,valid,achievement,0,0,,BowlStackingLeftOnRightTask,,lift_no_goal,0,1,0,0.08837738162433911
RWS-F3-S5-C01-LR-I,F3,S5,S5-C01,LR,I,valid,achievement,0,0,,BowlStackingLeftOnRightTask,,lift_no_goal,0,2,0,0.09919053782599058
RWS-F3-S5-C01-LR-S,F3,S5,S5-C01,LR,S,valid,achievement,1,0,13.933333333333334,BowlStackingLeftOnRightTask,13.933333333333334,stable,0,1,0,0.2014995012302454
RWS-F3-S5-C01-RL-D,F3,S5,S5-C01,RL,D,valid,achievement,0,0,10.533333333333333,BowlStackingRightOnLeftTask,10.533333333333333,goal_unstable,0,2,0,0.34840912642662564
RWS-F3-S5-C01-RL-I,F3,S5,S5-C01,RL,I,valid,achievement,1,0,11.533333333333333,BowlStackingRightOnLeftTask,11.533333333333333,stable,0,2,0,0.32087889556089855
RWS-F3-S5-C01-RL-S,F3,S5,S5-C01,RL,S,valid,achievement,0,0,8.466666666666667,BowlStackingRightOnLeftTask,8.466666666666667,goal_unstable,0,2,0,0.3557850401565238
RWS-F3-S5-C02-LR-D,F3,S5,S5-C02,LR,D,valid,achievement,1,1,9.466666666666667,BowlStackingLeftOnRightTask,9.466666666666667,stable,0,1,0,0.1589786874439525
RWS-F3-S5-C02-LR-I,F3,S5,S5-C02,LR,I,valid,achievement,0,0,,BowlStackingLeftOnRightTask,,lift_no_goal,0,2,0,0.1310659635501336
RWS-F3-S5-C02-LR-S,F3,S5,S5-C02,LR,S,valid,achievement,1,1,8.533333333333333,BowlStackingLeftOnRightTask,8.533333333333333,stable,0,2,0,0.13736444131960684
RWS-F3-S5-C02-RL-D,F3,S5,S5-C02,RL,D,valid,achievement,0,0,,BowlStackingRightOnLeftTask,,lift_no_goal,0,2,0,0.32921996557564487
RWS-F3-S5-C02-RL-I,F3,S5,S5-C02,RL,I,valid,achievement,0,0,,BowlStackingRightOnLeftTask,,lift_no_goal,0,2,0,0.17695439447735545
RWS-F3-S5-C02-RL-S,F3,S5,S5-C02,RL,S,valid,achievement,1,0,8.4,BowlStackingRightOnLeftTask,8.4,stable,0,2,0,0.27353750082974787
RWS-F3-S5-C03-LR-D,F3,S5,S5-C03,LR,D,valid,achievement,1,1,8.133333333333333,BowlStackingLeftOnRightTask,8.133333333333333,stable,0,2,0,0.23490017879890587
RWS-F3-S5-C03-LR-I,F3,S5,S5-C03,LR,I,valid,achievement,0,0,,BowlStackingLeftOnRightTask,,no_mover_contact,1,2,0,0.00794662134370373
RWS-F3-S5-C03-LR-S,F3,S5,S5-C03,LR,S,valid,achievement,1,1,8.4,BowlStackingLeftOnRightTask,8.4,stable,0,2,0,0.2038902934373016
RWS-F3-S5-C03-RL-D,F3,S5,S5-C03,RL,D,valid,achievement,1,0,14.666666666666666,BowlStackingRightOnLeftTask,14.666666666666666,stable,0,2,0,0.272050061990671
RWS-F3-S5-C03-RL-I,F3,S5,S5-C03,RL,I,valid,achievement,0,0,,BowlStackingRightOnLeftTask,,lift_no_goal,0,2,0,0.3171056958923774
RWS-F3-S5-C03-RL-S,F3,S5,S5-C03,RL,S,valid,achievement,0,0,,BowlStackingRightOnLeftTask,,lift_no_goal,0,2,0,0.31090723847077373
RWS-F3-S5-C04-LR-D,F3,S5,S5-C04,LR,D,valid,achievement,1,0,8.133333333333333,BowlStackingLeftOnRightTask,8.133333333333333,stable,0,1,0,0.18386885796104815
RWS-F3-S5-C04-LR-I,F3,S5,S5-C04,LR,I,valid,achievement,0,0,,BowlStackingLeftOnRightTask,,lift_no_goal,0,2,0,0.16868486157561083
RWS-F3-S5-C04-LR-S,F3,S5,S5-C04,LR,S,valid,achievement,1,0,8.133333333333333,BowlStackingLeftOnRightTask,8.133333333333333,stable,0,1,0,0.21001710562183784
RWS-F3-S5-C04-RL-D,F3,S5,S5-C04,RL,D,valid,achievement,1,0,10.0,BowlStackingRightOnLeftTask,10.0,stable,0,2,0,0.35763300138849974
RWS-F3-S5-C04-RL-I,F3,S5,S5-C04,RL,I,valid,achievement,1,0,11.6,BowlStackingRightOnLeftTask,11.6,stable,0,2,0,0.29428271310954424
RWS-F3-S5-C04-RL-S,F3,S5,S5-C04,RL,S,valid,achievement,1,0,8.066666666666666,BowlStackingRightOnLeftTask,8.066666666666666,stable,0,2,0,0.37441776622219897
RWS-F3-S5-C05-LR-D,F3,S5,S5-C05,LR,D,valid,achievement,1,1,8.4,BowlStackingLeftOnRightTask,8.4,stable,0,2,0,0.2397686642923575
RWS-F3-S5-C05-LR-I,F3,S5,S5-C05,LR,I,valid,achievement,0,0,,BowlStackingLeftOnRightTask,,lift_no_goal,0,2,0,0.15634761531345592
RWS-F3-S5-C05-LR-S,F3,S5,S5-C05,LR,S,valid,achievement,1,1,9.4,BowlStackingLeftOnRightTask,9.4,stable,0,2,0,0.21728602380817286
RWS-F3-S5-C05-RL-D,F3,S5,S5-C05,RL,D,valid,achievement,1,0,10.733333333333333,BowlStackingRightOnLeftTask,10.733333333333333,stable,0,2,0,0.250142246648735
RWS-F3-S5-C05-RL-I,F3,S5,S5-C05,RL,I,valid,achievement,0,0,17.8,BowlStackingRightOnLeftTask,17.8,goal_unstable,0,2,0,0.2839394329734726
RWS-F3-S5-C05-RL-S,F3,S5,S5-C05,RL,S,valid,achievement,0,0,,BowlStackingRightOnLeftTask,,lift_no_goal,0,2,0,0.346579851426598
RWS-F3-S5-C06-LR-D,F3,S5,S5-C06,LR,D,valid,achievement,1,1,10.2,BowlStackingLeftOnRightTask,10.2,stable,0,1,0,0.1902120289941362
RWS-F3-S5-C06-LR-I,F3,S5,S5-C06,LR,I,valid,achievement,0,0,,BowlStackingLeftOnRightTask,,lift_no_goal,0,1,0,0.08874815983972098
RWS-F3-S5-C06-LR-S,F3,S5,S5-C06,LR,S,valid,achievement,1,0,10.133333333333333,BowlStackingLeftOnRightTask,10.133333333333333,stable,0,1,0,0.21692356026757606
RWS-F3-S5-C06-RL-D,F3,S5,S5-C06,RL,D,valid,achievement,1,0,10.333333333333334,BowlStackingRightOnLeftTask,10.333333333333334,stable,0,2,0,0.17359030490861407
RWS-F3-S5-C06-RL-I,F3,S5,S5-C06,RL,I,valid,achievement,1,0,12.2,BowlStackingRightOnLeftTask,12.2,stable,0,2,0,0.12837367524371862
RWS-F3-S5-C06-RL-S,F3,S5,S5-C06,RL,S,valid,achievement,1,0,10.266666666666666,BowlStackingRightOnLeftTask,10.266666666666666,stable,0,2,0,0.17674868459284393
RWS-F3-S5-C07-LR-D,F3,S5,S5-C07,LR,D,valid,achievement,1,1,9.933333333333334,BowlStackingLeftOnRightTask,9.933333333333334,stable,0,1,0,0.2004484064313624
RWS-F3-S5-C07-LR-I,F3,S5,S5-C07,LR,I,valid,achievement,1,1,11.333333333333334,BowlStackingLeftOnRightTask,11.333333333333334,stable,0,1,0,0.12209592511839261
RWS-F3-S5-C07-LR-S,F3,S5,S5-C07,LR,S,valid,achievement,1,1,14.333333333333334,BowlStackingLeftOnRightTask,14.333333333333334,stable,0,1,0,0.1813107063056871
RWS-F3-S5-C07-RL-D,F3,S5,S5-C07,RL,D,valid,achievement,1,0,11.333333333333334,BowlStackingRightOnLeftTask,11.333333333333334,stable,0,2,0,0.19131263376184338
RWS-F3-S5-C07-RL-I,F3,S5,S5-C07,RL,I,valid,achievement,0,0,,BowlStackingRightOnLeftTask,,lift_no_goal,0,2,0,0.11014054753995282
RWS-F3-S5-C07-RL-S,F3,S5,S5-C07,RL,S,valid,achievement,0,0,,BowlStackingRightOnLeftTask,,lift_no_goal,0,2,0,0.39611201386667033
RWS-F3-S5-C08-LR-D,F3,S5,S5-C08,LR,D,valid,achievement,1,1,8.466666666666667,BowlStackingLeftOnRightTask,8.466666666666667,stable,0,1,0,0.17563347969467466
RWS-F3-S5-C08-LR-I,F3,S5,S5-C08,LR,I,valid,achievement,0,0,,BowlStackingLeftOnRightTask,,lift_no_goal,0,1,0,0.20218016590418988
RWS-F3-S5-C08-LR-S,F3,S5,S5-C08,LR,S,valid,achievement,1,1,10.066666666666666,BowlStackingLeftOnRightTask,10.066666666666666,stable,0,1,0,0.18545768886754532
RWS-F3-S5-C08-RL-D,F3,S5,S5-C08,RL,D,valid,achievement,1,0,9.933333333333334,BowlStackingRightOnLeftTask,9.933333333333334,stable,0,2,0,0.2538042064319855
RWS-F3-S5-C08-RL-I,F3,S5,S5-C08,RL,I,valid,achievement,1,0,9.933333333333334,BowlStackingRightOnLeftTask,9.933333333333334,stable,0,2,0,0.21513897232455076
RWS-F3-S5-C08-RL-S,F3,S5,S5-C08,RL,S,valid,achievement,1,0,8.133333333333333,BowlStackingRightOnLeftTask,8.133333333333333,stable,0,2,0,0.2722180211539162
RWS-N3-S1-C01-B-D,N3,S1,S1-C01,B,D,valid,achievement,0,0,,RubiksCubeBehindBowlTask,,lift_no_goal,0,1,0,0.24444250231706974
RWS-N3-S1-C01-B-I,N3,S1,S1-C01,B,I,valid,achievement,1,0,20.866666666666667,RubiksCubeBehindBowlTask,20.866666666666667,stable,0,2,0,0.018712476140936445
RWS-N3-S1-C01-B-S,N3,S1,S1-C01,B,S,valid,achievement,0,0,,RubiksCubeBehindBowlTask,,lift_no_goal,0,2,0,0.26859257885981447
RWS-N3-S1-C01-F-D,N3,S1,S1-C01,F,D,valid,achievement,0,0,,RubiksCubeInFrontOfBowlTask,,lift_no_goal,0,2,0,0.15104566887866203
RWS-N3-S1-C01-F-I,N3,S1,S1-C01,F,I,valid,achievement,0,0,,RubiksCubeInFrontOfBowlTask,,lift_no_goal,0,2,0,0.23665245728925907
RWS-N3-S1-C01-F-S,N3,S1,S1-C01,F,S,valid,achievement,0,0,,RubiksCubeInFrontOfBowlTask,10.066666666666666,lift_no_goal,0,2,0,0.24011393207382453
RWS-N3-S1-C01-L-D,N3,S1,S1-C01,L,D,valid,achievement,1,0,11.733333333333333,RubiksCubeLeftOfBowlTask,11.733333333333333,stable,0,1,0,0.4355809541967654
RWS-N3-S1-C01-L-I,N3,S1,S1-C01,L,I,valid,achievement,0,0,,RubiksCubeLeftOfBowlTask,,no_mover_contact,0,5,0,0.0006477542248108225
RWS-N3-S1-C01-L-S,N3,S1,S1-C01,L,S,valid,achievement,0,0,29.333333333333332,RubiksCubeLeftOfBowlTask,29.333333333333332,goal_unstable,0,2,0,0.4126179420229096
RWS-N3-S1-C01-R-D,N3,S1,S1-C01,R,D,valid,maintenance,1,0,0.0,,,stable,0,2,0,0.07249974454593358
RWS-N3-S1-C01-R-I,N3,S1,S1-C01,R,I,valid,achievement,1,0,0.06666666666666667,,,stable,0,2,0,0.4014184665632036
RWS-N3-S1-C01-R-S,N3,S1,S1-C01,R,S,valid,maintenance,1,0,0.0,,,stable,0,2,0,0.20438671666086203
RWS-N3-S1-C02-B-D,N3,S1,S1-C02,B,D,valid,achievement,0,0,,RubiksCubeBehindBowlTask,,lift_no_goal,0,2,0,0.1937012931869792
RWS-N3-S1-C02-B-I,N3,S1,S1-C02,B,I,valid,achievement,1,1,26.466666666666665,RubiksCubeBehindBowlTask,26.466666666666665,stable,0,5,0,1.8737580668471038e-06
RWS-N3-S1-C02-B-S,N3,S1,S1-C02,B,S,valid,achievement,0,0,,RubiksCubeBehindBowlTask,,lift_no_goal,0,2,0,0.1959359075588061
RWS-N3-S1-C02-F-D,N3,S1,S1-C02,F,D,valid,achievement,0,0,,RubiksCubeInFrontOfBowlTask,,lift_no_goal,0,2,0,0.20377048129738057
RWS-N3-S1-C02-F-I,N3,S1,S1-C02,F,I,valid,achievement,0,0,,RubiksCubeInFrontOfBowlTask,8.666666666666666,lift_no_goal,0,2,0,0.20019813009134696
RWS-N3-S1-C02-F-S,N3,S1,S1-C02,F,S,valid,achievement,1,1,25.933333333333334,RubiksCubeInFrontOfBowlTask,13.799999999999999,stable,0,2,0,0.35426979756722965
RWS-N3-S1-C02-L-D,N3,S1,S1-C02,L,D,valid,achievement,1,0,21.933333333333334,RubiksCubeLeftOfBowlTask,21.866666666666667,stable,0,2,0,0.3723545242721108
RWS-N3-S1-C02-L-I,N3,S1,S1-C02,L,I,valid,achievement,0,0,,RubiksCubeLeftOfBowlTask,,lift_no_goal,0,2,0,0.2508809902495816
RWS-N3-S1-C02-L-S,N3,S1,S1-C02,L,S,valid,achievement,1,0,11.4,RubiksCubeLeftOfBowlTask,11.333333333333334,stable,1,2,0,0.3626740948856287
RWS-N3-S1-C02-R-D,N3,S1,S1-C02,R,D,valid,achievement,1,1,0.06666666666666667,,,stable,0,2,0,0.09780933249547563
RWS-N3-S1-C02-R-I,N3,S1,S1-C02,R,I,valid,maintenance,1,0,0.0,,,stable,0,2,0,0.39084568399613023
RWS-N3-S1-C02-R-S,N3,S1,S1-C02,R,S,valid,maintenance,1,1,0.0,,,stable,0,2,0,0.06822661223645023
RWS-N3-S1-C03-B-D,N3,S1,S1-C03,B,D,valid,achievement,0,0,,RubiksCubeBehindBowlTask,,lift_no_goal,0,2,0,0.20540654576270512
RWS-N3-S1-C03-B-I,N3,S1,S1-C03,B,I,valid,achievement,1,1,15.866666666666667,RubiksCubeBehindBowlTask,15.866666666666667,stable,1,5,0,9.090163290840138e-06
RWS-N3-S1-C03-B-S,N3,S1,S1-C03,B,S,valid,achievement,0,0,12.266666666666666,RubiksCubeBehindBowlTask,12.266666666666666,goal_unstable,0,2,0,0.19396574453979595
RWS-N3-S1-C03-F-D,N3,S1,S1-C03,F,D,valid,achievement,0,0,,RubiksCubeInFrontOfBowlTask,,lift_no_goal,1,2,0,0.29531879088462987
RWS-N3-S1-C03-F-I,N3,S1,S1-C03,F,I,valid,achievement,0,0,,RubiksCubeInFrontOfBowlTask,,lift_no_goal,0,2,0,0.19375624710998318
RWS-N3-S1-C03-F-S,N3,S1,S1-C03,F,S,valid,achievement,0,0,,RubiksCubeInFrontOfBowlTask,,lift_no_goal,0,2,0,0.2164028096988851
RWS-N3-S1-C03-L-D,N3,S1,S1-C03,L,D,valid,achievement,1,0,11.666666666666666,RubiksCubeLeftOfBowlTask,11.666666666666666,stable,0,2,0,0.41578923238987225
RWS-N3-S1-C03-L-I,N3,S1,S1-C03,L,I,valid,achievement,0,0,,RubiksCubeLeftOfBowlTask,,lift_no_goal,1,2,0,0.15077580474685753
RWS-N3-S1-C03-L-S,N3,S1,S1-C03,L,S,valid,achievement,1,1,12.533333333333333,RubiksCubeLeftOfBowlTask,12.466666666666667,stable,0,2,0,0.37730857692169345
RWS-N3-S1-C03-R-D,N3,S1,S1-C03,R,D,valid,maintenance,1,0,0.0,,,stable,0,2,0,0.2322934509322502
RWS-N3-S1-C03-R-I,N3,S1,S1-C03,R,I,valid,achievement,1,0,0.06666666666666667,,,stable,0,2,0,0.38367829409632886
RWS-N3-S1-C03-R-S,N3,S1,S1-C03,R,S,valid,maintenance,1,0,0.0,,,stable,0,2,0,0.17844293359746624
RWS-N3-S1-C04-B-D,N3,S1,S1-C04,B,D,valid,achievement,0,0,,RubiksCubeBehindBowlTask,,lift_no_goal,1,2,0,0.23887216317787255
RWS-N3-S1-C04-B-I,N3,S1,S1-C04,B,I,valid,achievement,1,1,12.0,RubiksCubeBehindBowlTask,12.0,stable,1,4,0,0.011386674705529726
RWS-N3-S1-C04-B-S,N3,S1,S1-C04,B,S,valid,achievement,0,0,,RubiksCubeBehindBowlTask,,lift_no_goal,1,2,0,0.22948229922832983
RWS-N3-S1-C04-F-D,N3,S1,S1-C04,F,D,valid,achievement,0,0,,RubiksCubeInFrontOfBowlTask,,lift_no_goal,0,2,0,0.21394524812528318
RWS-N3-S1-C04-F-I,N3,S1,S1-C04,F,I,valid,achievement,0,0,,RubiksCubeInFrontOfBowlTask,,lift_no_goal,0,2,0,0.3036091780137518
RWS-N3-S1-C04-F-S,N3,S1,S1-C04,F,S,valid,achievement,0,0,,RubiksCubeInFrontOfBowlTask,,lift_no_goal,1,2,0,0.21127630773752154
RWS-N3-S1-C04-L-D,N3,S1,S1-C04,L,D,valid,achievement,1,0,11.0,RubiksCubeLeftOfBowlTask,11.0,stable,0,2,0,0.4337037039826194
RWS-N3-S1-C04-L-I,N3,S1,S1-C04,L,I,valid,achievement,0,0,,RubiksCubeLeftOfBowlTask,,lift_no_goal,0,3,0,0.23484886660255688
RWS-N3-S1-C04-L-S,N3,S1,S1-C04,L,S,valid,achievement,0,0,,RubiksCubeLeftOfBowlTask,,lift_no_goal,0,2,0,0.19839613644976373
RWS-N3-S1-C04-R-D,N3,S1,S1-C04,R,D,valid,maintenance,1,0,0.0,,,stable,0,2,0,0.26897463939080374
RWS-N3-S1-C04-R-I,N3,S1,S1-C04,R,I,valid,maintenance,1,0,0.0,,,stable,0,2,0,0.43966894166769754
RWS-N3-S1-C04-R-S,N3,S1,S1-C04,R,S,valid,maintenance,1,1,0.0,,,stable,0,2,0,0.15395530907641042
RWS-N3-S1-C05-B-D,N3,S1,S1-C05,B,D,valid,achievement,0,0,,RubiksCubeBehindBowlTask,,lift_no_goal,0,2,0,0.2515878360979148
RWS-N3-S1-C05-B-I,N3,S1,S1-C05,B,I,valid,achievement,1,1,22.4,RubiksCubeBehindBowlTask,22.4,stable,0,2,0,1.377531558146425e-06
RWS-N3-S1-C05-B-S,N3,S1,S1-C05,B,S,valid,achievement,0,0,,RubiksCubeBehindBowlTask,,lift_no_goal,0,2,0,0.19121827493790708
RWS-N3-S1-C05-F-D,N3,S1,S1-C05,F,D,valid,achievement,0,0,,RubiksCubeInFrontOfBowlTask,15.0,lift_no_goal,0,2,0,0.19363835525898768
RWS-N3-S1-C05-F-I,N3,S1,S1-C05,F,I,valid,achievement,0,0,,RubiksCubeInFrontOfBowlTask,,lift_no_goal,0,2,0,0.22623465721019437
RWS-N3-S1-C05-F-S,N3,S1,S1-C05,F,S,valid,achievement,0,0,21.733333333333334,RubiksCubeInFrontOfBowlTask,21.4,goal_unstable,0,3,0,0.7540565759652655
RWS-N3-S1-C05-L-D,N3,S1,S1-C05,L,D,valid,achievement,1,0,10.866666666666667,RubiksCubeLeftOfBowlTask,10.733333333333333,stable,0,2,0,0.45480059342503154
RWS-N3-S1-C05-L-I,N3,S1,S1-C05,L,I,valid,achievement,0,0,,RubiksCubeLeftOfBowlTask,,lift_no_goal,1,3,0,0.07072461670194848
RWS-N3-S1-C05-L-S,N3,S1,S1-C05,L,S,valid,achievement,1,0,10.933333333333334,RubiksCubeLeftOfBowlTask,10.933333333333334,stable,0,2,0,0.40532429895571376
RWS-N3-S1-C05-R-D,N3,S1,S1-C05,R,D,valid,maintenance,1,0,0.0,,,stable,0,2,0,0.13820829860725217
RWS-N3-S1-C05-R-I,N3,S1,S1-C05,R,I,valid,achievement,1,0,0.06666666666666667,,,stable,0,2,0,0.3340604556717099
RWS-N3-S1-C05-R-S,N3,S1,S1-C05,R,S,valid,maintenance,1,0,0.0,,,stable,0,2,0,0.08247703081354392
RWS-N3-S1-C06-B-D,N3,S1,S1-C06,B,D,valid,achievement,0,0,,RubiksCubeBehindBowlTask,,lift_no_goal,0,2,0,0.19507137332140892
RWS-N3-S1-C06-B-I,N3,S1,S1-C06,B,I,valid,achievement,1,1,19.866666666666667,RubiksCubeBehindBowlTask,19.866666666666667,stable,0,3,0,0.000392608491035593
RWS-N3-S1-C06-B-S,N3,S1,S1-C06,B,S,valid,achievement,0,0,,RubiksCubeBehindBowlTask,,lift_no_goal,0,2,0,0.15012307120267662
RWS-N3-S1-C06-F-D,N3,S1,S1-C06,F,D,valid,achievement,0,0,,RubiksCubeInFrontOfBowlTask,,lift_no_goal,0,2,0,0.13555376677045933
RWS-N3-S1-C06-F-I,N3,S1,S1-C06,F,I,valid,achievement,0,0,,RubiksCubeInFrontOfBowlTask,,lift_no_goal,1,3,0,0.15497953664947448
RWS-N3-S1-C06-F-S,N3,S1,S1-C06,F,S,valid,achievement,0,0,,RubiksCubeInFrontOfBowlTask,12.933333333333334,lift_no_goal,0,2,0,0.1772721018105363
RWS-N3-S1-C06-L-D,N3,S1,S1-C06,L,D,valid,achievement,1,0,12.8,RubiksCubeLeftOfBowlTask,12.8,stable,0,2,0,0.30265442835807577
RWS-N3-S1-C06-L-I,N3,S1,S1-C06,L,I,valid,achievement,0,0,,RubiksCubeLeftOfBowlTask,,lift_no_goal,0,2,0,0.13542796897320764
RWS-N3-S1-C06-L-S,N3,S1,S1-C06,L,S,valid,achievement,1,1,12.8,RubiksCubeLeftOfBowlTask,12.8,stable,1,2,0,0.3618443766516289
RWS-N3-S1-C06-R-D,N3,S1,S1-C06,R,D,valid,maintenance,1,0,0.0,,,stable,0,2,0,0.26833863014108933
RWS-N3-S1-C06-R-I,N3,S1,S1-C06,R,I,valid,achievement,1,0,0.06666666666666667,,,stable,0,2,0,0.37153626458806144
RWS-N3-S1-C06-R-S,N3,S1,S1-C06,R,S,valid,achievement,1,0,0.06666666666666667,,,stable,0,2,0,0.22778748442282004
RWS-N3-S1-C07-B-D,N3,S1,S1-C07,B,D,valid,achievement,0,0,,RubiksCubeBehindBowlTask,,lift_no_goal,0,2,0,0.22113359996077142
RWS-N3-S1-C07-B-I,N3,S1,S1-C07,B,I,valid,achievement,0,0,,RubiksCubeBehindBowlTask,,no_mover_contact,0,2,0,0.00038445880705805646
RWS-N3-S1-C07-B-S,N3,S1,S1-C07,B,S,valid,achievement,0,0,,RubiksCubeBehindBowlTask,,lift_no_goal,0,2,0,0.24249336016227113
RWS-N3-S1-C07-F-D,N3,S1,S1-C07,F,D,valid,achievement,0,0,,RubiksCubeInFrontOfBowlTask,19.266666666666666,lift_no_goal,0,2,0,0.25025738768876643
RWS-N3-S1-C07-F-I,N3,S1,S1-C07,F,I,valid,achievement,0,0,,RubiksCubeInFrontOfBowlTask,,lift_no_goal,0,2,0,0.20856217622031026
RWS-N3-S1-C07-F-S,N3,S1,S1-C07,F,S,valid,achievement,0,0,,RubiksCubeInFrontOfBowlTask,,lift_no_goal,0,2,0,0.2217924476404263
RWS-N3-S1-C07-L-D,N3,S1,S1-C07,L,D,valid,achievement,1,1,12.6,RubiksCubeLeftOfBowlTask,12.466666666666667,stable,0,2,0,0.4205380871195237
RWS-N3-S1-C07-L-I,N3,S1,S1-C07,L,I,valid,achievement,0,0,,RubiksCubeLeftOfBowlTask,30.0,lift_no_goal,0,3,0,0.14861351854680874
RWS-N3-S1-C07-L-S,N3,S1,S1-C07,L,S,valid,achievement,1,1,18.333333333333332,RubiksCubeLeftOfBowlTask,18.266666666666666,stable,0,2,0,0.4165780396405776
RWS-N3-S1-C07-R-D,N3,S1,S1-C07,R,D,valid,maintenance,1,1,0.0,,,stable,0,2,0,0.14197601565594964
RWS-N3-S1-C07-R-I,N3,S1,S1-C07,R,I,valid,maintenance,1,0,0.0,,,stable,0,2,0,0.43120120217720265
RWS-N3-S1-C07-R-S,N3,S1,S1-C07,R,S,valid,maintenance,1,0,0.0,,,stable,0,2,0,0.12805831887413832
RWS-N3-S1-C08-B-D,N3,S1,S1-C08,B,D,valid,achievement,0,0,,RubiksCubeBehindBowlTask,,lift_no_goal,0,2,0,0.2539944593373926
RWS-N3-S1-C08-B-I,N3,S1,S1-C08,B,I,valid,achievement,1,1,10.066666666666666,RubiksCubeBehindBowlTask,10.066666666666666,stable,0,2,0,1.2956514671718115e-06
RWS-N3-S1-C08-B-S,N3,S1,S1-C08,B,S,valid,achievement,0,0,,RubiksCubeBehindBowlTask,,lift_no_goal,0,2,0,0.24720688942115002
RWS-N3-S1-C08-F-D,N3,S1,S1-C08,F,D,valid,achievement,1,1,25.933333333333334,RubiksCubeInFrontOfBowlTask,13.0,stable,0,2,0,0.2543764932527066
RWS-N3-S1-C08-F-I,N3,S1,S1-C08,F,I,valid,achievement,0,0,,RubiksCubeInFrontOfBowlTask,,lift_no_goal,0,2,0,0.23451162260673958
RWS-N3-S1-C08-F-S,N3,S1,S1-C08,F,S,valid,achievement,0,0,,RubiksCubeInFrontOfBowlTask,,lift_no_goal,0,2,0,0.22360327695772214
RWS-N3-S1-C08-L-D,N3,S1,S1-C08,L,D,valid,achievement,1,1,11.4,RubiksCubeLeftOfBowlTask,11.333333333333334,stable,1,2,0,0.43608869303017506
RWS-N3-S1-C08-L-I,N3,S1,S1-C08,L,I,valid,achievement,0,0,,RubiksCubeLeftOfBowlTask,,contact_no_lift,0,4,0,0.0016856060414365474
RWS-N3-S1-C08-L-S,N3,S1,S1-C08,L,S,valid,achievement,1,0,13.733333333333333,RubiksCubeLeftOfBowlTask,13.733333333333333,stable,1,2,0,0.4291058437851647
RWS-N3-S1-C08-R-D,N3,S1,S1-C08,R,D,valid,achievement,1,1,0.06666666666666667,,,stable,0,2,0,0.026525568907470806
RWS-N3-S1-C08-R-I,N3,S1,S1-C08,R,I,valid,maintenance,1,0,0.0,,,stable,0,2,0,0.4598580558426153
RWS-N3-S1-C08-R-S,N3,S1,S1-C08,R,S,valid,maintenance,1,0,0.0,,,stable,0,2,0,0.04328220537765299
RWS-N3-S3-C01-L-D,N3,S3,S3-C01,L,D,valid,achievement,0,0,,,,lift_no_goal,0,3,0,0.05975301075652609
RWS-N3-S3-C01-L-I,N3,S3,S3-C01,L,I,valid,achievement,0,0,,,,contact_no_lift,0,3,0,6.1212992605210206e-06
RWS-N3-S3-C01-L-S,N3,S3,S3-C01,L,S,valid,achievement,0,0,,,,lift_no_goal,0,3,0,0.09475630409657136
RWS-N3-S3-C01-R-D,N3,S3,S3-C01,R,D,valid,maintenance,1,1,0.0,,,stable,1,3,0,0.0006672571259080401
RWS-N3-S3-C01-R-I,N3,S3,S3-C01,R,I,valid,maintenance,1,1,0.0,,,stable,0,3,0,0.048808167223513006
RWS-N3-S3-C01-R-S,N3,S3,S3-C01,R,S,valid,maintenance,1,0,0.0,,,stable,0,3,0,0.34870119066861194
RWS-N3-S3-C01-TOP-D,N3,S3,S3-C01,TOP,D,valid,achievement,1,1,24.866666666666667,ButterAboveRaisinTask,24.866666666666667,stable,0,2,0,0.20254781030771332
RWS-N3-S3-C01-TOP-I,N3,S3,S3-C01,TOP,I,valid,achievement,0,0,10.666666666666666,ButterAboveRaisinTask,10.666666666666666,goal_unstable,0,2,0,0.24046527213652166
RWS-N3-S3-C01-TOP-S,N3,S3,S3-C01,TOP,S,valid,achievement,0,0,,ButterAboveRaisinTask,,lift_no_goal,0,2,0,0.15124755106751758
RWS-N3-S3-C02-L-D,N3,S3,S3-C02,L,D,valid,achievement,0,0,,,,lift_no_goal,0,3,0,0.3220182780262258
RWS-N3-S3-C02-L-I,N3,S3,S3-C02,L,I,valid,achievement,0,0,,,,lift_no_goal,0,3,0,0.24844792179981376
RWS-N3-S3-C02-L-S,N3,S3,S3-C02,L,S,valid,achievement,0,0,,,,contact_no_lift,0,3,0,0.2350586064880957
RWS-N3-S3-C02-R-D,N3,S3,S3-C02,R,D,valid,maintenance,1,0,0.0,,,stable,0,3,0,0.14937508416689083
RWS-N3-S3-C02-R-I,N3,S3,S3-C02,R,I,valid,achievement,1,1,0.06666666666666667,,,stable,0,3,0,0.2370770629440388
RWS-N3-S3-C02-R-S,N3,S3,S3-C02,R,S,valid,maintenance,1,0,0.0,,,stable,0,2,0,2.360270738776772e-06
RWS-N3-S3-C02-TOP-D,N3,S3,S3-C02,TOP,D,valid,achievement,0,0,,ButterAboveRaisinTask,,lift_no_goal,0,3,0,0.12118470538072697
RWS-N3-S3-C02-TOP-I,N3,S3,S3-C02,TOP,I,valid,achievement,1,0,21.0,ButterAboveRaisinTask,21.0,stable,0,2,0,0.1356655125367212
RWS-N3-S3-C02-TOP-S,N3,S3,S3-C02,TOP,S,valid,achievement,1,1,22.0,ButterAboveRaisinTask,22.0,stable,0,2,0,0.23598176940231677
RWS-N3-S3-C03-L-D,N3,S3,S3-C03,L,D,valid,achievement,0,0,,,,contact_no_lift,0,3,0,0.14194037275584653
RWS-N3-S3-C03-L-I,N3,S3,S3-C03,L,I,valid,achievement,0,0,,,,lift_no_goal,0,3,0,0.18255359007660024
RWS-N3-S3-C03-L-S,N3,S3,S3-C03,L,S,valid,achievement,0,0,,,,contact_no_lift,0,3,0,0.21260783123848367
RWS-N3-S3-C03-R-D,N3,S3,S3-C03,R,D,valid,maintenance,1,1,0.0,,,stable,0,2,0,0.1315801198384197
RWS-N3-S3-C03-R-I,N3,S3,S3-C03,R,I,valid,maintenance,1,0,0.0,,,stable,0,3,0,0.2940717281931623
RWS-N3-S3-C03-R-S,N3,S3,S3-C03,R,S,valid,maintenance,1,0,0.0,,,stable,0,3,0,0.2604221814157803
RWS-N3-S3-C03-TOP-D,N3,S3,S3-C03,TOP,D,valid,achievement,0,0,,ButterAboveRaisinTask,,contact_no_lift,0,2,0,0.008992417246481874
RWS-N3-S3-C03-TOP-I,N3,S3,S3-C03,TOP,I,valid,achievement,0,0,10.333333333333334,ButterAboveRaisinTask,10.333333333333334,goal_unstable,0,2,0,0.10949050291882226
RWS-N3-S3-C03-TOP-S,N3,S3,S3-C03,TOP,S,valid,achievement,1,1,12.333333333333334,ButterAboveRaisinTask,12.333333333333334,stable,0,2,0,0.21987973077793707
RWS-N3-S3-C04-L-D,N3,S3,S3-C04,L,D,valid,achievement,0,0,,,,lift_no_goal,0,2,0,0.2580333551749802
RWS-N3-S3-C04-L-I,N3,S3,S3-C04,L,I,valid,achievement,0,0,,,,contact_no_lift,0,3,0,0.15508167890140495
RWS-N3-S3-C04-L-S,N3,S3,S3-C04,L,S,valid,achievement,0,0,,,,contact_no_lift,0,3,0,0.11793560297576129
RWS-N3-S3-C04-R-D,N3,S3,S3-C04,R,D,valid,maintenance,1,1,0.0,,,stable,0,2,0,0.29503553701695373
RWS-N3-S3-C04-R-I,N3,S3,S3-C04,R,I,valid,maintenance,1,0,0.0,,,stable,0,3,0,0.13371996744993328
RWS-N3-S3-C04-R-S,N3,S3,S3-C04,R,S,valid,maintenance,1,0,0.0,,,stable,0,3,0,0.23520305974968161
RWS-N3-S3-C04-TOP-D,N3,S3,S3-C04,TOP,D,valid,achievement,1,1,10.066666666666666,ButterAboveRaisinTask,10.066666666666666,stable,0,2,0,0.15878657250894118
RWS-N3-S3-C04-TOP-I,N3,S3,S3-C04,TOP,I,valid,achievement,0,0,,ButterAboveRaisinTask,,lift_no_goal,0,3,0,0.2320178502076996
RWS-N3-S3-C04-TOP-S,N3,S3,S3-C04,TOP,S,valid,achievement,0,0,8.333333333333334,ButterAboveRaisinTask,8.333333333333334,goal_unstable,0,2,0,0.31104614035631034
RWS-N3-S3-C05-L-D,N3,S3,S3-C05,L,D,valid,achievement,0,0,,,,lift_no_goal,0,3,0,0.11452405112939819
RWS-N3-S3-C05-L-I,N3,S3,S3-C05,L,I,valid,achievement,0,0,,,,lift_no_goal,1,2,0,0.35307572172148294
RWS-N3-S3-C05-L-S,N3,S3,S3-C05,L,S,valid,achievement,0,0,,,,lift_no_goal,0,3,0,0.4462789976025767
RWS-N3-S3-C05-R-D,N3,S3,S3-C05,R,D,valid,maintenance,1,0,0.0,,,stable,0,2,0,0.3015716158628958
RWS-N3-S3-C05-R-I,N3,S3,S3-C05,R,I,valid,maintenance,1,1,0.0,,,stable,0,3,0,0.22388848647842657
RWS-N3-S3-C05-R-S,N3,S3,S3-C05,R,S,valid,maintenance,1,1,0.0,,,stable,0,2,0,0.3156093811242658
RWS-N3-S3-C05-TOP-D,N3,S3,S3-C05,TOP,D,valid,achievement,1,0,16.2,ButterAboveRaisinTask,16.2,stable,0,2,0,0.23283271763603708
RWS-N3-S3-C05-TOP-I,N3,S3,S3-C05,TOP,I,valid,achievement,1,1,20.066666666666666,ButterAboveRaisinTask,20.066666666666666,stable,0,2,0,0.1261648601800574
RWS-N3-S3-C05-TOP-S,N3,S3,S3-C05,TOP,S,valid,achievement,1,1,14.133333333333333,ButterAboveRaisinTask,14.133333333333333,stable,0,2,0,0.2432424173340054
RWS-N3-S3-C06-L-D,N3,S3,S3-C06,L,D,valid,achievement,0,0,,,,lift_no_goal,0,2,0,0.3234024669579527
RWS-N3-S3-C06-L-I,N3,S3,S3-C06,L,I,valid,achievement,0,0,,,,lift_no_goal,0,3,0,0.106947040217645
RWS-N3-S3-C06-L-S,N3,S3,S3-C06,L,S,valid,achievement,0,0,,,,lift_no_goal,0,3,0,0.17670890180149462
RWS-N3-S3-C06-R-D,N3,S3,S3-C06,R,D,valid,maintenance,1,1,0.0,,,stable,0,2,0,0.18374237740726174
RWS-N3-S3-C06-R-I,N3,S3,S3-C06,R,I,valid,maintenance,1,1,0.0,,,stable,0,3,0,0.061251235226149336
RWS-N3-S3-C06-R-S,N3,S3,S3-C06,R,S,valid,maintenance,1,1,0.0,,,stable,0,2,0,0.26996850141689677
RWS-N3-S3-C06-TOP-D,N3,S3,S3-C06,TOP,D,valid,achievement,1,1,9.866666666666667,ButterAboveRaisinTask,9.866666666666667,stable,0,2,0,0.17334720949201432
RWS-N3-S3-C06-TOP-I,N3,S3,S3-C06,TOP,I,valid,achievement,0,0,,ButterAboveRaisinTask,,contact_no_lift,0,3,0,0.10074378275642645
RWS-N3-S3-C06-TOP-S,N3,S3,S3-C06,TOP,S,valid,achievement,1,0,13.133333333333333,ButterAboveRaisinTask,13.133333333333333,stable,0,2,0,0.1493375597926353
RWS-N3-S3-C07-L-D,N3,S3,S3-C07,L,D,valid,achievement,0,0,,,,lift_no_goal,0,3,0,0.134421957015862
RWS-N3-S3-C07-L-I,N3,S3,S3-C07,L,I,valid,achievement,0,0,,,,lift_no_goal,0,2,0,0.293412003179231
RWS-N3-S3-C07-L-S,N3,S3,S3-C07,L,S,valid,achievement,0,0,,,,contact_no_lift,0,4,0,0.035283789175393605
RWS-N3-S3-C07-R-D,N3,S3,S3-C07,R,D,valid,achievement,1,0,0.06666666666666667,,,stable,0,2,0,0.24625163028843125
RWS-N3-S3-C07-R-I,N3,S3,S3-C07,R,I,valid,maintenance,1,1,0.0,,,stable,0,3,0,0.05249405070822456
RWS-N3-S3-C07-R-S,N3,S3,S3-C07,R,S,valid,maintenance,1,1,0.0,,,stable,0,3,0,0.0006730919898983818
RWS-N3-S3-C07-TOP-D,N3,S3,S3-C07,TOP,D,valid,achievement,1,1,11.466666666666667,ButterAboveRaisinTask,11.466666666666667,stable,0,2,0,0.2172124183037236
RWS-N3-S3-C07-TOP-I,N3,S3,S3-C07,TOP,I,valid,achievement,0,0,16.2,ButterAboveRaisinTask,16.2,goal_unstable,0,3,0,0.2534109219686794
RWS-N3-S3-C07-TOP-S,N3,S3,S3-C07,TOP,S,valid,achievement,1,1,10.866666666666667,ButterAboveRaisinTask,10.866666666666667,stable,0,2,0,0.20146658221937302
RWS-N3-S3-C08-L-D,N3,S3,S3-C08,L,D,valid,achievement,0,0,,,,lift_no_goal,0,3,0,0.1742077588739859
RWS-N3-S3-C08-L-I,N3,S3,S3-C08,L,I,valid,achievement,0,0,,,,contact_no_lift,0,3,0,0.0779037315347746
RWS-N3-S3-C08-L-S,N3,S3,S3-C08,L,S,valid,achievement,0,0,,,,lift_no_goal,0,3,0,0.24973494254848766
RWS-N3-S3-C08-R-D,N3,S3,S3-C08,R,D,valid,maintenance,1,1,0.0,,,stable,0,2,0,0.3256307313894957
RWS-N3-S3-C08-R-I,N3,S3,S3-C08,R,I,valid,maintenance,1,1,0.0,,,stable,0,3,0,0.19376235137906014
RWS-N3-S3-C08-R-S,N3,S3,S3-C08,R,S,valid,maintenance,1,1,0.0,,,stable,0,3,0,0.04689895836755036
RWS-N3-S3-C08-TOP-D,N3,S3,S3-C08,TOP,D,valid,achievement,1,1,11.533333333333333,ButterAboveRaisinTask,11.533333333333333,stable,0,2,0,0.2221106774199051
RWS-N3-S3-C08-TOP-I,N3,S3,S3-C08,TOP,I,valid,achievement,0,0,,ButterAboveRaisinTask,,contact_no_lift,0,3,0,0.153279457792464
RWS-N3-S3-C08-TOP-S,N3,S3,S3-C08,TOP,S,valid,achievement,1,1,9.533333333333333,ButterAboveRaisinTask,9.533333333333333,stable,0,3,0,0.2259424806201095
RWS-N3-S4-C01-L-D,N3,S4,S4-C01,L,D,valid,maintenance,1,1,0.0,,,stable,0,2,0,0.13824653022357047
RWS-N3-S4-C01-L-I,N3,S4,S4-C01,L,I,valid,maintenance,1,0,0.0,,,stable,0,2,0,0.23985945602316414
RWS-N3-S4-C01-L-S,N3,S4,S4-C01,L,S,valid,maintenance,1,0,0.0,,,stable,0,2,0,0.12031875476742503
RWS-N3-S4-C01-R-D,N3,S4,S4-C01,R,D,valid,achievement,1,1,15.2,,,stable,0,2,0,0.5054876617434162
RWS-N3-S4-C01-R-I,N3,S4,S4-C01,R,I,valid,achievement,0,0,,,,contact_no_lift,0,6,0,0.06423712520600128
RWS-N3-S4-C01-R-S,N3,S4,S4-C01,R,S,valid,achievement,1,1,21.333333333333332,,,stable,0,2,0,0.5127836573291557
RWS-N3-S4-C01-TOP-D,N3,S4,S4-C01,TOP,D,valid,achievement,1,1,37.2,MustardAboveRaisinTask,37.2,stable,0,2,0,0.12056538529064954
RWS-N3-S4-C01-TOP-I,N3,S4,S4-C01,TOP,I,valid,achievement,0,0,39.53333333333333,MustardAboveRaisinTask,39.53333333333333,goal_unstable,0,2,0,0.14462911302245438
RWS-N3-S4-C01-TOP-S,N3,S4,S4-C01,TOP,S,valid,achievement,0,0,18.066666666666666,MustardAboveRaisinTask,18.066666666666666,goal_unstable,0,2,0,0.2165784701419271
RWS-N3-S4-C02-L-D,N3,S4,S4-C02,L,D,valid,maintenance,1,1,0.0,,,stable,0,0,1,0.07160326534563038
RWS-N3-S4-C02-L-I,N3,S4,S4-C02,L,I,valid,maintenance,1,0,0.0,,,stable,0,2,0,0.36942311513680154
RWS-N3-S4-C02-L-S,N3,S4,S4-C02,L,S,valid,maintenance,1,1,0.0,,,stable,0,3,0,0.03683777126273891
RWS-N3-S4-C02-R-D,N3,S4,S4-C02,R,D,valid,achievement,1,0,15.866666666666667,,,stable,0,2,0,0.3957294950599474
RWS-N3-S4-C02-R-I,N3,S4,S4-C02,R,I,valid,achievement,0,0,,,,lift_no_goal,0,2,0,0.06298414682875186
RWS-N3-S4-C02-R-S,N3,S4,S4-C02,R,S,valid,achievement,1,1,14.866666666666667,,,stable,0,3,0,0.2629229367933605
RWS-N3-S4-C02-TOP-D,N3,S4,S4-C02,TOP,D,valid,achievement,1,1,23.53333333333333,MustardAboveRaisinTask,23.53333333333333,stable,0,3,0,0.1576895879255413
RWS-N3-S4-C02-TOP-I,N3,S4,S4-C02,TOP,I,valid,achievement,1,0,20.733333333333334,MustardAboveRaisinTask,20.733333333333334,stable,0,2,0,0.2920466337132985
RWS-N3-S4-C02-TOP-S,N3,S4,S4-C02,TOP,S,valid,achievement,1,0,25.866666666666667,MustardAboveRaisinTask,25.866666666666667,stable,0,2,0,0.18145533750897033
RWS-N3-S4-C03-L-D,N3,S4,S4-C03,L,D,valid,achievement,1,1,0.06666666666666667,,,stable,0,2,0,0.0853507482610541
RWS-N3-S4-C03-L-I,N3,S4,S4-C03,L,I,valid,maintenance,1,0,0.0,,,stable,0,2,0,0.29821901838418147
RWS-N3-S4-C03-L-S,N3,S4,S4-C03,L,S,valid,maintenance,1,0,0.0,,,stable,0,2,0,0.21016017650665064
RWS-N3-S4-C03-R-D,N3,S4,S4-C03,R,D,valid,achievement,0,0,,,,lift_no_goal,0,2,0,0.1474509196160068
RWS-N3-S4-C03-R-I,N3,S4,S4-C03,R,I,valid,achievement,0,0,,,,no_mover_contact,0,0,1,0.08230662617969338
RWS-N3-S4-C03-R-S,N3,S4,S4-C03,R,S,valid,achievement,1,0,16.133333333333333,,,stable,0,2,0,0.4242182609299876
RWS-N3-S4-C03-TOP-D,N3,S4,S4-C03,TOP,D,valid,achievement,1,1,23.133333333333333,MustardAboveRaisinTask,23.133333333333333,stable,0,2,0,0.08210698275971105
RWS-N3-S4-C03-TOP-I,N3,S4,S4-C03,TOP,I,valid,achievement,0,0,,MustardAboveRaisinTask,,lift_no_goal,0,2,0,0.11408074320576682
RWS-N3-S4-C03-TOP-S,N3,S4,S4-C03,TOP,S,valid,achievement,1,1,17.133333333333333,MustardAboveRaisinTask,17.133333333333333,stable,0,3,0,0.05224441668097883
RWS-N3-S4-C04-L-D,N3,S4,S4-C04,L,D,valid,maintenance,1,1,0.0,,,stable,0,3,0,0.1276272679301055
RWS-N3-S4-C04-L-I,N3,S4,S4-C04,L,I,valid,maintenance,1,0,0.0,,,stable,0,2,0,0.30608171713056426
RWS-N3-S4-C04-L-S,N3,S4,S4-C04,L,S,valid,maintenance,1,1,0.0,,,stable,0,3,0,0.060742678946427556
RWS-N3-S4-C04-R-D,N3,S4,S4-C04,R,D,valid,achievement,1,1,20.266666666666666,,,stable,0,3,0,0.29093111675009403
RWS-N3-S4-C04-R-I,N3,S4,S4-C04,R,I,valid,achievement,0,0,,,,contact_no_lift,0,3,0,0.1308998376561411
RWS-N3-S4-C04-R-S,N3,S4,S4-C04,R,S,valid,achievement,1,1,17.066666666666666,,,stable,0,2,0,0.48221605823168734
RWS-N3-S4-C04-TOP-D,N3,S4,S4-C04,TOP,D,valid,achievement,0,0,12.733333333333333,MustardAboveRaisinTask,12.733333333333333,goal_unstable,0,2,0,0.261588078896396
RWS-N3-S4-C04-TOP-I,N3,S4,S4-C04,TOP,I,valid,achievement,1,1,31.466666666666665,MustardAboveRaisinTask,31.466666666666665,stable,0,3,0,0.12258180772643865
RWS-N3-S4-C04-TOP-S,N3,S4,S4-C04,TOP,S,valid,achievement,1,1,12.466666666666667,MustardAboveRaisinTask,12.466666666666667,stable,0,3,0,0.13255606902590034
RWS-N3-S4-C05-L-D,N3,S4,S4-C05,L,D,valid,maintenance,1,0,0.0,,,stable,0,2,0,0.07166677084819968
RWS-N3-S4-C05-L-I,N3,S4,S4-C05,L,I,valid,maintenance,1,0,0.0,,,stable,0,2,0,0.2343430000223396
RWS-N3-S4-C05-L-S,N3,S4,S4-C05,L,S,valid,maintenance,1,1,0.0,,,stable,0,2,0,0.2741070934495659
RWS-N3-S4-C05-R-D,N3,S4,S4-C05,R,D,valid,achievement,1,0,14.333333333333334,,,stable,0,2,0,0.3487759249967593
RWS-N3-S4-C05-R-I,N3,S4,S4-C05,R,I,valid,achievement,0,0,,,,contact_no_lift,0,2,0,0.11133200344164405
RWS-N3-S4-C05-R-S,N3,S4,S4-C05,R,S,valid,achievement,1,1,14.866666666666667,,,stable,0,2,0,0.3956083134427704
RWS-N3-S4-C05-TOP-D,N3,S4,S4-C05,TOP,D,valid,achievement,0,0,26.666666666666668,MustardAboveRaisinTask,26.666666666666668,goal_unstable,0,2,0,0.05489759599912389
RWS-N3-S4-C05-TOP-I,N3,S4,S4-C05,TOP,I,valid,achievement,0,0,,MustardAboveRaisinTask,,lift_no_goal,0,2,0,0.11217561665470113
RWS-N3-S4-C05-TOP-S,N3,S4,S4-C05,TOP,S,valid,achievement,1,1,20.333333333333332,MustardAboveRaisinTask,20.333333333333332,stable,0,2,0,0.1284602449257551
RWS-N3-S4-C06-L-D,N3,S4,S4-C06,L,D,valid,maintenance,1,1,0.0,,,stable,0,2,0,0.15812034824882795
RWS-N3-S4-C06-L-I,N3,S4,S4-C06,L,I,valid,maintenance,1,0,0.0,,,stable,0,2,0,0.15982394642151143
RWS-N3-S4-C06-L-S,N3,S4,S4-C06,L,S,valid,maintenance,1,0,0.0,,,stable,0,2,0,0.11587340083623233
RWS-N3-S4-C06-R-D,N3,S4,S4-C06,R,D,valid,achievement,1,1,18.933333333333334,,,stable,0,2,0,0.44642465114908997
RWS-N3-S4-C06-R-I,N3,S4,S4-C06,R,I,valid,achievement,0,0,,,,contact_no_lift,0,2,0,0.02762156269883536
RWS-N3-S4-C06-R-S,N3,S4,S4-C06,R,S,valid,achievement,1,1,16.933333333333334,,,stable,0,2,0,0.46119871203069424
RWS-N3-S4-C06-TOP-D,N3,S4,S4-C06,TOP,D,valid,achievement,1,1,35.666666666666664,MustardAboveRaisinTask,35.666666666666664,stable,0,2,0,0.13827308501506413
RWS-N3-S4-C06-TOP-I,N3,S4,S4-C06,TOP,I,valid,achievement,1,0,18.666666666666668,MustardAboveRaisinTask,18.666666666666668,stable,0,3,0,0.054607365568069416
RWS-N3-S4-C06-TOP-S,N3,S4,S4-C06,TOP,S,valid,achievement,1,1,22.666666666666668,MustardAboveRaisinTask,22.666666666666668,stable,0,3,0,0.10296593272792805
RWS-N3-S4-C07-L-D,N3,S4,S4-C07,L,D,valid,maintenance,1,0,0.0,,,stable,0,3,0,0.017078423895307594
RWS-N3-S4-C07-L-I,N3,S4,S4-C07,L,I,valid,maintenance,1,0,0.0,,,stable,0,4,0,0.06683097039049286
RWS-N3-S4-C07-L-S,N3,S4,S4-C07,L,S,valid,maintenance,1,1,0.0,,,stable,0,2,0,0.0561074863367718
RWS-N3-S4-C07-R-D,N3,S4,S4-C07,R,D,valid,achievement,1,0,18.6,,,stable,0,3,0,0.5472439869561725
RWS-N3-S4-C07-R-I,N3,S4,S4-C07,R,I,valid,achievement,0,0,,,,contact_no_lift,0,11,0,0.0719240514772357
RWS-N3-S4-C07-R-S,N3,S4,S4-C07,R,S,valid,achievement,1,0,24.4,,,stable,0,2,0,0.5838572841047514
RWS-N3-S4-C07-TOP-D,N3,S4,S4-C07,TOP,D,valid,achievement,0,0,10.666666666666666,MustardAboveRaisinTask,10.666666666666666,goal_unstable,0,2,0,0.05384599963498123
RWS-N3-S4-C07-TOP-I,N3,S4,S4-C07,TOP,I,valid,achievement,0,0,,MustardAboveRaisinTask,,lift_no_goal,0,2,0,0.11373199145933509
RWS-N3-S4-C07-TOP-S,N3,S4,S4-C07,TOP,S,valid,achievement,0,0,26.0,MustardAboveRaisinTask,26.0,goal_unstable,0,2,0,0.0674965001825026
RWS-N3-S4-C08-L-D,N3,S4,S4-C08,L,D,valid,maintenance,1,0,0.0,,,stable,0,3,0,0.031000969609110494
RWS-N3-S4-C08-L-I,N3,S4,S4-C08,L,I,valid,maintenance,1,0,0.0,,,stable,0,2,0,0.3270813173173281
RWS-N3-S4-C08-L-S,N3,S4,S4-C08,L,S,valid,maintenance,1,1,0.0,,,stable,0,3,0,0.06930437618029274
RWS-N3-S4-C08-R-D,N3,S4,S4-C08,R,D,valid,achievement,1,0,25.6,,,stable,0,2,0,0.44411534446858336
RWS-N3-S4-C08-R-I,N3,S4,S4-C08,R,I,valid,achievement,0,0,,,,contact_no_lift,0,2,0,0.06124027518506497
RWS-N3-S4-C08-R-S,N3,S4,S4-C08,R,S,valid,achievement,1,1,18.53333333333333,,,stable,0,2,0,0.31477460564558546
RWS-N3-S4-C08-TOP-D,N3,S4,S4-C08,TOP,D,valid,achievement,1,1,22.866666666666667,MustardAboveRaisinTask,22.866666666666667,stable,0,2,0,0.11279489679555564
RWS-N3-S4-C08-TOP-I,N3,S4,S4-C08,TOP,I,valid,achievement,1,1,20.666666666666668,MustardAboveRaisinTask,20.666666666666668,stable,0,2,0,0.11496697093652435
RWS-N3-S4-C08-TOP-S,N3,S4,S4-C08,TOP,S,valid,achievement,1,1,26.0,MustardAboveRaisinTask,26.0,stable,0,2,0,0.13139834564187602
RWS-N3-S5-C01-LR-D,N3,S5,S5-C01,LR,D,valid,achievement,0,0,,BowlStackingLeftOnRightTask,,contact_no_lift,0,3,0,0.050839888597244295
RWS-N3-S5-C01-LR-I,N3,S5,S5-C01,LR,I,valid,achievement,0,0,,BowlStackingLeftOnRightTask,,contact_no_lift,0,3,0,0.061754140415275764
RWS-N3-S5-C01-LR-S,N3,S5,S5-C01,LR,S,valid,achievement,0,0,,BowlStackingLeftOnRightTask,,lift_no_goal,0,3,0,0.1312279916167117
RWS-N3-S5-C01-RL-D,N3,S5,S5-C01,RL,D,valid,achievement,0,0,,BowlStackingRightOnLeftTask,,contact_no_lift,0,3,0,0.0726014455220726
RWS-N3-S5-C01-RL-I,N3,S5,S5-C01,RL,I,valid,achievement,0,0,,BowlStackingRightOnLeftTask,,contact_no_lift,0,4,0,3.6542268624337985e-06
RWS-N3-S5-C01-RL-S,N3,S5,S5-C01,RL,S,valid,achievement,0,0,,BowlStackingRightOnLeftTask,,contact_no_lift,0,7,0,0.0035356971772829136
RWS-N3-S5-C02-LR-D,N3,S5,S5-C02,LR,D,valid,achievement,0,0,,BowlStackingLeftOnRightTask,,contact_no_lift,0,3,0,0.011282609243171983
RWS-N3-S5-C02-LR-I,N3,S5,S5-C02,LR,I,valid,achievement,0,0,,BowlStackingLeftOnRightTask,,contact_no_lift,0,3,0,0.011873710270092762
RWS-N3-S5-C02-LR-S,N3,S5,S5-C02,LR,S,valid,achievement,0,0,,BowlStackingLeftOnRightTask,,contact_no_lift,0,2,0,0.022928543562706478
RWS-N3-S5-C02-RL-D,N3,S5,S5-C02,RL,D,valid,achievement,0,0,,BowlStackingRightOnLeftTask,,no_mover_contact,0,2,0,7.292535269597658e-07
RWS-N3-S5-C02-RL-I,N3,S5,S5-C02,RL,I,valid,achievement,0,0,,BowlStackingRightOnLeftTask,,no_mover_contact,0,2,0,0.0006094121721215231
RWS-N3-S5-C02-RL-S,N3,S5,S5-C02,RL,S,valid,achievement,0,0,,BowlStackingRightOnLeftTask,,lift_no_goal,0,2,0,0.025992153068013016
RWS-N3-S5-C03-LR-D,N3,S5,S5-C03,LR,D,valid,achievement,0,0,,BowlStackingLeftOnRightTask,,lift_no_goal,0,3,0,0.11124087492578667
RWS-N3-S5-C03-LR-I,N3,S5,S5-C03,LR,I,valid,achievement,0,0,,BowlStackingLeftOnRightTask,,lift_no_goal,0,3,0,0.10918422468980234
RWS-N3-S5-C03-LR-S,N3,S5,S5-C03,LR,S,valid,achievement,0,0,,BowlStackingLeftOnRightTask,,contact_no_lift,0,3,0,0.012252859796018598
RWS-N3-S5-C03-RL-D,N3,S5,S5-C03,RL,D,valid,achievement,0,0,,BowlStackingRightOnLeftTask,,no_mover_contact,0,2,0,0.041447786002056466
RWS-N3-S5-C03-RL-I,N3,S5,S5-C03,RL,I,valid,achievement,0,0,,BowlStackingRightOnLeftTask,,no_mover_contact,0,3,0,0.0002877912211020017
RWS-N3-S5-C03-RL-S,N3,S5,S5-C03,RL,S,valid,achievement,1,1,13.066666666666666,BowlStackingRightOnLeftTask,13.066666666666666,stable,0,2,0,0.002419058233990745
RWS-N3-S5-C04-LR-D,N3,S5,S5-C04,LR,D,valid,achievement,0,0,,BowlStackingLeftOnRightTask,,contact_no_lift,0,3,0,0.014794820677718425
RWS-N3-S5-C04-LR-I,N3,S5,S5-C04,LR,I,valid,achievement,0,0,,BowlStackingLeftOnRightTask,,lift_no_goal,0,3,0,0.3001644657621683
RWS-N3-S5-C04-LR-S,N3,S5,S5-C04,LR,S,valid,achievement,0,0,,BowlStackingLeftOnRightTask,,lift_no_goal,0,3,0,0.06794839169825906
RWS-N3-S5-C04-RL-D,N3,S5,S5-C04,RL,D,valid,achievement,0,0,,BowlStackingRightOnLeftTask,,no_mover_contact,0,3,0,0.0009267137601718587
RWS-N3-S5-C04-RL-I,N3,S5,S5-C04,RL,I,valid,achievement,0,0,,BowlStackingRightOnLeftTask,,no_mover_contact,0,5,0,0.0008933438046395832
RWS-N3-S5-C04-RL-S,N3,S5,S5-C04,RL,S,valid,achievement,0,0,,BowlStackingRightOnLeftTask,,contact_no_lift,0,4,0,0.004005513067616657
RWS-N3-S5-C05-LR-D,N3,S5,S5-C05,LR,D,valid,achievement,0,0,,BowlStackingLeftOnRightTask,,lift_no_goal,0,2,0,0.2754400690289738
RWS-N3-S5-C05-LR-I,N3,S5,S5-C05,LR,I,valid,achievement,0,0,,BowlStackingLeftOnRightTask,,contact_no_lift,0,2,0,0.03356760163854557
RWS-N3-S5-C05-LR-S,N3,S5,S5-C05,LR,S,valid,achievement,0,0,,BowlStackingLeftOnRightTask,,contact_no_lift,0,2,0,0.009477016341685532
RWS-N3-S5-C05-RL-D,N3,S5,S5-C05,RL,D,valid,achievement,0,0,,BowlStackingRightOnLeftTask,,no_mover_contact,0,4,0,0.00022333674691292808
RWS-N3-S5-C05-RL-I,N3,S5,S5-C05,RL,I,valid,achievement,0,0,,BowlStackingRightOnLeftTask,,no_mover_contact,0,3,0,0.00022085826798527586
RWS-N3-S5-C05-RL-S,N3,S5,S5-C05,RL,S,valid,achievement,0,0,,BowlStackingRightOnLeftTask,,lift_no_goal,0,4,0,0.2605500607729156
RWS-N3-S5-C06-LR-D,N3,S5,S5-C06,LR,D,valid,achievement,0,0,,BowlStackingLeftOnRightTask,,contact_no_lift,0,2,0,0.02911966670925632
RWS-N3-S5-C06-LR-I,N3,S5,S5-C06,LR,I,valid,achievement,0,0,,BowlStackingLeftOnRightTask,,contact_no_lift,0,2,0,0.034162971635809176
RWS-N3-S5-C06-LR-S,N3,S5,S5-C06,LR,S,valid,achievement,0,0,,BowlStackingLeftOnRightTask,,contact_no_lift,0,2,0,0.008060092375077153
RWS-N3-S5-C06-RL-D,N3,S5,S5-C06,RL,D,valid,achievement,1,1,17.8,BowlStackingRightOnLeftTask,17.8,stable,0,2,0,0.004142757206926302
RWS-N3-S5-C06-RL-I,N3,S5,S5-C06,RL,I,valid,achievement,0,0,,BowlStackingRightOnLeftTask,,no_mover_contact,0,2,0,0.0004809329100630132
RWS-N3-S5-C06-RL-S,N3,S5,S5-C06,RL,S,valid,achievement,0,0,,BowlStackingRightOnLeftTask,,no_mover_contact,0,2,0,0.000837266523270139
RWS-N3-S5-C07-LR-D,N3,S5,S5-C07,LR,D,valid,achievement,0,0,,BowlStackingLeftOnRightTask,,contact_no_lift,0,2,0,0.03971514799468132
RWS-N3-S5-C07-LR-I,N3,S5,S5-C07,LR,I,valid,achievement,0,0,,BowlStackingLeftOnRightTask,,lift_no_goal,0,2,0,0.215297233918654
RWS-N3-S5-C07-LR-S,N3,S5,S5-C07,LR,S,valid,achievement,0,0,,BowlStackingLeftOnRightTask,,lift_no_goal,0,2,0,0.15504104870821553
RWS-N3-S5-C07-RL-D,N3,S5,S5-C07,RL,D,valid,achievement,0,0,,BowlStackingRightOnLeftTask,,no_mover_contact,0,2,0,0.0008031057360287266
RWS-N3-S5-C07-RL-I,N3,S5,S5-C07,RL,I,valid,achievement,1,0,12.2,BowlStackingRightOnLeftTask,12.2,stable,0,2,0,0.0041186272648614354
RWS-N3-S5-C07-RL-S,N3,S5,S5-C07,RL,S,valid,achievement,0,0,,BowlStackingRightOnLeftTask,,no_mover_contact,0,2,0,0.0006283745789157511
RWS-N3-S5-C08-LR-D,N3,S5,S5-C08,LR,D,valid,achievement,0,0,,BowlStackingLeftOnRightTask,,contact_no_lift,0,3,0,0.021549481641802662
RWS-N3-S5-C08-LR-I,N3,S5,S5-C08,LR,I,valid,achievement,0,0,,BowlStackingLeftOnRightTask,,contact_no_lift,0,3,0,0.004070010179776607
RWS-N3-S5-C08-LR-S,N3,S5,S5-C08,LR,S,valid,achievement,0,0,,BowlStackingLeftOnRightTask,,lift_no_goal,0,3,0,0.1038949853764005
RWS-N3-S5-C08-RL-D,N3,S5,S5-C08,RL,D,valid,achievement,0,0,,BowlStackingRightOnLeftTask,,no_mover_contact,0,3,0,2.2018734759343926e-06
RWS-N3-S5-C08-RL-I,N3,S5,S5-C08,RL,I,valid,achievement,0,0,,BowlStackingRightOnLeftTask,,no_mover_contact,0,3,0,2.1904706954956055e-06
RWS-N3-S5-C08-RL-S,N3,S5,S5-C08,RL,S,valid,achievement,0,0,,BowlStackingRightOnLeftTask,,no_mover_contact,0,2,0,2.0683783295716986e-06
