study_id,cell_id,block_id,model,family,stage,layout_id,within_block_order,form,physical_goal_sign,prompt_id,prompt,prompt_sha256,environment_seed,effective_policy_seed,action_cap,status,fixture_sha256,runtime_sha256,time_map_sha256
SGW-01,LAT-P01-N3-I-POS,LAT-P01-N3,N3,LAT,P,LAT-P01,1,I,1,LAT-I-POS,Place the Rubik's cube so that the bowl is to the right of the Rubik's cube.,6ed00a80ed714a034daa682371ddf42c2e576e40ccc4345fa73053833b4e2d39,20260923,2026092201,450,PLANNED_NOT_RELEASED,,,
SGW-01,LAT-P01-N3-D-POS,LAT-P01-N3,N3,LAT,P,LAT-P01,2,D,1,LAT-D-POS,Put the Rubik's cube to the left of the bowl.,7a9010154f1b73764e6fec767eff0563dfe95807babb6369e7cd6de60ec7aa92,20260923,2026092201,450,PLANNED_NOT_RELEASED,,,
SGW-01,LAT-P01-N3-C-POS,LAT-P01-N3,N3,LAT,P,LAT-P01,3,C,1,LAT-C-POS,Place the Rubik's cube so that the Rubik's cube is to the left of the bowl.,0627baa29ac138ba59a7f8a9e19b78a31258b525c26545131047e39619e3215c,20260923,2026092201,450,PLANNED_NOT_RELEASED,,,
SGW-01,LAT-P01-N3-C-NEG,LAT-P01-N3,N3,LAT,P,LAT-P01,4,C,-1,LAT-C-NEG,Place the Rubik's cube so that the Rubik's cube is to the right of the bowl.,7b8582cd1340a540266f361902a3790fdd972ad704cfc3140ec6948f33b8f301,20260923,2026092201,450,PLANNED_NOT_RELEASED,,,
SGW-01,LAT-P01-N3-D-NEG,LAT-P01-N3,N3,LAT,P,LAT-P01,5,D,-1,LAT-D-NEG,Put the Rubik's cube to the right of the bowl.,61d9185096c89b210dc3e920914c889cf2292bed07f1265521658c5a5988e7f4,20260923,2026092201,450,PLANNED_NOT_RELEASED,,,
SGW-01,LAT-P01-N3-I-NEG,LAT-P01-N3,N3,LAT,P,LAT-P01,6,I,-1,LAT-I-NEG,Place the Rubik's cube so that the bowl is to the left of the Rubik's cube.,3c36eb09d55cf3875d3d5e49abd4571bdedddb069b328fcb62abd08fc6a515b0,20260923,2026092201,450,PLANNED_NOT_RELEASED,,,
SGW-01,LAT-P01-D1-I-POS,LAT-P01-D1,D1,LAT,P,LAT-P01,1,I,1,LAT-I-POS,Place the Rubik's cube so that the bowl is to the right of the Rubik's cube.,6ed00a80ed714a034daa682371ddf42c2e576e40ccc4345fa73053833b4e2d39,20260923,1140,450,PLANNED_NOT_RELEASED,,,
SGW-01,LAT-P01-D1-D-POS,LAT-P01-D1,D1,LAT,P,LAT-P01,2,D,1,LAT-D-POS,Put the Rubik's cube to the left of the bowl.,7a9010154f1b73764e6fec767eff0563dfe95807babb6369e7cd6de60ec7aa92,20260923,1140,450,PLANNED_NOT_RELEASED,,,
SGW-01,LAT-P01-D1-C-POS,LAT-P01-D1,D1,LAT,P,LAT-P01,3,C,1,LAT-C-POS,Place the Rubik's cube so that the Rubik's cube is to the left of the bowl.,0627baa29ac138ba59a7f8a9e19b78a31258b525c26545131047e39619e3215c,20260923,1140,450,PLANNED_NOT_RELEASED,,,
SGW-01,LAT-P01-D1-C-NEG,LAT-P01-D1,D1,LAT,P,LAT-P01,4,C,-1,LAT-C-NEG,Place the Rubik's cube so that the Rubik's cube is to the right of the bowl.,7b8582cd1340a540266f361902a3790fdd972ad704cfc3140ec6948f33b8f301,20260923,1140,450,PLANNED_NOT_RELEASED,,,
SGW-01,LAT-P01-D1-D-NEG,LAT-P01-D1,D1,LAT,P,LAT-P01,5,D,-1,LAT-D-NEG,Put the Rubik's cube to the right of the bowl.,61d9185096c89b210dc3e920914c889cf2292bed07f1265521658c5a5988e7f4,20260923,1140,450,PLANNED_NOT_RELEASED,,,
SGW-01,LAT-P01-D1-I-NEG,LAT-P01-D1,D1,LAT,P,LAT-P01,6,I,-1,LAT-I-NEG,Place the Rubik's cube so that the bowl is to the left of the Rubik's cube.,3c36eb09d55cf3875d3d5e49abd4571bdedddb069b328fcb62abd08fc6a515b0,20260923,1140,450,PLANNED_NOT_RELEASED,,,
SGW-01,LAT-D01-N3-C-POS,LAT-D01-N3,N3,LAT,D,LAT-D01,1,C,1,LAT-C-POS,Place the Rubik's cube so that the Rubik's cube is to the left of the bowl.,0627baa29ac138ba59a7f8a9e19b78a31258b525c26545131047e39619e3215c,20261923,2026092301,450,PLANNED_NOT_RELEASED,,,
SGW-01,LAT-D01-N3-C-NEG,LAT-D01-N3,N3,LAT,D,LAT-D01,2,C,-1,LAT-C-NEG,Place the Rubik's cube so that the Rubik's cube is to the right of the bowl.,7b8582cd1340a540266f361902a3790fdd972ad704cfc3140ec6948f33b8f301,20261923,2026092301,450,PLANNED_NOT_RELEASED,,,
SGW-01,LAT-D01-N3-D-POS,LAT-D01-N3,N3,LAT,D,LAT-D01,3,D,1,LAT-D-POS,Put the Rubik's cube to the left of the bowl.,7a9010154f1b73764e6fec767eff0563dfe95807babb6369e7cd6de60ec7aa92,20261923,2026092301,450,PLANNED_NOT_RELEASED,,,
SGW-01,LAT-D01-N3-D-NEG,LAT-D01-N3,N3,LAT,D,LAT-D01,4,D,-1,LAT-D-NEG,Put the Rubik's cube to the right of the bowl.,61d9185096c89b210dc3e920914c889cf2292bed07f1265521658c5a5988e7f4,20261923,2026092301,450,PLANNED_NOT_RELEASED,,,
SGW-01,LAT-D01-N3-I-NEG,LAT-D01-N3,N3,LAT,D,LAT-D01,5,I,-1,LAT-I-NEG,Place the Rubik's cube so that the bowl is to the left of the Rubik's cube.,3c36eb09d55cf3875d3d5e49abd4571bdedddb069b328fcb62abd08fc6a515b0,20261923,2026092301,450,PLANNED_NOT_RELEASED,,,
SGW-01,LAT-D01-N3-I-POS,LAT-D01-N3,N3,LAT,D,LAT-D01,6,I,1,LAT-I-POS,Place the Rubik's cube so that the bowl is to the right of the Rubik's cube.,6ed00a80ed714a034daa682371ddf42c2e576e40ccc4345fa73053833b4e2d39,20261923,2026092301,450,PLANNED_NOT_RELEASED,,,
SGW-01,LAT-D01-D1-C-POS,LAT-D01-D1,D1,LAT,D,LAT-D01,1,C,1,LAT-C-POS,Place the Rubik's cube so that the Rubik's cube is to the left of the bowl.,0627baa29ac138ba59a7f8a9e19b78a31258b525c26545131047e39619e3215c,20261923,1140,450,PLANNED_NOT_RELEASED,,,
SGW-01,LAT-D01-D1-C-NEG,LAT-D01-D1,D1,LAT,D,LAT-D01,2,C,-1,LAT-C-NEG,Place the Rubik's cube so that the Rubik's cube is to the right of the bowl.,7b8582cd1340a540266f361902a3790fdd972ad704cfc3140ec6948f33b8f301,20261923,1140,450,PLANNED_NOT_RELEASED,,,
SGW-01,LAT-D01-D1-D-POS,LAT-D01-D1,D1,LAT,D,LAT-D01,3,D,1,LAT-D-POS,Put the Rubik's cube to the left of the bowl.,7a9010154f1b73764e6fec767eff0563dfe95807babb6369e7cd6de60ec7aa92,20261923,1140,450,PLANNED_NOT_RELEASED,,,
SGW-01,LAT-D01-D1-D-NEG,LAT-D01-D1,D1,LAT,D,LAT-D01,4,D,-1,LAT-D-NEG,Put the Rubik's cube to the right of the bowl.,61d9185096c89b210dc3e920914c889cf2292bed07f1265521658c5a5988e7f4,20261923,1140,450,PLANNED_NOT_RELEASED,,,
SGW-01,LAT-D01-D1-I-NEG,LAT-D01-D1,D1,LAT,D,LAT-D01,5,I,-1,LAT-I-NEG,Place the Rubik's cube so that the bowl is to the left of the Rubik's cube.,3c36eb09d55cf3875d3d5e49abd4571bdedddb069b328fcb62abd08fc6a515b0,20261923,1140,450,PLANNED_NOT_RELEASED,,,
SGW-01,LAT-D01-D1-I-POS,LAT-D01-D1,D1,LAT,D,LAT-D01,6,I,1,LAT-I-POS,Place the Rubik's cube so that the bowl is to the right of the Rubik's cube.,6ed00a80ed714a034daa682371ddf42c2e576e40ccc4345fa73053833b4e2d39,20261923,1140,450,PLANNED_NOT_RELEASED,,,
SGW-01,LAT-D02-N3-C-NEG,LAT-D02-N3,N3,LAT,D,LAT-D02,1,C,-1,LAT-C-NEG,Place the Rubik's cube so that the Rubik's cube is to the right of the bowl.,7b8582cd1340a540266f361902a3790fdd972ad704cfc3140ec6948f33b8f301,20261924,2026092302,450,PLANNED_NOT_RELEASED,,,
SGW-01,LAT-D02-N3-D-POS,LAT-D02-N3,N3,LAT,D,LAT-D02,2,D,1,LAT-D-POS,Put the Rubik's cube to the left of the bowl.,7a9010154f1b73764e6fec767eff0563dfe95807babb6369e7cd6de60ec7aa92,20261924,2026092302,450,PLANNED_NOT_RELEASED,,,
SGW-01,LAT-D02-N3-D-NEG,LAT-D02-N3,N3,LAT,D,LAT-D02,3,D,-1,LAT-D-NEG,Put the Rubik's cube to the right of the bowl.,61d9185096c89b210dc3e920914c889cf2292bed07f1265521658c5a5988e7f4,20261924,2026092302,450,PLANNED_NOT_RELEASED,,,
SGW-01,LAT-D02-N3-I-NEG,LAT-D02-N3,N3,LAT,D,LAT-D02,4,I,-1,LAT-I-NEG,Place the Rubik's cube so that the bowl is to the left of the Rubik's cube.,3c36eb09d55cf3875d3d5e49abd4571bdedddb069b328fcb62abd08fc6a515b0,20261924,2026092302,450,PLANNED_NOT_RELEASED,,,
SGW-01,LAT-D02-N3-I-POS,LAT-D02-N3,N3,LAT,D,LAT-D02,5,I,1,LAT-I-POS,Place the Rubik's cube so that the bowl is to the right of the Rubik's cube.,6ed00a80ed714a034daa682371ddf42c2e576e40ccc4345fa73053833b4e2d39,20261924,2026092302,450,PLANNED_NOT_RELEASED,,,
SGW-01,LAT-D02-N3-C-POS,LAT-D02-N3,N3,LAT,D,LAT-D02,6,C,1,LAT-C-POS,Place the Rubik's cube so that the Rubik's cube is to the left of the bowl.,0627baa29ac138ba59a7f8a9e19b78a31258b525c26545131047e39619e3215c,20261924,2026092302,450,PLANNED_NOT_RELEASED,,,
SGW-01,LAT-D02-D1-C-NEG,LAT-D02-D1,D1,LAT,D,LAT-D02,1,C,-1,LAT-C-NEG,Place the Rubik's cube so that the Rubik's cube is to the right of the bowl.,7b8582cd1340a540266f361902a3790fdd972ad704cfc3140ec6948f33b8f301,20261924,1140,450,PLANNED_NOT_RELEASED,,,
SGW-01,LAT-D02-D1-D-POS,LAT-D02-D1,D1,LAT,D,LAT-D02,2,D,1,LAT-D-POS,Put the Rubik's cube to the left of the bowl.,7a9010154f1b73764e6fec767eff0563dfe95807babb6369e7cd6de60ec7aa92,20261924,1140,450,PLANNED_NOT_RELEASED,,,
SGW-01,LAT-D02-D1-D-NEG,LAT-D02-D1,D1,LAT,D,LAT-D02,3,D,-1,LAT-D-NEG,Put the Rubik's cube to the right of the bowl.,61d9185096c89b210dc3e920914c889cf2292bed07f1265521658c5a5988e7f4,20261924,1140,450,PLANNED_NOT_RELEASED,,,
SGW-01,LAT-D02-D1-I-NEG,LAT-D02-D1,D1,LAT,D,LAT-D02,4,I,-1,LAT-I-NEG,Place the Rubik's cube so that the bowl is to the left of the Rubik's cube.,3c36eb09d55cf3875d3d5e49abd4571bdedddb069b328fcb62abd08fc6a515b0,20261924,1140,450,PLANNED_NOT_RELEASED,,,
SGW-01,LAT-D02-D1-I-POS,LAT-D02-D1,D1,LAT,D,LAT-D02,5,I,1,LAT-I-POS,Place the Rubik's cube so that the bowl is to the right of the Rubik's cube.,6ed00a80ed714a034daa682371ddf42c2e576e40ccc4345fa73053833b4e2d39,20261924,1140,450,PLANNED_NOT_RELEASED,,,
SGW-01,LAT-D02-D1-C-POS,LAT-D02-D1,D1,LAT,D,LAT-D02,6,C,1,LAT-C-POS,Place the Rubik's cube so that the Rubik's cube is to the left of the bowl.,0627baa29ac138ba59a7f8a9e19b78a31258b525c26545131047e39619e3215c,20261924,1140,450,PLANNED_NOT_RELEASED,,,
SGW-01,LAT-D03-N3-D-POS,LAT-D03-N3,N3,LAT,D,LAT-D03,1,D,1,LAT-D-POS,Put the Rubik's cube to the left of the bowl.,7a9010154f1b73764e6fec767eff0563dfe95807babb6369e7cd6de60ec7aa92,20261925,2026092303,450,PLANNED_NOT_RELEASED,,,
SGW-01,LAT-D03-N3-D-NEG,LAT-D03-N3,N3,LAT,D,LAT-D03,2,D,-1,LAT-D-NEG,Put the Rubik's cube to the right of the bowl.,61d9185096c89b210dc3e920914c889cf2292bed07f1265521658c5a5988e7f4,20261925,2026092303,450,PLANNED_NOT_RELEASED,,,
SGW-01,LAT-D03-N3-I-NEG,LAT-D03-N3,N3,LAT,D,LAT-D03,3,I,-1,LAT-I-NEG,Place the Rubik's cube so that the bowl is to the left of the Rubik's cube.,3c36eb09d55cf3875d3d5e49abd4571bdedddb069b328fcb62abd08fc6a515b0,20261925,2026092303,450,PLANNED_NOT_RELEASED,,,
SGW-01,LAT-D03-N3-I-POS,LAT-D03-N3,N3,LAT,D,LAT-D03,4,I,1,LAT-I-POS,Place the Rubik's cube so that the bowl is to the right of the Rubik's cube.,6ed00a80ed714a034daa682371ddf42c2e576e40ccc4345fa73053833b4e2d39,20261925,2026092303,450,PLANNED_NOT_RELEASED,,,
SGW-01,LAT-D03-N3-C-POS,LAT-D03-N3,N3,LAT,D,LAT-D03,5,C,1,LAT-C-POS,Place the Rubik's cube so that the Rubik's cube is to the left of the bowl.,0627baa29ac138ba59a7f8a9e19b78a31258b525c26545131047e39619e3215c,20261925,2026092303,450,PLANNED_NOT_RELEASED,,,
SGW-01,LAT-D03-N3-C-NEG,LAT-D03-N3,N3,LAT,D,LAT-D03,6,C,-1,LAT-C-NEG,Place the Rubik's cube so that the Rubik's cube is to the right of the bowl.,7b8582cd1340a540266f361902a3790fdd972ad704cfc3140ec6948f33b8f301,20261925,2026092303,450,PLANNED_NOT_RELEASED,,,
SGW-01,LAT-D03-D1-D-POS,LAT-D03-D1,D1,LAT,D,LAT-D03,1,D,1,LAT-D-POS,Put the Rubik's cube to the left of the bowl.,7a9010154f1b73764e6fec767eff0563dfe95807babb6369e7cd6de60ec7aa92,20261925,1140,450,PLANNED_NOT_RELEASED,,,
SGW-01,LAT-D03-D1-D-NEG,LAT-D03-D1,D1,LAT,D,LAT-D03,2,D,-1,LAT-D-NEG,Put the Rubik's cube to the right of the bowl.,61d9185096c89b210dc3e920914c889cf2292bed07f1265521658c5a5988e7f4,20261925,1140,450,PLANNED_NOT_RELEASED,,,
SGW-01,LAT-D03-D1-I-NEG,LAT-D03-D1,D1,LAT,D,LAT-D03,3,I,-1,LAT-I-NEG,Place the Rubik's cube so that the bowl is to the left of the Rubik's cube.,3c36eb09d55cf3875d3d5e49abd4571bdedddb069b328fcb62abd08fc6a515b0,20261925,1140,450,PLANNED_NOT_RELEASED,,,
SGW-01,LAT-D03-D1-I-POS,LAT-D03-D1,D1,LAT,D,LAT-D03,4,I,1,LAT-I-POS,Place the Rubik's cube so that the bowl is to the right of the Rubik's cube.,6ed00a80ed714a034daa682371ddf42c2e576e40ccc4345fa73053833b4e2d39,20261925,1140,450,PLANNED_NOT_RELEASED,,,
SGW-01,LAT-D03-D1-C-POS,LAT-D03-D1,D1,LAT,D,LAT-D03,5,C,1,LAT-C-POS,Place the Rubik's cube so that the Rubik's cube is to the left of the bowl.,0627baa29ac138ba59a7f8a9e19b78a31258b525c26545131047e39619e3215c,20261925,1140,450,PLANNED_NOT_RELEASED,,,
SGW-01,LAT-D03-D1-C-NEG,LAT-D03-D1,D1,LAT,D,LAT-D03,6,C,-1,LAT-C-NEG,Place the Rubik's cube so that the Rubik's cube is to the right of the bowl.,7b8582cd1340a540266f361902a3790fdd972ad704cfc3140ec6948f33b8f301,20261925,1140,450,PLANNED_NOT_RELEASED,,,
SGW-01,LAT-D04-N3-D-NEG,LAT-D04-N3,N3,LAT,D,LAT-D04,1,D,-1,LAT-D-NEG,Put the Rubik's cube to the right of the bowl.,61d9185096c89b210dc3e920914c889cf2292bed07f1265521658c5a5988e7f4,20261926,2026092304,450,PLANNED_NOT_RELEASED,,,
SGW-01,LAT-D04-N3-I-NEG,LAT-D04-N3,N3,LAT,D,LAT-D04,2,I,-1,LAT-I-NEG,Place the Rubik's cube so that the bowl is to the left of the Rubik's cube.,3c36eb09d55cf3875d3d5e49abd4571bdedddb069b328fcb62abd08fc6a515b0,20261926,2026092304,450,PLANNED_NOT_RELEASED,,,
SGW-01,LAT-D04-N3-I-POS,LAT-D04-N3,N3,LAT,D,LAT-D04,3,I,1,LAT-I-POS,Place the Rubik's cube so that the bowl is to the right of the Rubik's cube.,6ed00a80ed714a034daa682371ddf42c2e576e40ccc4345fa73053833b4e2d39,20261926,2026092304,450,PLANNED_NOT_RELEASED,,,
SGW-01,LAT-D04-N3-C-POS,LAT-D04-N3,N3,LAT,D,LAT-D04,4,C,1,LAT-C-POS,Place the Rubik's cube so that the Rubik's cube is to the left of the bowl.,0627baa29ac138ba59a7f8a9e19b78a31258b525c26545131047e39619e3215c,20261926,2026092304,450,PLANNED_NOT_RELEASED,,,
SGW-01,LAT-D04-N3-C-NEG,LAT-D04-N3,N3,LAT,D,LAT-D04,5,C,-1,LAT-C-NEG,Place the Rubik's cube so that the Rubik's cube is to the right of the bowl.,7b8582cd1340a540266f361902a3790fdd972ad704cfc3140ec6948f33b8f301,20261926,2026092304,450,PLANNED_NOT_RELEASED,,,
SGW-01,LAT-D04-N3-D-POS,LAT-D04-N3,N3,LAT,D,LAT-D04,6,D,1,LAT-D-POS,Put the Rubik's cube to the left of the bowl.,7a9010154f1b73764e6fec767eff0563dfe95807babb6369e7cd6de60ec7aa92,20261926,2026092304,450,PLANNED_NOT_RELEASED,,,
SGW-01,LAT-D04-D1-D-NEG,LAT-D04-D1,D1,LAT,D,LAT-D04,1,D,-1,LAT-D-NEG,Put the Rubik's cube to the right of the bowl.,61d9185096c89b210dc3e920914c889cf2292bed07f1265521658c5a5988e7f4,20261926,1140,450,PLANNED_NOT_RELEASED,,,
SGW-01,LAT-D04-D1-I-NEG,LAT-D04-D1,D1,LAT,D,LAT-D04,2,I,-1,LAT-I-NEG,Place the Rubik's cube so that the bowl is to the left of the Rubik's cube.,3c36eb09d55cf3875d3d5e49abd4571bdedddb069b328fcb62abd08fc6a515b0,20261926,1140,450,PLANNED_NOT_RELEASED,,,
SGW-01,LAT-D04-D1-I-POS,LAT-D04-D1,D1,LAT,D,LAT-D04,3,I,1,LAT-I-POS,Place the Rubik's cube so that the bowl is to the right of the Rubik's cube.,6ed00a80ed714a034daa682371ddf42c2e576e40ccc4345fa73053833b4e2d39,20261926,1140,450,PLANNED_NOT_RELEASED,,,
SGW-01,LAT-D04-D1-C-POS,LAT-D04-D1,D1,LAT,D,LAT-D04,4,C,1,LAT-C-POS,Place the Rubik's cube so that the Rubik's cube is to the left of the bowl.,0627baa29ac138ba59a7f8a9e19b78a31258b525c26545131047e39619e3215c,20261926,1140,450,PLANNED_NOT_RELEASED,,,
SGW-01,LAT-D04-D1-C-NEG,LAT-D04-D1,D1,LAT,D,LAT-D04,5,C,-1,LAT-C-NEG,Place the Rubik's cube so that the Rubik's cube is to the right of the bowl.,7b8582cd1340a540266f361902a3790fdd972ad704cfc3140ec6948f33b8f301,20261926,1140,450,PLANNED_NOT_RELEASED,,,
SGW-01,LAT-D04-D1-D-POS,LAT-D04-D1,D1,LAT,D,LAT-D04,6,D,1,LAT-D-POS,Put the Rubik's cube to the left of the bowl.,7a9010154f1b73764e6fec767eff0563dfe95807babb6369e7cd6de60ec7aa92,20261926,1140,450,PLANNED_NOT_RELEASED,,,
SGW-01,LAT-C01-N3-I-POS,LAT-C01-N3,N3,LAT,C,LAT-C01,1,I,1,LAT-I-POS,Place the Rubik's cube so that the bowl is to the right of the Rubik's cube.,6ed00a80ed714a034daa682371ddf42c2e576e40ccc4345fa73053833b4e2d39,20262923,2026092401,450,PLANNED_NOT_RELEASED,,,
SGW-01,LAT-C01-N3-C-NEG,LAT-C01-N3,N3,LAT,C,LAT-C01,2,C,-1,LAT-C-NEG,Place the Rubik's cube so that the Rubik's cube is to the right of the bowl.,7b8582cd1340a540266f361902a3790fdd972ad704cfc3140ec6948f33b8f301,20262923,2026092401,450,PLANNED_NOT_RELEASED,,,
SGW-01,LAT-C01-N3-I-NEG,LAT-C01-N3,N3,LAT,C,LAT-C01,3,I,-1,LAT-I-NEG,Place the Rubik's cube so that the bowl is to the left of the Rubik's cube.,3c36eb09d55cf3875d3d5e49abd4571bdedddb069b328fcb62abd08fc6a515b0,20262923,2026092401,450,PLANNED_NOT_RELEASED,,,
SGW-01,LAT-C01-N3-C-POS,LAT-C01-N3,N3,LAT,C,LAT-C01,4,C,1,LAT-C-POS,Place the Rubik's cube so that the Rubik's cube is to the left of the bowl.,0627baa29ac138ba59a7f8a9e19b78a31258b525c26545131047e39619e3215c,20262923,2026092401,450,PLANNED_NOT_RELEASED,,,
SGW-01,LAT-C01-N3-D-POS,LAT-C01-N3,N3,LAT,C,LAT-C01,5,D,1,LAT-D-POS,Put the Rubik's cube to the left of the bowl.,7a9010154f1b73764e6fec767eff0563dfe95807babb6369e7cd6de60ec7aa92,20262923,2026092401,450,PLANNED_NOT_RELEASED,,,
SGW-01,LAT-C01-N3-D-NEG,LAT-C01-N3,N3,LAT,C,LAT-C01,6,D,-1,LAT-D-NEG,Put the Rubik's cube to the right of the bowl.,61d9185096c89b210dc3e920914c889cf2292bed07f1265521658c5a5988e7f4,20262923,2026092401,450,PLANNED_NOT_RELEASED,,,
SGW-01,LAT-C01-D1-I-POS,LAT-C01-D1,D1,LAT,C,LAT-C01,1,I,1,LAT-I-POS,Place the Rubik's cube so that the bowl is to the right of the Rubik's cube.,6ed00a80ed714a034daa682371ddf42c2e576e40ccc4345fa73053833b4e2d39,20262923,1140,450,PLANNED_NOT_RELEASED,,,
SGW-01,LAT-C01-D1-C-NEG,LAT-C01-D1,D1,LAT,C,LAT-C01,2,C,-1,LAT-C-NEG,Place the Rubik's cube so that the Rubik's cube is to the right of the bowl.,7b8582cd1340a540266f361902a3790fdd972ad704cfc3140ec6948f33b8f301,20262923,1140,450,PLANNED_NOT_RELEASED,,,
SGW-01,LAT-C01-D1-I-NEG,LAT-C01-D1,D1,LAT,C,LAT-C01,3,I,-1,LAT-I-NEG,Place the Rubik's cube so that the bowl is to the left of the Rubik's cube.,3c36eb09d55cf3875d3d5e49abd4571bdedddb069b328fcb62abd08fc6a515b0,20262923,1140,450,PLANNED_NOT_RELEASED,,,
SGW-01,LAT-C01-D1-C-POS,LAT-C01-D1,D1,LAT,C,LAT-C01,4,C,1,LAT-C-POS,Place the Rubik's cube so that the Rubik's cube is to the left of the bowl.,0627baa29ac138ba59a7f8a9e19b78a31258b525c26545131047e39619e3215c,20262923,1140,450,PLANNED_NOT_RELEASED,,,
SGW-01,LAT-C01-D1-D-POS,LAT-C01-D1,D1,LAT,C,LAT-C01,5,D,1,LAT-D-POS,Put the Rubik's cube to the left of the bowl.,7a9010154f1b73764e6fec767eff0563dfe95807babb6369e7cd6de60ec7aa92,20262923,1140,450,PLANNED_NOT_RELEASED,,,
SGW-01,LAT-C01-D1-D-NEG,LAT-C01-D1,D1,LAT,C,LAT-C01,6,D,-1,LAT-D-NEG,Put the Rubik's cube to the right of the bowl.,61d9185096c89b210dc3e920914c889cf2292bed07f1265521658c5a5988e7f4,20262923,1140,450,PLANNED_NOT_RELEASED,,,
SGW-01,LAT-C02-N3-C-NEG,LAT-C02-N3,N3,LAT,C,LAT-C02,1,C,-1,LAT-C-NEG,Place the Rubik's cube so that the Rubik's cube is to the right of the bowl.,7b8582cd1340a540266f361902a3790fdd972ad704cfc3140ec6948f33b8f301,20262924,2026092402,450,PLANNED_NOT_RELEASED,,,
SGW-01,LAT-C02-N3-I-NEG,LAT-C02-N3,N3,LAT,C,LAT-C02,2,I,-1,LAT-I-NEG,Place the Rubik's cube so that the bowl is to the left of the Rubik's cube.,3c36eb09d55cf3875d3d5e49abd4571bdedddb069b328fcb62abd08fc6a515b0,20262924,2026092402,450,PLANNED_NOT_RELEASED,,,
SGW-01,LAT-C02-N3-C-POS,LAT-C02-N3,N3,LAT,C,LAT-C02,3,C,1,LAT-C-POS,Place the Rubik's cube so that the Rubik's cube is to the left of the bowl.,0627baa29ac138ba59a7f8a9e19b78a31258b525c26545131047e39619e3215c,20262924,2026092402,450,PLANNED_NOT_RELEASED,,,
SGW-01,LAT-C02-N3-D-POS,LAT-C02-N3,N3,LAT,C,LAT-C02,4,D,1,LAT-D-POS,Put the Rubik's cube to the left of the bowl.,7a9010154f1b73764e6fec767eff0563dfe95807babb6369e7cd6de60ec7aa92,20262924,2026092402,450,PLANNED_NOT_RELEASED,,,
SGW-01,LAT-C02-N3-D-NEG,LAT-C02-N3,N3,LAT,C,LAT-C02,5,D,-1,LAT-D-NEG,Put the Rubik's cube to the right of the bowl.,61d9185096c89b210dc3e920914c889cf2292bed07f1265521658c5a5988e7f4,20262924,2026092402,450,PLANNED_NOT_RELEASED,,,
SGW-01,LAT-C02-N3-I-POS,LAT-C02-N3,N3,LAT,C,LAT-C02,6,I,1,LAT-I-POS,Place the Rubik's cube so that the bowl is to the right of the Rubik's cube.,6ed00a80ed714a034daa682371ddf42c2e576e40ccc4345fa73053833b4e2d39,20262924,2026092402,450,PLANNED_NOT_RELEASED,,,
SGW-01,LAT-C02-D1-C-NEG,LAT-C02-D1,D1,LAT,C,LAT-C02,1,C,-1,LAT-C-NEG,Place the Rubik's cube so that the Rubik's cube is to the right of the bowl.,7b8582cd1340a540266f361902a3790fdd972ad704cfc3140ec6948f33b8f301,20262924,1140,450,PLANNED_NOT_RELEASED,,,
SGW-01,LAT-C02-D1-I-NEG,LAT-C02-D1,D1,LAT,C,LAT-C02,2,I,-1,LAT-I-NEG,Place the Rubik's cube so that the bowl is to the left of the Rubik's cube.,3c36eb09d55cf3875d3d5e49abd4571bdedddb069b328fcb62abd08fc6a515b0,20262924,1140,450,PLANNED_NOT_RELEASED,,,
SGW-01,LAT-C02-D1-C-POS,LAT-C02-D1,D1,LAT,C,LAT-C02,3,C,1,LAT-C-POS,Place the Rubik's cube so that the Rubik's cube is to the left of the bowl.,0627baa29ac138ba59a7f8a9e19b78a31258b525c26545131047e39619e3215c,20262924,1140,450,PLANNED_NOT_RELEASED,,,
SGW-01,LAT-C02-D1-D-POS,LAT-C02-D1,D1,LAT,C,LAT-C02,4,D,1,LAT-D-POS,Put the Rubik's cube to the left of the bowl.,7a9010154f1b73764e6fec767eff0563dfe95807babb6369e7cd6de60ec7aa92,20262924,1140,450,PLANNED_NOT_RELEASED,,,
SGW-01,LAT-C02-D1-D-NEG,LAT-C02-D1,D1,LAT,C,LAT-C02,5,D,-1,LAT-D-NEG,Put the Rubik's cube to the right of the bowl.,61d9185096c89b210dc3e920914c889cf2292bed07f1265521658c5a5988e7f4,20262924,1140,450,PLANNED_NOT_RELEASED,,,
SGW-01,LAT-C02-D1-I-POS,LAT-C02-D1,D1,LAT,C,LAT-C02,6,I,1,LAT-I-POS,Place the Rubik's cube so that the bowl is to the right of the Rubik's cube.,6ed00a80ed714a034daa682371ddf42c2e576e40ccc4345fa73053833b4e2d39,20262924,1140,450,PLANNED_NOT_RELEASED,,,
SGW-01,LAT-C03-N3-I-NEG,LAT-C03-N3,N3,LAT,C,LAT-C03,1,I,-1,LAT-I-NEG,Place the Rubik's cube so that the bowl is to the left of the Rubik's cube.,3c36eb09d55cf3875d3d5e49abd4571bdedddb069b328fcb62abd08fc6a515b0,20262925,2026092403,450,PLANNED_NOT_RELEASED,,,
SGW-01,LAT-C03-N3-C-POS,LAT-C03-N3,N3,LAT,C,LAT-C03,2,C,1,LAT-C-POS,Place the Rubik's cube so that the Rubik's cube is to the left of the bowl.,0627baa29ac138ba59a7f8a9e19b78a31258b525c26545131047e39619e3215c,20262925,2026092403,450,PLANNED_NOT_RELEASED,,,
SGW-01,LAT-C03-N3-D-POS,LAT-C03-N3,N3,LAT,C,LAT-C03,3,D,1,LAT-D-POS,Put the Rubik's cube to the left of the bowl.,7a9010154f1b73764e6fec767eff0563dfe95807babb6369e7cd6de60ec7aa92,20262925,2026092403,450,PLANNED_NOT_RELEASED,,,
SGW-01,LAT-C03-N3-D-NEG,LAT-C03-N3,N3,LAT,C,LAT-C03,4,D,-1,LAT-D-NEG,Put the Rubik's cube to the right of the bowl.,61d9185096c89b210dc3e920914c889cf2292bed07f1265521658c5a5988e7f4,20262925,2026092403,450,PLANNED_NOT_RELEASED,,,
SGW-01,LAT-C03-N3-I-POS,LAT-C03-N3,N3,LAT,C,LAT-C03,5,I,1,LAT-I-POS,Place the Rubik's cube so that the bowl is to the right of the Rubik's cube.,6ed00a80ed714a034daa682371ddf42c2e576e40ccc4345fa73053833b4e2d39,20262925,2026092403,450,PLANNED_NOT_RELEASED,,,
SGW-01,LAT-C03-N3-C-NEG,LAT-C03-N3,N3,LAT,C,LAT-C03,6,C,-1,LAT-C-NEG,Place the Rubik's cube so that the Rubik's cube is to the right of the bowl.,7b8582cd1340a540266f361902a3790fdd972ad704cfc3140ec6948f33b8f301,20262925,2026092403,450,PLANNED_NOT_RELEASED,,,
SGW-01,LAT-C03-D1-I-NEG,LAT-C03-D1,D1,LAT,C,LAT-C03,1,I,-1,LAT-I-NEG,Place the Rubik's cube so that the bowl is to the left of the Rubik's cube.,3c36eb09d55cf3875d3d5e49abd4571bdedddb069b328fcb62abd08fc6a515b0,20262925,1140,450,PLANNED_NOT_RELEASED,,,
SGW-01,LAT-C03-D1-C-POS,LAT-C03-D1,D1,LAT,C,LAT-C03,2,C,1,LAT-C-POS,Place the Rubik's cube so that the Rubik's cube is to the left of the bowl.,0627baa29ac138ba59a7f8a9e19b78a31258b525c26545131047e39619e3215c,20262925,1140,450,PLANNED_NOT_RELEASED,,,
SGW-01,LAT-C03-D1-D-POS,LAT-C03-D1,D1,LAT,C,LAT-C03,3,D,1,LAT-D-POS,Put the Rubik's cube to the left of the bowl.,7a9010154f1b73764e6fec767eff0563dfe95807babb6369e7cd6de60ec7aa92,20262925,1140,450,PLANNED_NOT_RELEASED,,,
SGW-01,LAT-C03-D1-D-NEG,LAT-C03-D1,D1,LAT,C,LAT-C03,4,D,-1,LAT-D-NEG,Put the Rubik's cube to the right of the bowl.,61d9185096c89b210dc3e920914c889cf2292bed07f1265521658c5a5988e7f4,20262925,1140,450,PLANNED_NOT_RELEASED,,,
SGW-01,LAT-C03-D1-I-POS,LAT-C03-D1,D1,LAT,C,LAT-C03,5,I,1,LAT-I-POS,Place the Rubik's cube so that the bowl is to the right of the Rubik's cube.,6ed00a80ed714a034daa682371ddf42c2e576e40ccc4345fa73053833b4e2d39,20262925,1140,450,PLANNED_NOT_RELEASED,,,
SGW-01,LAT-C03-D1-C-NEG,LAT-C03-D1,D1,LAT,C,LAT-C03,6,C,-1,LAT-C-NEG,Place the Rubik's cube so that the Rubik's cube is to the right of the bowl.,7b8582cd1340a540266f361902a3790fdd972ad704cfc3140ec6948f33b8f301,20262925,1140,450,PLANNED_NOT_RELEASED,,,
SGW-01,LAT-C04-N3-C-POS,LAT-C04-N3,N3,LAT,C,LAT-C04,1,C,1,LAT-C-POS,Place the Rubik's cube so that the Rubik's cube is to the left of the bowl.,0627baa29ac138ba59a7f8a9e19b78a31258b525c26545131047e39619e3215c,20262926,2026092404,450,PLANNED_NOT_RELEASED,,,
SGW-01,LAT-C04-N3-D-POS,LAT-C04-N3,N3,LAT,C,LAT-C04,2,D,1,LAT-D-POS,Put the Rubik's cube to the left of the bowl.,7a9010154f1b73764e6fec767eff0563dfe95807babb6369e7cd6de60ec7aa92,20262926,2026092404,450,PLANNED_NOT_RELEASED,,,
SGW-01,LAT-C04-N3-D-NEG,LAT-C04-N3,N3,LAT,C,LAT-C04,3,D,-1,LAT-D-NEG,Put the Rubik's cube to the right of the bowl.,61d9185096c89b210dc3e920914c889cf2292bed07f1265521658c5a5988e7f4,20262926,2026092404,450,PLANNED_NOT_RELEASED,,,
SGW-01,LAT-C04-N3-I-POS,LAT-C04-N3,N3,LAT,C,LAT-C04,4,I,1,LAT-I-POS,Place the Rubik's cube so that the bowl is to the right of the Rubik's cube.,6ed00a80ed714a034daa682371ddf42c2e576e40ccc4345fa73053833b4e2d39,20262926,2026092404,450,PLANNED_NOT_RELEASED,,,
SGW-01,LAT-C04-N3-C-NEG,LAT-C04-N3,N3,LAT,C,LAT-C04,5,C,-1,LAT-C-NEG,Place the Rubik's cube so that the Rubik's cube is to the right of the bowl.,7b8582cd1340a540266f361902a3790fdd972ad704cfc3140ec6948f33b8f301,20262926,2026092404,450,PLANNED_NOT_RELEASED,,,
SGW-01,LAT-C04-N3-I-NEG,LAT-C04-N3,N3,LAT,C,LAT-C04,6,I,-1,LAT-I-NEG,Place the Rubik's cube so that the bowl is to the left of the Rubik's cube.,3c36eb09d55cf3875d3d5e49abd4571bdedddb069b328fcb62abd08fc6a515b0,20262926,2026092404,450,PLANNED_NOT_RELEASED,,,
SGW-01,LAT-C04-D1-C-POS,LAT-C04-D1,D1,LAT,C,LAT-C04,1,C,1,LAT-C-POS,Place the Rubik's cube so that the Rubik's cube is to the left of the bowl.,0627baa29ac138ba59a7f8a9e19b78a31258b525c26545131047e39619e3215c,20262926,1140,450,PLANNED_NOT_RELEASED,,,
SGW-01,LAT-C04-D1-D-POS,LAT-C04-D1,D1,LAT,C,LAT-C04,2,D,1,LAT-D-POS,Put the Rubik's cube to the left of the bowl.,7a9010154f1b73764e6fec767eff0563dfe95807babb6369e7cd6de60ec7aa92,20262926,1140,450,PLANNED_NOT_RELEASED,,,
SGW-01,LAT-C04-D1-D-NEG,LAT-C04-D1,D1,LAT,C,LAT-C04,3,D,-1,LAT-D-NEG,Put the Rubik's cube to the right of the bowl.,61d9185096c89b210dc3e920914c889cf2292bed07f1265521658c5a5988e7f4,20262926,1140,450,PLANNED_NOT_RELEASED,,,
SGW-01,LAT-C04-D1-I-POS,LAT-C04-D1,D1,LAT,C,LAT-C04,4,I,1,LAT-I-POS,Place the Rubik's cube so that the bowl is to the right of the Rubik's cube.,6ed00a80ed714a034daa682371ddf42c2e576e40ccc4345fa73053833b4e2d39,20262926,1140,450,PLANNED_NOT_RELEASED,,,
SGW-01,LAT-C04-D1-C-NEG,LAT-C04-D1,D1,LAT,C,LAT-C04,5,C,-1,LAT-C-NEG,Place the Rubik's cube so that the Rubik's cube is to the right of the bowl.,7b8582cd1340a540266f361902a3790fdd972ad704cfc3140ec6948f33b8f301,20262926,1140,450,PLANNED_NOT_RELEASED,,,
SGW-01,LAT-C04-D1-I-NEG,LAT-C04-D1,D1,LAT,C,LAT-C04,6,I,-1,LAT-I-NEG,Place the Rubik's cube so that the bowl is to the left of the Rubik's cube.,3c36eb09d55cf3875d3d5e49abd4571bdedddb069b328fcb62abd08fc6a515b0,20262926,1140,450,PLANNED_NOT_RELEASED,,,
SGW-01,LAT-C05-N3-D-POS,LAT-C05-N3,N3,LAT,C,LAT-C05,1,D,1,LAT-D-POS,Put the Rubik's cube to the left of the bowl.,7a9010154f1b73764e6fec767eff0563dfe95807babb6369e7cd6de60ec7aa92,20262927,2026092405,450,PLANNED_NOT_RELEASED,,,
SGW-01,LAT-C05-N3-D-NEG,LAT-C05-N3,N3,LAT,C,LAT-C05,2,D,-1,LAT-D-NEG,Put the Rubik's cube to the right of the bowl.,61d9185096c89b210dc3e920914c889cf2292bed07f1265521658c5a5988e7f4,20262927,2026092405,450,PLANNED_NOT_RELEASED,,,
SGW-01,LAT-C05-N3-I-POS,LAT-C05-N3,N3,LAT,C,LAT-C05,3,I,1,LAT-I-POS,Place the Rubik's cube so that the bowl is to the right of the Rubik's cube.,6ed00a80ed714a034daa682371ddf42c2e576e40ccc4345fa73053833b4e2d39,20262927,2026092405,450,PLANNED_NOT_RELEASED,,,
SGW-01,LAT-C05-N3-C-NEG,LAT-C05-N3,N3,LAT,C,LAT-C05,4,C,-1,LAT-C-NEG,Place the Rubik's cube so that the Rubik's cube is to the right of the bowl.,7b8582cd1340a540266f361902a3790fdd972ad704cfc3140ec6948f33b8f301,20262927,2026092405,450,PLANNED_NOT_RELEASED,,,
SGW-01,LAT-C05-N3-I-NEG,LAT-C05-N3,N3,LAT,C,LAT-C05,5,I,-1,LAT-I-NEG,Place the Rubik's cube so that the bowl is to the left of the Rubik's cube.,3c36eb09d55cf3875d3d5e49abd4571bdedddb069b328fcb62abd08fc6a515b0,20262927,2026092405,450,PLANNED_NOT_RELEASED,,,
SGW-01,LAT-C05-N3-C-POS,LAT-C05-N3,N3,LAT,C,LAT-C05,6,C,1,LAT-C-POS,Place the Rubik's cube so that the Rubik's cube is to the left of the bowl.,0627baa29ac138ba59a7f8a9e19b78a31258b525c26545131047e39619e3215c,20262927,2026092405,450,PLANNED_NOT_RELEASED,,,
SGW-01,LAT-C05-D1-D-POS,LAT-C05-D1,D1,LAT,C,LAT-C05,1,D,1,LAT-D-POS,Put the Rubik's cube to the left of the bowl.,7a9010154f1b73764e6fec767eff0563dfe95807babb6369e7cd6de60ec7aa92,20262927,1140,450,PLANNED_NOT_RELEASED,,,
SGW-01,LAT-C05-D1-D-NEG,LAT-C05-D1,D1,LAT,C,LAT-C05,2,D,-1,LAT-D-NEG,Put the Rubik's cube to the right of the bowl.,61d9185096c89b210dc3e920914c889cf2292bed07f1265521658c5a5988e7f4,20262927,1140,450,PLANNED_NOT_RELEASED,,,
SGW-01,LAT-C05-D1-I-POS,LAT-C05-D1,D1,LAT,C,LAT-C05,3,I,1,LAT-I-POS,Place the Rubik's cube so that the bowl is to the right of the Rubik's cube.,6ed00a80ed714a034daa682371ddf42c2e576e40ccc4345fa73053833b4e2d39,20262927,1140,450,PLANNED_NOT_RELEASED,,,
SGW-01,LAT-C05-D1-C-NEG,LAT-C05-D1,D1,LAT,C,LAT-C05,4,C,-1,LAT-C-NEG,Place the Rubik's cube so that the Rubik's cube is to the right of the bowl.,7b8582cd1340a540266f361902a3790fdd972ad704cfc3140ec6948f33b8f301,20262927,1140,450,PLANNED_NOT_RELEASED,,,
SGW-01,LAT-C05-D1-I-NEG,LAT-C05-D1,D1,LAT,C,LAT-C05,5,I,-1,LAT-I-NEG,Place the Rubik's cube so that the bowl is to the left of the Rubik's cube.,3c36eb09d55cf3875d3d5e49abd4571bdedddb069b328fcb62abd08fc6a515b0,20262927,1140,450,PLANNED_NOT_RELEASED,,,
SGW-01,LAT-C05-D1-C-POS,LAT-C05-D1,D1,LAT,C,LAT-C05,6,C,1,LAT-C-POS,Place the Rubik's cube so that the Rubik's cube is to the left of the bowl.,0627baa29ac138ba59a7f8a9e19b78a31258b525c26545131047e39619e3215c,20262927,1140,450,PLANNED_NOT_RELEASED,,,
SGW-01,LAT-C06-N3-D-NEG,LAT-C06-N3,N3,LAT,C,LAT-C06,1,D,-1,LAT-D-NEG,Put the Rubik's cube to the right of the bowl.,61d9185096c89b210dc3e920914c889cf2292bed07f1265521658c5a5988e7f4,20262928,2026092406,450,PLANNED_NOT_RELEASED,,,
SGW-01,LAT-C06-N3-I-POS,LAT-C06-N3,N3,LAT,C,LAT-C06,2,I,1,LAT-I-POS,Place the Rubik's cube so that the bowl is to the right of the Rubik's cube.,6ed00a80ed714a034daa682371ddf42c2e576e40ccc4345fa73053833b4e2d39,20262928,2026092406,450,PLANNED_NOT_RELEASED,,,
SGW-01,LAT-C06-N3-C-NEG,LAT-C06-N3,N3,LAT,C,LAT-C06,3,C,-1,LAT-C-NEG,Place the Rubik's cube so that the Rubik's cube is to the right of the bowl.,7b8582cd1340a540266f361902a3790fdd972ad704cfc3140ec6948f33b8f301,20262928,2026092406,450,PLANNED_NOT_RELEASED,,,
SGW-01,LAT-C06-N3-I-NEG,LAT-C06-N3,N3,LAT,C,LAT-C06,4,I,-1,LAT-I-NEG,Place the Rubik's cube so that the bowl is to the left of the Rubik's cube.,3c36eb09d55cf3875d3d5e49abd4571bdedddb069b328fcb62abd08fc6a515b0,20262928,2026092406,450,PLANNED_NOT_RELEASED,,,
SGW-01,LAT-C06-N3-C-POS,LAT-C06-N3,N3,LAT,C,LAT-C06,5,C,1,LAT-C-POS,Place the Rubik's cube so that the Rubik's cube is to the left of the bowl.,0627baa29ac138ba59a7f8a9e19b78a31258b525c26545131047e39619e3215c,20262928,2026092406,450,PLANNED_NOT_RELEASED,,,
SGW-01,LAT-C06-N3-D-POS,LAT-C06-N3,N3,LAT,C,LAT-C06,6,D,1,LAT-D-POS,Put the Rubik's cube to the left of the bowl.,7a9010154f1b73764e6fec767eff0563dfe95807babb6369e7cd6de60ec7aa92,20262928,2026092406,450,PLANNED_NOT_RELEASED,,,
SGW-01,LAT-C06-D1-D-NEG,LAT-C06-D1,D1,LAT,C,LAT-C06,1,D,-1,LAT-D-NEG,Put the Rubik's cube to the right of the bowl.,61d9185096c89b210dc3e920914c889cf2292bed07f1265521658c5a5988e7f4,20262928,1140,450,PLANNED_NOT_RELEASED,,,
SGW-01,LAT-C06-D1-I-POS,LAT-C06-D1,D1,LAT,C,LAT-C06,2,I,1,LAT-I-POS,Place the Rubik's cube so that the bowl is to the right of the Rubik's cube.,6ed00a80ed714a034daa682371ddf42c2e576e40ccc4345fa73053833b4e2d39,20262928,1140,450,PLANNED_NOT_RELEASED,,,
SGW-01,LAT-C06-D1-C-NEG,LAT-C06-D1,D1,LAT,C,LAT-C06,3,C,-1,LAT-C-NEG,Place the Rubik's cube so that the Rubik's cube is to the right of the bowl.,7b8582cd1340a540266f361902a3790fdd972ad704cfc3140ec6948f33b8f301,20262928,1140,450,PLANNED_NOT_RELEASED,,,
SGW-01,LAT-C06-D1-I-NEG,LAT-C06-D1,D1,LAT,C,LAT-C06,4,I,-1,LAT-I-NEG,Place the Rubik's cube so that the bowl is to the left of the Rubik's cube.,3c36eb09d55cf3875d3d5e49abd4571bdedddb069b328fcb62abd08fc6a515b0,20262928,1140,450,PLANNED_NOT_RELEASED,,,
SGW-01,LAT-C06-D1-C-POS,LAT-C06-D1,D1,LAT,C,LAT-C06,5,C,1,LAT-C-POS,Place the Rubik's cube so that the Rubik's cube is to the left of the bowl.,0627baa29ac138ba59a7f8a9e19b78a31258b525c26545131047e39619e3215c,20262928,1140,450,PLANNED_NOT_RELEASED,,,
SGW-01,LAT-C06-D1-D-POS,LAT-C06-D1,D1,LAT,C,LAT-C06,6,D,1,LAT-D-POS,Put the Rubik's cube to the left of the bowl.,7a9010154f1b73764e6fec767eff0563dfe95807babb6369e7cd6de60ec7aa92,20262928,1140,450,PLANNED_NOT_RELEASED,,,
SGW-01,LAT-C07-N3-I-NEG,LAT-C07-N3,N3,LAT,C,LAT-C07,1,I,-1,LAT-I-NEG,Place the Rubik's cube so that the bowl is to the left of the Rubik's cube.,3c36eb09d55cf3875d3d5e49abd4571bdedddb069b328fcb62abd08fc6a515b0,20262929,2026092407,450,PLANNED_NOT_RELEASED,,,
SGW-01,LAT-C07-N3-D-NEG,LAT-C07-N3,N3,LAT,C,LAT-C07,2,D,-1,LAT-D-NEG,Put the Rubik's cube to the right of the bowl.,61d9185096c89b210dc3e920914c889cf2292bed07f1265521658c5a5988e7f4,20262929,2026092407,450,PLANNED_NOT_RELEASED,,,
SGW-01,LAT-C07-N3-C-POS,LAT-C07-N3,N3,LAT,C,LAT-C07,3,C,1,LAT-C-POS,Place the Rubik's cube so that the Rubik's cube is to the left of the bowl.,0627baa29ac138ba59a7f8a9e19b78a31258b525c26545131047e39619e3215c,20262929,2026092407,450,PLANNED_NOT_RELEASED,,,
SGW-01,LAT-C07-N3-D-POS,LAT-C07-N3,N3,LAT,C,LAT-C07,4,D,1,LAT-D-POS,Put the Rubik's cube to the left of the bowl.,7a9010154f1b73764e6fec767eff0563dfe95807babb6369e7cd6de60ec7aa92,20262929,2026092407,450,PLANNED_NOT_RELEASED,,,
SGW-01,LAT-C07-N3-C-NEG,LAT-C07-N3,N3,LAT,C,LAT-C07,5,C,-1,LAT-C-NEG,Place the Rubik's cube so that the Rubik's cube is to the right of the bowl.,7b8582cd1340a540266f361902a3790fdd972ad704cfc3140ec6948f33b8f301,20262929,2026092407,450,PLANNED_NOT_RELEASED,,,
SGW-01,LAT-C07-N3-I-POS,LAT-C07-N3,N3,LAT,C,LAT-C07,6,I,1,LAT-I-POS,Place the Rubik's cube so that the bowl is to the right of the Rubik's cube.,6ed00a80ed714a034daa682371ddf42c2e576e40ccc4345fa73053833b4e2d39,20262929,2026092407,450,PLANNED_NOT_RELEASED,,,
SGW-01,LAT-C07-D1-I-NEG,LAT-C07-D1,D1,LAT,C,LAT-C07,1,I,-1,LAT-I-NEG,Place the Rubik's cube so that the bowl is to the left of the Rubik's cube.,3c36eb09d55cf3875d3d5e49abd4571bdedddb069b328fcb62abd08fc6a515b0,20262929,1140,450,PLANNED_NOT_RELEASED,,,
SGW-01,LAT-C07-D1-D-NEG,LAT-C07-D1,D1,LAT,C,LAT-C07,2,D,-1,LAT-D-NEG,Put the Rubik's cube to the right of the bowl.,61d9185096c89b210dc3e920914c889cf2292bed07f1265521658c5a5988e7f4,20262929,1140,450,PLANNED_NOT_RELEASED,,,
SGW-01,LAT-C07-D1-C-POS,LAT-C07-D1,D1,LAT,C,LAT-C07,3,C,1,LAT-C-POS,Place the Rubik's cube so that the Rubik's cube is to the left of the bowl.,0627baa29ac138ba59a7f8a9e19b78a31258b525c26545131047e39619e3215c,20262929,1140,450,PLANNED_NOT_RELEASED,,,
SGW-01,LAT-C07-D1-D-POS,LAT-C07-D1,D1,LAT,C,LAT-C07,4,D,1,LAT-D-POS,Put the Rubik's cube to the left of the bowl.,7a9010154f1b73764e6fec767eff0563dfe95807babb6369e7cd6de60ec7aa92,20262929,1140,450,PLANNED_NOT_RELEASED,,,
SGW-01,LAT-C07-D1-C-NEG,LAT-C07-D1,D1,LAT,C,LAT-C07,5,C,-1,LAT-C-NEG,Place the Rubik's cube so that the Rubik's cube is to the right of the bowl.,7b8582cd1340a540266f361902a3790fdd972ad704cfc3140ec6948f33b8f301,20262929,1140,450,PLANNED_NOT_RELEASED,,,
SGW-01,LAT-C07-D1-I-POS,LAT-C07-D1,D1,LAT,C,LAT-C07,6,I,1,LAT-I-POS,Place the Rubik's cube so that the bowl is to the right of the Rubik's cube.,6ed00a80ed714a034daa682371ddf42c2e576e40ccc4345fa73053833b4e2d39,20262929,1140,450,PLANNED_NOT_RELEASED,,,
SGW-01,LAT-C08-N3-D-NEG,LAT-C08-N3,N3,LAT,C,LAT-C08,1,D,-1,LAT-D-NEG,Put the Rubik's cube to the right of the bowl.,61d9185096c89b210dc3e920914c889cf2292bed07f1265521658c5a5988e7f4,20262930,2026092408,450,PLANNED_NOT_RELEASED,,,
SGW-01,LAT-C08-N3-C-POS,LAT-C08-N3,N3,LAT,C,LAT-C08,2,C,1,LAT-C-POS,Place the Rubik's cube so that the Rubik's cube is to the left of the bowl.,0627baa29ac138ba59a7f8a9e19b78a31258b525c26545131047e39619e3215c,20262930,2026092408,450,PLANNED_NOT_RELEASED,,,
SGW-01,LAT-C08-N3-D-POS,LAT-C08-N3,N3,LAT,C,LAT-C08,3,D,1,LAT-D-POS,Put the Rubik's cube to the left of the bowl.,7a9010154f1b73764e6fec767eff0563dfe95807babb6369e7cd6de60ec7aa92,20262930,2026092408,450,PLANNED_NOT_RELEASED,,,
SGW-01,LAT-C08-N3-C-NEG,LAT-C08-N3,N3,LAT,C,LAT-C08,4,C,-1,LAT-C-NEG,Place the Rubik's cube so that the Rubik's cube is to the right of the bowl.,7b8582cd1340a540266f361902a3790fdd972ad704cfc3140ec6948f33b8f301,20262930,2026092408,450,PLANNED_NOT_RELEASED,,,
SGW-01,LAT-C08-N3-I-POS,LAT-C08-N3,N3,LAT,C,LAT-C08,5,I,1,LAT-I-POS,Place the Rubik's cube so that the bowl is to the right of the Rubik's cube.,6ed00a80ed714a034daa682371ddf42c2e576e40ccc4345fa73053833b4e2d39,20262930,2026092408,450,PLANNED_NOT_RELEASED,,,
SGW-01,LAT-C08-N3-I-NEG,LAT-C08-N3,N3,LAT,C,LAT-C08,6,I,-1,LAT-I-NEG,Place the Rubik's cube so that the bowl is to the left of the Rubik's cube.,3c36eb09d55cf3875d3d5e49abd4571bdedddb069b328fcb62abd08fc6a515b0,20262930,2026092408,450,PLANNED_NOT_RELEASED,,,
SGW-01,LAT-C08-D1-D-NEG,LAT-C08-D1,D1,LAT,C,LAT-C08,1,D,-1,LAT-D-NEG,Put the Rubik's cube to the right of the bowl.,61d9185096c89b210dc3e920914c889cf2292bed07f1265521658c5a5988e7f4,20262930,1140,450,PLANNED_NOT_RELEASED,,,
SGW-01,LAT-C08-D1-C-POS,LAT-C08-D1,D1,LAT,C,LAT-C08,2,C,1,LAT-C-POS,Place the Rubik's cube so that the Rubik's cube is to the left of the bowl.,0627baa29ac138ba59a7f8a9e19b78a31258b525c26545131047e39619e3215c,20262930,1140,450,PLANNED_NOT_RELEASED,,,
SGW-01,LAT-C08-D1-D-POS,LAT-C08-D1,D1,LAT,C,LAT-C08,3,D,1,LAT-D-POS,Put the Rubik's cube to the left of the bowl.,7a9010154f1b73764e6fec767eff0563dfe95807babb6369e7cd6de60ec7aa92,20262930,1140,450,PLANNED_NOT_RELEASED,,,
SGW-01,LAT-C08-D1-C-NEG,LAT-C08-D1,D1,LAT,C,LAT-C08,4,C,-1,LAT-C-NEG,Place the Rubik's cube so that the Rubik's cube is to the right of the bowl.,7b8582cd1340a540266f361902a3790fdd972ad704cfc3140ec6948f33b8f301,20262930,1140,450,PLANNED_NOT_RELEASED,,,
SGW-01,LAT-C08-D1-I-POS,LAT-C08-D1,D1,LAT,C,LAT-C08,5,I,1,LAT-I-POS,Place the Rubik's cube so that the bowl is to the right of the Rubik's cube.,6ed00a80ed714a034daa682371ddf42c2e576e40ccc4345fa73053833b4e2d39,20262930,1140,450,PLANNED_NOT_RELEASED,,,
SGW-01,LAT-C08-D1-I-NEG,LAT-C08-D1,D1,LAT,C,LAT-C08,6,I,-1,LAT-I-NEG,Place the Rubik's cube so that the bowl is to the left of the Rubik's cube.,3c36eb09d55cf3875d3d5e49abd4571bdedddb069b328fcb62abd08fc6a515b0,20262930,1140,450,PLANNED_NOT_RELEASED,,,
SGW-01,LAT-C09-N3-C-POS,LAT-C09-N3,N3,LAT,C,LAT-C09,1,C,1,LAT-C-POS,Place the Rubik's cube so that the Rubik's cube is to the left of the bowl.,0627baa29ac138ba59a7f8a9e19b78a31258b525c26545131047e39619e3215c,20262931,2026092409,450,PLANNED_NOT_RELEASED,,,
SGW-01,LAT-C09-N3-D-POS,LAT-C09-N3,N3,LAT,C,LAT-C09,2,D,1,LAT-D-POS,Put the Rubik's cube to the left of the bowl.,7a9010154f1b73764e6fec767eff0563dfe95807babb6369e7cd6de60ec7aa92,20262931,2026092409,450,PLANNED_NOT_RELEASED,,,
SGW-01,LAT-C09-N3-C-NEG,LAT-C09-N3,N3,LAT,C,LAT-C09,3,C,-1,LAT-C-NEG,Place the Rubik's cube so that the Rubik's cube is to the right of the bowl.,7b8582cd1340a540266f361902a3790fdd972ad704cfc3140ec6948f33b8f301,20262931,2026092409,450,PLANNED_NOT_RELEASED,,,
SGW-01,LAT-C09-N3-I-POS,LAT-C09-N3,N3,LAT,C,LAT-C09,4,I,1,LAT-I-POS,Place the Rubik's cube so that the bowl is to the right of the Rubik's cube.,6ed00a80ed714a034daa682371ddf42c2e576e40ccc4345fa73053833b4e2d39,20262931,2026092409,450,PLANNED_NOT_RELEASED,,,
SGW-01,LAT-C09-N3-I-NEG,LAT-C09-N3,N3,LAT,C,LAT-C09,5,I,-1,LAT-I-NEG,Place the Rubik's cube so that the bowl is to the left of the Rubik's cube.,3c36eb09d55cf3875d3d5e49abd4571bdedddb069b328fcb62abd08fc6a515b0,20262931,2026092409,450,PLANNED_NOT_RELEASED,,,
SGW-01,LAT-C09-N3-D-NEG,LAT-C09-N3,N3,LAT,C,LAT-C09,6,D,-1,LAT-D-NEG,Put the Rubik's cube to the right of the bowl.,61d9185096c89b210dc3e920914c889cf2292bed07f1265521658c5a5988e7f4,20262931,2026092409,450,PLANNED_NOT_RELEASED,,,
SGW-01,LAT-C09-D1-C-POS,LAT-C09-D1,D1,LAT,C,LAT-C09,1,C,1,LAT-C-POS,Place the Rubik's cube so that the Rubik's cube is to the left of the bowl.,0627baa29ac138ba59a7f8a9e19b78a31258b525c26545131047e39619e3215c,20262931,1140,450,PLANNED_NOT_RELEASED,,,
SGW-01,LAT-C09-D1-D-POS,LAT-C09-D1,D1,LAT,C,LAT-C09,2,D,1,LAT-D-POS,Put the Rubik's cube to the left of the bowl.,7a9010154f1b73764e6fec767eff0563dfe95807babb6369e7cd6de60ec7aa92,20262931,1140,450,PLANNED_NOT_RELEASED,,,
SGW-01,LAT-C09-D1-C-NEG,LAT-C09-D1,D1,LAT,C,LAT-C09,3,C,-1,LAT-C-NEG,Place the Rubik's cube so that the Rubik's cube is to the right of the bowl.,7b8582cd1340a540266f361902a3790fdd972ad704cfc3140ec6948f33b8f301,20262931,1140,450,PLANNED_NOT_RELEASED,,,
SGW-01,LAT-C09-D1-I-POS,LAT-C09-D1,D1,LAT,C,LAT-C09,4,I,1,LAT-I-POS,Place the Rubik's cube so that the bowl is to the right of the Rubik's cube.,6ed00a80ed714a034daa682371ddf42c2e576e40ccc4345fa73053833b4e2d39,20262931,1140,450,PLANNED_NOT_RELEASED,,,
SGW-01,LAT-C09-D1-I-NEG,LAT-C09-D1,D1,LAT,C,LAT-C09,5,I,-1,LAT-I-NEG,Place the Rubik's cube so that the bowl is to the left of the Rubik's cube.,3c36eb09d55cf3875d3d5e49abd4571bdedddb069b328fcb62abd08fc6a515b0,20262931,1140,450,PLANNED_NOT_RELEASED,,,
SGW-01,LAT-C09-D1-D-NEG,LAT-C09-D1,D1,LAT,C,LAT-C09,6,D,-1,LAT-D-NEG,Put the Rubik's cube to the right of the bowl.,61d9185096c89b210dc3e920914c889cf2292bed07f1265521658c5a5988e7f4,20262931,1140,450,PLANNED_NOT_RELEASED,,,
SGW-01,LAT-C10-N3-D-POS,LAT-C10-N3,N3,LAT,C,LAT-C10,1,D,1,LAT-D-POS,Put the Rubik's cube to the left of the bowl.,7a9010154f1b73764e6fec767eff0563dfe95807babb6369e7cd6de60ec7aa92,20262932,2026092410,450,PLANNED_NOT_RELEASED,,,
SGW-01,LAT-C10-N3-C-NEG,LAT-C10-N3,N3,LAT,C,LAT-C10,2,C,-1,LAT-C-NEG,Place the Rubik's cube so that the Rubik's cube is to the right of the bowl.,7b8582cd1340a540266f361902a3790fdd972ad704cfc3140ec6948f33b8f301,20262932,2026092410,450,PLANNED_NOT_RELEASED,,,
SGW-01,LAT-C10-N3-I-POS,LAT-C10-N3,N3,LAT,C,LAT-C10,3,I,1,LAT-I-POS,Place the Rubik's cube so that the bowl is to the right of the Rubik's cube.,6ed00a80ed714a034daa682371ddf42c2e576e40ccc4345fa73053833b4e2d39,20262932,2026092410,450,PLANNED_NOT_RELEASED,,,
SGW-01,LAT-C10-N3-I-NEG,LAT-C10-N3,N3,LAT,C,LAT-C10,4,I,-1,LAT-I-NEG,Place the Rubik's cube so that the bowl is to the left of the Rubik's cube.,3c36eb09d55cf3875d3d5e49abd4571bdedddb069b328fcb62abd08fc6a515b0,20262932,2026092410,450,PLANNED_NOT_RELEASED,,,
SGW-01,LAT-C10-N3-D-NEG,LAT-C10-N3,N3,LAT,C,LAT-C10,5,D,-1,LAT-D-NEG,Put the Rubik's cube to the right of the bowl.,61d9185096c89b210dc3e920914c889cf2292bed07f1265521658c5a5988e7f4,20262932,2026092410,450,PLANNED_NOT_RELEASED,,,
SGW-01,LAT-C10-N3-C-POS,LAT-C10-N3,N3,LAT,C,LAT-C10,6,C,1,LAT-C-POS,Place the Rubik's cube so that the Rubik's cube is to the left of the bowl.,0627baa29ac138ba59a7f8a9e19b78a31258b525c26545131047e39619e3215c,20262932,2026092410,450,PLANNED_NOT_RELEASED,,,
SGW-01,LAT-C10-D1-D-POS,LAT-C10-D1,D1,LAT,C,LAT-C10,1,D,1,LAT-D-POS,Put the Rubik's cube to the left of the bowl.,7a9010154f1b73764e6fec767eff0563dfe95807babb6369e7cd6de60ec7aa92,20262932,1140,450,PLANNED_NOT_RELEASED,,,
SGW-01,LAT-C10-D1-C-NEG,LAT-C10-D1,D1,LAT,C,LAT-C10,2,C,-1,LAT-C-NEG,Place the Rubik's cube so that the Rubik's cube is to the right of the bowl.,7b8582cd1340a540266f361902a3790fdd972ad704cfc3140ec6948f33b8f301,20262932,1140,450,PLANNED_NOT_RELEASED,,,
SGW-01,LAT-C10-D1-I-POS,LAT-C10-D1,D1,LAT,C,LAT-C10,3,I,1,LAT-I-POS,Place the Rubik's cube so that the bowl is to the right of the Rubik's cube.,6ed00a80ed714a034daa682371ddf42c2e576e40ccc4345fa73053833b4e2d39,20262932,1140,450,PLANNED_NOT_RELEASED,,,
SGW-01,LAT-C10-D1-I-NEG,LAT-C10-D1,D1,LAT,C,LAT-C10,4,I,-1,LAT-I-NEG,Place the Rubik's cube so that the bowl is to the left of the Rubik's cube.,3c36eb09d55cf3875d3d5e49abd4571bdedddb069b328fcb62abd08fc6a515b0,20262932,1140,450,PLANNED_NOT_RELEASED,,,
SGW-01,LAT-C10-D1-D-NEG,LAT-C10-D1,D1,LAT,C,LAT-C10,5,D,-1,LAT-D-NEG,Put the Rubik's cube to the right of the bowl.,61d9185096c89b210dc3e920914c889cf2292bed07f1265521658c5a5988e7f4,20262932,1140,450,PLANNED_NOT_RELEASED,,,
SGW-01,LAT-C10-D1-C-POS,LAT-C10-D1,D1,LAT,C,LAT-C10,6,C,1,LAT-C-POS,Place the Rubik's cube so that the Rubik's cube is to the left of the bowl.,0627baa29ac138ba59a7f8a9e19b78a31258b525c26545131047e39619e3215c,20262932,1140,450,PLANNED_NOT_RELEASED,,,
SGW-01,LAT-C11-N3-C-NEG,LAT-C11-N3,N3,LAT,C,LAT-C11,1,C,-1,LAT-C-NEG,Place the Rubik's cube so that the Rubik's cube is to the right of the bowl.,7b8582cd1340a540266f361902a3790fdd972ad704cfc3140ec6948f33b8f301,20262933,2026092411,450,PLANNED_NOT_RELEASED,,,
SGW-01,LAT-C11-N3-I-POS,LAT-C11-N3,N3,LAT,C,LAT-C11,2,I,1,LAT-I-POS,Place the Rubik's cube so that the bowl is to the right of the Rubik's cube.,6ed00a80ed714a034daa682371ddf42c2e576e40ccc4345fa73053833b4e2d39,20262933,2026092411,450,PLANNED_NOT_RELEASED,,,
SGW-01,LAT-C11-N3-I-NEG,LAT-C11-N3,N3,LAT,C,LAT-C11,3,I,-1,LAT-I-NEG,Place the Rubik's cube so that the bowl is to the left of the Rubik's cube.,3c36eb09d55cf3875d3d5e49abd4571bdedddb069b328fcb62abd08fc6a515b0,20262933,2026092411,450,PLANNED_NOT_RELEASED,,,
SGW-01,LAT-C11-N3-D-NEG,LAT-C11-N3,N3,LAT,C,LAT-C11,4,D,-1,LAT-D-NEG,Put the Rubik's cube to the right of the bowl.,61d9185096c89b210dc3e920914c889cf2292bed07f1265521658c5a5988e7f4,20262933,2026092411,450,PLANNED_NOT_RELEASED,,,
SGW-01,LAT-C11-N3-C-POS,LAT-C11-N3,N3,LAT,C,LAT-C11,5,C,1,LAT-C-POS,Place the Rubik's cube so that the Rubik's cube is to the left of the bowl.,0627baa29ac138ba59a7f8a9e19b78a31258b525c26545131047e39619e3215c,20262933,2026092411,450,PLANNED_NOT_RELEASED,,,
SGW-01,LAT-C11-N3-D-POS,LAT-C11-N3,N3,LAT,C,LAT-C11,6,D,1,LAT-D-POS,Put the Rubik's cube to the left of the bowl.,7a9010154f1b73764e6fec767eff0563dfe95807babb6369e7cd6de60ec7aa92,20262933,2026092411,450,PLANNED_NOT_RELEASED,,,
SGW-01,LAT-C11-D1-C-NEG,LAT-C11-D1,D1,LAT,C,LAT-C11,1,C,-1,LAT-C-NEG,Place the Rubik's cube so that the Rubik's cube is to the right of the bowl.,7b8582cd1340a540266f361902a3790fdd972ad704cfc3140ec6948f33b8f301,20262933,1140,450,PLANNED_NOT_RELEASED,,,
SGW-01,LAT-C11-D1-I-POS,LAT-C11-D1,D1,LAT,C,LAT-C11,2,I,1,LAT-I-POS,Place the Rubik's cube so that the bowl is to the right of the Rubik's cube.,6ed00a80ed714a034daa682371ddf42c2e576e40ccc4345fa73053833b4e2d39,20262933,1140,450,PLANNED_NOT_RELEASED,,,
SGW-01,LAT-C11-D1-I-NEG,LAT-C11-D1,D1,LAT,C,LAT-C11,3,I,-1,LAT-I-NEG,Place the Rubik's cube so that the bowl is to the left of the Rubik's cube.,3c36eb09d55cf3875d3d5e49abd4571bdedddb069b328fcb62abd08fc6a515b0,20262933,1140,450,PLANNED_NOT_RELEASED,,,
SGW-01,LAT-C11-D1-D-NEG,LAT-C11-D1,D1,LAT,C,LAT-C11,4,D,-1,LAT-D-NEG,Put the Rubik's cube to the right of the bowl.,61d9185096c89b210dc3e920914c889cf2292bed07f1265521658c5a5988e7f4,20262933,1140,450,PLANNED_NOT_RELEASED,,,
SGW-01,LAT-C11-D1-C-POS,LAT-C11-D1,D1,LAT,C,LAT-C11,5,C,1,LAT-C-POS,Place the Rubik's cube so that the Rubik's cube is to the left of the bowl.,0627baa29ac138ba59a7f8a9e19b78a31258b525c26545131047e39619e3215c,20262933,1140,450,PLANNED_NOT_RELEASED,,,
SGW-01,LAT-C11-D1-D-POS,LAT-C11-D1,D1,LAT,C,LAT-C11,6,D,1,LAT-D-POS,Put the Rubik's cube to the left of the bowl.,7a9010154f1b73764e6fec767eff0563dfe95807babb6369e7cd6de60ec7aa92,20262933,1140,450,PLANNED_NOT_RELEASED,,,
SGW-01,LAT-C12-N3-I-POS,LAT-C12-N3,N3,LAT,C,LAT-C12,1,I,1,LAT-I-POS,Place the Rubik's cube so that the bowl is to the right of the Rubik's cube.,6ed00a80ed714a034daa682371ddf42c2e576e40ccc4345fa73053833b4e2d39,20262934,2026092412,450,PLANNED_NOT_RELEASED,,,
SGW-01,LAT-C12-N3-I-NEG,LAT-C12-N3,N3,LAT,C,LAT-C12,2,I,-1,LAT-I-NEG,Place the Rubik's cube so that the bowl is to the left of the Rubik's cube.,3c36eb09d55cf3875d3d5e49abd4571bdedddb069b328fcb62abd08fc6a515b0,20262934,2026092412,450,PLANNED_NOT_RELEASED,,,
SGW-01,LAT-C12-N3-D-NEG,LAT-C12-N3,N3,LAT,C,LAT-C12,3,D,-1,LAT-D-NEG,Put the Rubik's cube to the right of the bowl.,61d9185096c89b210dc3e920914c889cf2292bed07f1265521658c5a5988e7f4,20262934,2026092412,450,PLANNED_NOT_RELEASED,,,
SGW-01,LAT-C12-N3-C-POS,LAT-C12-N3,N3,LAT,C,LAT-C12,4,C,1,LAT-C-POS,Place the Rubik's cube so that the Rubik's cube is to the left of the bowl.,0627baa29ac138ba59a7f8a9e19b78a31258b525c26545131047e39619e3215c,20262934,2026092412,450,PLANNED_NOT_RELEASED,,,
SGW-01,LAT-C12-N3-D-POS,LAT-C12-N3,N3,LAT,C,LAT-C12,5,D,1,LAT-D-POS,Put the Rubik's cube to the left of the bowl.,7a9010154f1b73764e6fec767eff0563dfe95807babb6369e7cd6de60ec7aa92,20262934,2026092412,450,PLANNED_NOT_RELEASED,,,
SGW-01,LAT-C12-N3-C-NEG,LAT-C12-N3,N3,LAT,C,LAT-C12,6,C,-1,LAT-C-NEG,Place the Rubik's cube so that the Rubik's cube is to the right of the bowl.,7b8582cd1340a540266f361902a3790fdd972ad704cfc3140ec6948f33b8f301,20262934,2026092412,450,PLANNED_NOT_RELEASED,,,
SGW-01,LAT-C12-D1-I-POS,LAT-C12-D1,D1,LAT,C,LAT-C12,1,I,1,LAT-I-POS,Place the Rubik's cube so that the bowl is to the right of the Rubik's cube.,6ed00a80ed714a034daa682371ddf42c2e576e40ccc4345fa73053833b4e2d39,20262934,1140,450,PLANNED_NOT_RELEASED,,,
SGW-01,LAT-C12-D1-I-NEG,LAT-C12-D1,D1,LAT,C,LAT-C12,2,I,-1,LAT-I-NEG,Place the Rubik's cube so that the bowl is to the left of the Rubik's cube.,3c36eb09d55cf3875d3d5e49abd4571bdedddb069b328fcb62abd08fc6a515b0,20262934,1140,450,PLANNED_NOT_RELEASED,,,
SGW-01,LAT-C12-D1-D-NEG,LAT-C12-D1,D1,LAT,C,LAT-C12,3,D,-1,LAT-D-NEG,Put the Rubik's cube to the right of the bowl.,61d9185096c89b210dc3e920914c889cf2292bed07f1265521658c5a5988e7f4,20262934,1140,450,PLANNED_NOT_RELEASED,,,
SGW-01,LAT-C12-D1-C-POS,LAT-C12-D1,D1,LAT,C,LAT-C12,4,C,1,LAT-C-POS,Place the Rubik's cube so that the Rubik's cube is to the left of the bowl.,0627baa29ac138ba59a7f8a9e19b78a31258b525c26545131047e39619e3215c,20262934,1140,450,PLANNED_NOT_RELEASED,,,
SGW-01,LAT-C12-D1-D-POS,LAT-C12-D1,D1,LAT,C,LAT-C12,5,D,1,LAT-D-POS,Put the Rubik's cube to the left of the bowl.,7a9010154f1b73764e6fec767eff0563dfe95807babb6369e7cd6de60ec7aa92,20262934,1140,450,PLANNED_NOT_RELEASED,,,
SGW-01,LAT-C12-D1-C-NEG,LAT-C12-D1,D1,LAT,C,LAT-C12,6,C,-1,LAT-C-NEG,Place the Rubik's cube so that the Rubik's cube is to the right of the bowl.,7b8582cd1340a540266f361902a3790fdd972ad704cfc3140ec6948f33b8f301,20262934,1140,450,PLANNED_NOT_RELEASED,,,
SGW-01,LAT-C13-N3-I-NEG,LAT-C13-N3,N3,LAT,C,LAT-C13,1,I,-1,LAT-I-NEG,Place the Rubik's cube so that the bowl is to the left of the Rubik's cube.,3c36eb09d55cf3875d3d5e49abd4571bdedddb069b328fcb62abd08fc6a515b0,20262935,2026092413,450,PLANNED_NOT_RELEASED,,,
SGW-01,LAT-C13-N3-C-POS,LAT-C13-N3,N3,LAT,C,LAT-C13,2,C,1,LAT-C-POS,Place the Rubik's cube so that the Rubik's cube is to the left of the bowl.,0627baa29ac138ba59a7f8a9e19b78a31258b525c26545131047e39619e3215c,20262935,2026092413,450,PLANNED_NOT_RELEASED,,,
SGW-01,LAT-C13-N3-D-POS,LAT-C13-N3,N3,LAT,C,LAT-C13,3,D,1,LAT-D-POS,Put the Rubik's cube to the left of the bowl.,7a9010154f1b73764e6fec767eff0563dfe95807babb6369e7cd6de60ec7aa92,20262935,2026092413,450,PLANNED_NOT_RELEASED,,,
SGW-01,LAT-C13-N3-I-POS,LAT-C13-N3,N3,LAT,C,LAT-C13,4,I,1,LAT-I-POS,Place the Rubik's cube so that the bowl is to the right of the Rubik's cube.,6ed00a80ed714a034daa682371ddf42c2e576e40ccc4345fa73053833b4e2d39,20262935,2026092413,450,PLANNED_NOT_RELEASED,,,
SGW-01,LAT-C13-N3-C-NEG,LAT-C13-N3,N3,LAT,C,LAT-C13,5,C,-1,LAT-C-NEG,Place the Rubik's cube so that the Rubik's cube is to the right of the bowl.,7b8582cd1340a540266f361902a3790fdd972ad704cfc3140ec6948f33b8f301,20262935,2026092413,450,PLANNED_NOT_RELEASED,,,
SGW-01,LAT-C13-N3-D-NEG,LAT-C13-N3,N3,LAT,C,LAT-C13,6,D,-1,LAT-D-NEG,Put the Rubik's cube to the right of the bowl.,61d9185096c89b210dc3e920914c889cf2292bed07f1265521658c5a5988e7f4,20262935,2026092413,450,PLANNED_NOT_RELEASED,,,
SGW-01,LAT-C13-D1-I-NEG,LAT-C13-D1,D1,LAT,C,LAT-C13,1,I,-1,LAT-I-NEG,Place the Rubik's cube so that the bowl is to the left of the Rubik's cube.,3c36eb09d55cf3875d3d5e49abd4571bdedddb069b328fcb62abd08fc6a515b0,20262935,1140,450,PLANNED_NOT_RELEASED,,,
SGW-01,LAT-C13-D1-C-POS,LAT-C13-D1,D1,LAT,C,LAT-C13,2,C,1,LAT-C-POS,Place the Rubik's cube so that the Rubik's cube is to the left of the bowl.,0627baa29ac138ba59a7f8a9e19b78a31258b525c26545131047e39619e3215c,20262935,1140,450,PLANNED_NOT_RELEASED,,,
SGW-01,LAT-C13-D1-D-POS,LAT-C13-D1,D1,LAT,C,LAT-C13,3,D,1,LAT-D-POS,Put the Rubik's cube to the left of the bowl.,7a9010154f1b73764e6fec767eff0563dfe95807babb6369e7cd6de60ec7aa92,20262935,1140,450,PLANNED_NOT_RELEASED,,,
SGW-01,LAT-C13-D1-I-POS,LAT-C13-D1,D1,LAT,C,LAT-C13,4,I,1,LAT-I-POS,Place the Rubik's cube so that the bowl is to the right of the Rubik's cube.,6ed00a80ed714a034daa682371ddf42c2e576e40ccc4345fa73053833b4e2d39,20262935,1140,450,PLANNED_NOT_RELEASED,,,
SGW-01,LAT-C13-D1-C-NEG,LAT-C13-D1,D1,LAT,C,LAT-C13,5,C,-1,LAT-C-NEG,Place the Rubik's cube so that the Rubik's cube is to the right of the bowl.,7b8582cd1340a540266f361902a3790fdd972ad704cfc3140ec6948f33b8f301,20262935,1140,450,PLANNED_NOT_RELEASED,,,
SGW-01,LAT-C13-D1-D-NEG,LAT-C13-D1,D1,LAT,C,LAT-C13,6,D,-1,LAT-D-NEG,Put the Rubik's cube to the right of the bowl.,61d9185096c89b210dc3e920914c889cf2292bed07f1265521658c5a5988e7f4,20262935,1140,450,PLANNED_NOT_RELEASED,,,
SGW-01,LAT-C14-N3-C-POS,LAT-C14-N3,N3,LAT,C,LAT-C14,1,C,1,LAT-C-POS,Place the Rubik's cube so that the Rubik's cube is to the left of the bowl.,0627baa29ac138ba59a7f8a9e19b78a31258b525c26545131047e39619e3215c,20262936,2026092414,450,PLANNED_NOT_RELEASED,,,
SGW-01,LAT-C14-N3-D-POS,LAT-C14-N3,N3,LAT,C,LAT-C14,2,D,1,LAT-D-POS,Put the Rubik's cube to the left of the bowl.,7a9010154f1b73764e6fec767eff0563dfe95807babb6369e7cd6de60ec7aa92,20262936,2026092414,450,PLANNED_NOT_RELEASED,,,
SGW-01,LAT-C14-N3-I-POS,LAT-C14-N3,N3,LAT,C,LAT-C14,3,I,1,LAT-I-POS,Place the Rubik's cube so that the bowl is to the right of the Rubik's cube.,6ed00a80ed714a034daa682371ddf42c2e576e40ccc4345fa73053833b4e2d39,20262936,2026092414,450,PLANNED_NOT_RELEASED,,,
SGW-01,LAT-C14-N3-C-NEG,LAT-C14-N3,N3,LAT,C,LAT-C14,4,C,-1,LAT-C-NEG,Place the Rubik's cube so that the Rubik's cube is to the right of the bowl.,7b8582cd1340a540266f361902a3790fdd972ad704cfc3140ec6948f33b8f301,20262936,2026092414,450,PLANNED_NOT_RELEASED,,,
SGW-01,LAT-C14-N3-D-NEG,LAT-C14-N3,N3,LAT,C,LAT-C14,5,D,-1,LAT-D-NEG,Put the Rubik's cube to the right of the bowl.,61d9185096c89b210dc3e920914c889cf2292bed07f1265521658c5a5988e7f4,20262936,2026092414,450,PLANNED_NOT_RELEASED,,,
SGW-01,LAT-C14-N3-I-NEG,LAT-C14-N3,N3,LAT,C,LAT-C14,6,I,-1,LAT-I-NEG,Place the Rubik's cube so that the bowl is to the left of the Rubik's cube.,3c36eb09d55cf3875d3d5e49abd4571bdedddb069b328fcb62abd08fc6a515b0,20262936,2026092414,450,PLANNED_NOT_RELEASED,,,
SGW-01,LAT-C14-D1-C-POS,LAT-C14-D1,D1,LAT,C,LAT-C14,1,C,1,LAT-C-POS,Place the Rubik's cube so that the Rubik's cube is to the left of the bowl.,0627baa29ac138ba59a7f8a9e19b78a31258b525c26545131047e39619e3215c,20262936,1140,450,PLANNED_NOT_RELEASED,,,
SGW-01,LAT-C14-D1-D-POS,LAT-C14-D1,D1,LAT,C,LAT-C14,2,D,1,LAT-D-POS,Put the Rubik's cube to the left of the bowl.,7a9010154f1b73764e6fec767eff0563dfe95807babb6369e7cd6de60ec7aa92,20262936,1140,450,PLANNED_NOT_RELEASED,,,
SGW-01,LAT-C14-D1-I-POS,LAT-C14-D1,D1,LAT,C,LAT-C14,3,I,1,LAT-I-POS,Place the Rubik's cube so that the bowl is to the right of the Rubik's cube.,6ed00a80ed714a034daa682371ddf42c2e576e40ccc4345fa73053833b4e2d39,20262936,1140,450,PLANNED_NOT_RELEASED,,,
SGW-01,LAT-C14-D1-C-NEG,LAT-C14-D1,D1,LAT,C,LAT-C14,4,C,-1,LAT-C-NEG,Place the Rubik's cube so that the Rubik's cube is to the right of the bowl.,7b8582cd1340a540266f361902a3790fdd972ad704cfc3140ec6948f33b8f301,20262936,1140,450,PLANNED_NOT_RELEASED,,,
SGW-01,LAT-C14-D1-D-NEG,LAT-C14-D1,D1,LAT,C,LAT-C14,5,D,-1,LAT-D-NEG,Put the Rubik's cube to the right of the bowl.,61d9185096c89b210dc3e920914c889cf2292bed07f1265521658c5a5988e7f4,20262936,1140,450,PLANNED_NOT_RELEASED,,,
SGW-01,LAT-C14-D1-I-NEG,LAT-C14-D1,D1,LAT,C,LAT-C14,6,I,-1,LAT-I-NEG,Place the Rubik's cube so that the bowl is to the left of the Rubik's cube.,3c36eb09d55cf3875d3d5e49abd4571bdedddb069b328fcb62abd08fc6a515b0,20262936,1140,450,PLANNED_NOT_RELEASED,,,
SGW-01,LAT-C15-N3-D-POS,LAT-C15-N3,N3,LAT,C,LAT-C15,1,D,1,LAT-D-POS,Put the Rubik's cube to the left of the bowl.,7a9010154f1b73764e6fec767eff0563dfe95807babb6369e7cd6de60ec7aa92,20262937,2026092415,450,PLANNED_NOT_RELEASED,,,
SGW-01,LAT-C15-N3-I-POS,LAT-C15-N3,N3,LAT,C,LAT-C15,2,I,1,LAT-I-POS,Place the Rubik's cube so that the bowl is to the right of the Rubik's cube.,6ed00a80ed714a034daa682371ddf42c2e576e40ccc4345fa73053833b4e2d39,20262937,2026092415,450,PLANNED_NOT_RELEASED,,,
SGW-01,LAT-C15-N3-C-NEG,LAT-C15-N3,N3,LAT,C,LAT-C15,3,C,-1,LAT-C-NEG,Place the Rubik's cube so that the Rubik's cube is to the right of the bowl.,7b8582cd1340a540266f361902a3790fdd972ad704cfc3140ec6948f33b8f301,20262937,2026092415,450,PLANNED_NOT_RELEASED,,,
SGW-01,LAT-C15-N3-D-NEG,LAT-C15-N3,N3,LAT,C,LAT-C15,4,D,-1,LAT-D-NEG,Put the Rubik's cube to the right of the bowl.,61d9185096c89b210dc3e920914c889cf2292bed07f1265521658c5a5988e7f4,20262937,2026092415,450,PLANNED_NOT_RELEASED,,,
SGW-01,LAT-C15-N3-I-NEG,LAT-C15-N3,N3,LAT,C,LAT-C15,5,I,-1,LAT-I-NEG,Place the Rubik's cube so that the bowl is to the left of the Rubik's cube.,3c36eb09d55cf3875d3d5e49abd4571bdedddb069b328fcb62abd08fc6a515b0,20262937,2026092415,450,PLANNED_NOT_RELEASED,,,
SGW-01,LAT-C15-N3-C-POS,LAT-C15-N3,N3,LAT,C,LAT-C15,6,C,1,LAT-C-POS,Place the Rubik's cube so that the Rubik's cube is to the left of the bowl.,0627baa29ac138ba59a7f8a9e19b78a31258b525c26545131047e39619e3215c,20262937,2026092415,450,PLANNED_NOT_RELEASED,,,
SGW-01,LAT-C15-D1-D-POS,LAT-C15-D1,D1,LAT,C,LAT-C15,1,D,1,LAT-D-POS,Put the Rubik's cube to the left of the bowl.,7a9010154f1b73764e6fec767eff0563dfe95807babb6369e7cd6de60ec7aa92,20262937,1140,450,PLANNED_NOT_RELEASED,,,
SGW-01,LAT-C15-D1-I-POS,LAT-C15-D1,D1,LAT,C,LAT-C15,2,I,1,LAT-I-POS,Place the Rubik's cube so that the bowl is to the right of the Rubik's cube.,6ed00a80ed714a034daa682371ddf42c2e576e40ccc4345fa73053833b4e2d39,20262937,1140,450,PLANNED_NOT_RELEASED,,,
SGW-01,LAT-C15-D1-C-NEG,LAT-C15-D1,D1,LAT,C,LAT-C15,3,C,-1,LAT-C-NEG,Place the Rubik's cube so that the Rubik's cube is to the right of the bowl.,7b8582cd1340a540266f361902a3790fdd972ad704cfc3140ec6948f33b8f301,20262937,1140,450,PLANNED_NOT_RELEASED,,,
SGW-01,LAT-C15-D1-D-NEG,LAT-C15-D1,D1,LAT,C,LAT-C15,4,D,-1,LAT-D-NEG,Put the Rubik's cube to the right of the bowl.,61d9185096c89b210dc3e920914c889cf2292bed07f1265521658c5a5988e7f4,20262937,1140,450,PLANNED_NOT_RELEASED,,,
SGW-01,LAT-C15-D1-I-NEG,LAT-C15-D1,D1,LAT,C,LAT-C15,5,I,-1,LAT-I-NEG,Place the Rubik's cube so that the bowl is to the left of the Rubik's cube.,3c36eb09d55cf3875d3d5e49abd4571bdedddb069b328fcb62abd08fc6a515b0,20262937,1140,450,PLANNED_NOT_RELEASED,,,
SGW-01,LAT-C15-D1-C-POS,LAT-C15-D1,D1,LAT,C,LAT-C15,6,C,1,LAT-C-POS,Place the Rubik's cube so that the Rubik's cube is to the left of the bowl.,0627baa29ac138ba59a7f8a9e19b78a31258b525c26545131047e39619e3215c,20262937,1140,450,PLANNED_NOT_RELEASED,,,
SGW-01,LAT-C16-N3-I-POS,LAT-C16-N3,N3,LAT,C,LAT-C16,1,I,1,LAT-I-POS,Place the Rubik's cube so that the bowl is to the right of the Rubik's cube.,6ed00a80ed714a034daa682371ddf42c2e576e40ccc4345fa73053833b4e2d39,20262938,2026092416,450,PLANNED_NOT_RELEASED,,,
SGW-01,LAT-C16-N3-C-NEG,LAT-C16-N3,N3,LAT,C,LAT-C16,2,C,-1,LAT-C-NEG,Place the Rubik's cube so that the Rubik's cube is to the right of the bowl.,7b8582cd1340a540266f361902a3790fdd972ad704cfc3140ec6948f33b8f301,20262938,2026092416,450,PLANNED_NOT_RELEASED,,,
SGW-01,LAT-C16-N3-D-NEG,LAT-C16-N3,N3,LAT,C,LAT-C16,3,D,-1,LAT-D-NEG,Put the Rubik's cube to the right of the bowl.,61d9185096c89b210dc3e920914c889cf2292bed07f1265521658c5a5988e7f4,20262938,2026092416,450,PLANNED_NOT_RELEASED,,,
SGW-01,LAT-C16-N3-I-NEG,LAT-C16-N3,N3,LAT,C,LAT-C16,4,I,-1,LAT-I-NEG,Place the Rubik's cube so that the bowl is to the left of the Rubik's cube.,3c36eb09d55cf3875d3d5e49abd4571bdedddb069b328fcb62abd08fc6a515b0,20262938,2026092416,450,PLANNED_NOT_RELEASED,,,
SGW-01,LAT-C16-N3-C-POS,LAT-C16-N3,N3,LAT,C,LAT-C16,5,C,1,LAT-C-POS,Place the Rubik's cube so that the Rubik's cube is to the left of the bowl.,0627baa29ac138ba59a7f8a9e19b78a31258b525c26545131047e39619e3215c,20262938,2026092416,450,PLANNED_NOT_RELEASED,,,
SGW-01,LAT-C16-N3-D-POS,LAT-C16-N3,N3,LAT,C,LAT-C16,6,D,1,LAT-D-POS,Put the Rubik's cube to the left of the bowl.,7a9010154f1b73764e6fec767eff0563dfe95807babb6369e7cd6de60ec7aa92,20262938,2026092416,450,PLANNED_NOT_RELEASED,,,
SGW-01,LAT-C16-D1-I-POS,LAT-C16-D1,D1,LAT,C,LAT-C16,1,I,1,LAT-I-POS,Place the Rubik's cube so that the bowl is to the right of the Rubik's cube.,6ed00a80ed714a034daa682371ddf42c2e576e40ccc4345fa73053833b4e2d39,20262938,1140,450,PLANNED_NOT_RELEASED,,,
SGW-01,LAT-C16-D1-C-NEG,LAT-C16-D1,D1,LAT,C,LAT-C16,2,C,-1,LAT-C-NEG,Place the Rubik's cube so that the Rubik's cube is to the right of the bowl.,7b8582cd1340a540266f361902a3790fdd972ad704cfc3140ec6948f33b8f301,20262938,1140,450,PLANNED_NOT_RELEASED,,,
SGW-01,LAT-C16-D1-D-NEG,LAT-C16-D1,D1,LAT,C,LAT-C16,3,D,-1,LAT-D-NEG,Put the Rubik's cube to the right of the bowl.,61d9185096c89b210dc3e920914c889cf2292bed07f1265521658c5a5988e7f4,20262938,1140,450,PLANNED_NOT_RELEASED,,,
SGW-01,LAT-C16-D1-I-NEG,LAT-C16-D1,D1,LAT,C,LAT-C16,4,I,-1,LAT-I-NEG,Place the Rubik's cube so that the bowl is to the left of the Rubik's cube.,3c36eb09d55cf3875d3d5e49abd4571bdedddb069b328fcb62abd08fc6a515b0,20262938,1140,450,PLANNED_NOT_RELEASED,,,
SGW-01,LAT-C16-D1-C-POS,LAT-C16-D1,D1,LAT,C,LAT-C16,5,C,1,LAT-C-POS,Place the Rubik's cube so that the Rubik's cube is to the left of the bowl.,0627baa29ac138ba59a7f8a9e19b78a31258b525c26545131047e39619e3215c,20262938,1140,450,PLANNED_NOT_RELEASED,,,
SGW-01,LAT-C16-D1-D-POS,LAT-C16-D1,D1,LAT,C,LAT-C16,6,D,1,LAT-D-POS,Put the Rubik's cube to the left of the bowl.,7a9010154f1b73764e6fec767eff0563dfe95807babb6369e7cd6de60ec7aa92,20262938,1140,450,PLANNED_NOT_RELEASED,,,
SGW-01,LAT-C17-N3-C-NEG,LAT-C17-N3,N3,LAT,C,LAT-C17,1,C,-1,LAT-C-NEG,Place the Rubik's cube so that the Rubik's cube is to the right of the bowl.,7b8582cd1340a540266f361902a3790fdd972ad704cfc3140ec6948f33b8f301,20262939,2026092417,450,PLANNED_NOT_RELEASED,,,
SGW-01,LAT-C17-N3-D-NEG,LAT-C17-N3,N3,LAT,C,LAT-C17,2,D,-1,LAT-D-NEG,Put the Rubik's cube to the right of the bowl.,61d9185096c89b210dc3e920914c889cf2292bed07f1265521658c5a5988e7f4,20262939,2026092417,450,PLANNED_NOT_RELEASED,,,
SGW-01,LAT-C17-N3-I-NEG,LAT-C17-N3,N3,LAT,C,LAT-C17,3,I,-1,LAT-I-NEG,Place the Rubik's cube so that the bowl is to the left of the Rubik's cube.,3c36eb09d55cf3875d3d5e49abd4571bdedddb069b328fcb62abd08fc6a515b0,20262939,2026092417,450,PLANNED_NOT_RELEASED,,,
SGW-01,LAT-C17-N3-C-POS,LAT-C17-N3,N3,LAT,C,LAT-C17,4,C,1,LAT-C-POS,Place the Rubik's cube so that the Rubik's cube is to the left of the bowl.,0627baa29ac138ba59a7f8a9e19b78a31258b525c26545131047e39619e3215c,20262939,2026092417,450,PLANNED_NOT_RELEASED,,,
SGW-01,LAT-C17-N3-D-POS,LAT-C17-N3,N3,LAT,C,LAT-C17,5,D,1,LAT-D-POS,Put the Rubik's cube to the left of the bowl.,7a9010154f1b73764e6fec767eff0563dfe95807babb6369e7cd6de60ec7aa92,20262939,2026092417,450,PLANNED_NOT_RELEASED,,,
SGW-01,LAT-C17-N3-I-POS,LAT-C17-N3,N3,LAT,C,LAT-C17,6,I,1,LAT-I-POS,Place the Rubik's cube so that the bowl is to the right of the Rubik's cube.,6ed00a80ed714a034daa682371ddf42c2e576e40ccc4345fa73053833b4e2d39,20262939,2026092417,450,PLANNED_NOT_RELEASED,,,
SGW-01,LAT-C17-D1-C-NEG,LAT-C17-D1,D1,LAT,C,LAT-C17,1,C,-1,LAT-C-NEG,Place the Rubik's cube so that the Rubik's cube is to the right of the bowl.,7b8582cd1340a540266f361902a3790fdd972ad704cfc3140ec6948f33b8f301,20262939,1140,450,PLANNED_NOT_RELEASED,,,
SGW-01,LAT-C17-D1-D-NEG,LAT-C17-D1,D1,LAT,C,LAT-C17,2,D,-1,LAT-D-NEG,Put the Rubik's cube to the right of the bowl.,61d9185096c89b210dc3e920914c889cf2292bed07f1265521658c5a5988e7f4,20262939,1140,450,PLANNED_NOT_RELEASED,,,
SGW-01,LAT-C17-D1-I-NEG,LAT-C17-D1,D1,LAT,C,LAT-C17,3,I,-1,LAT-I-NEG,Place the Rubik's cube so that the bowl is to the left of the Rubik's cube.,3c36eb09d55cf3875d3d5e49abd4571bdedddb069b328fcb62abd08fc6a515b0,20262939,1140,450,PLANNED_NOT_RELEASED,,,
SGW-01,LAT-C17-D1-C-POS,LAT-C17-D1,D1,LAT,C,LAT-C17,4,C,1,LAT-C-POS,Place the Rubik's cube so that the Rubik's cube is to the left of the bowl.,0627baa29ac138ba59a7f8a9e19b78a31258b525c26545131047e39619e3215c,20262939,1140,450,PLANNED_NOT_RELEASED,,,
SGW-01,LAT-C17-D1-D-POS,LAT-C17-D1,D1,LAT,C,LAT-C17,5,D,1,LAT-D-POS,Put the Rubik's cube to the left of the bowl.,7a9010154f1b73764e6fec767eff0563dfe95807babb6369e7cd6de60ec7aa92,20262939,1140,450,PLANNED_NOT_RELEASED,,,
SGW-01,LAT-C17-D1-I-POS,LAT-C17-D1,D1,LAT,C,LAT-C17,6,I,1,LAT-I-POS,Place the Rubik's cube so that the bowl is to the right of the Rubik's cube.,6ed00a80ed714a034daa682371ddf42c2e576e40ccc4345fa73053833b4e2d39,20262939,1140,450,PLANNED_NOT_RELEASED,,,
SGW-01,LAT-C18-N3-D-NEG,LAT-C18-N3,N3,LAT,C,LAT-C18,1,D,-1,LAT-D-NEG,Put the Rubik's cube to the right of the bowl.,61d9185096c89b210dc3e920914c889cf2292bed07f1265521658c5a5988e7f4,20262940,2026092418,450,PLANNED_NOT_RELEASED,,,
SGW-01,LAT-C18-N3-I-NEG,LAT-C18-N3,N3,LAT,C,LAT-C18,2,I,-1,LAT-I-NEG,Place the Rubik's cube so that the bowl is to the left of the Rubik's cube.,3c36eb09d55cf3875d3d5e49abd4571bdedddb069b328fcb62abd08fc6a515b0,20262940,2026092418,450,PLANNED_NOT_RELEASED,,,
SGW-01,LAT-C18-N3-C-POS,LAT-C18-N3,N3,LAT,C,LAT-C18,3,C,1,LAT-C-POS,Place the Rubik's cube so that the Rubik's cube is to the left of the bowl.,0627baa29ac138ba59a7f8a9e19b78a31258b525c26545131047e39619e3215c,20262940,2026092418,450,PLANNED_NOT_RELEASED,,,
SGW-01,LAT-C18-N3-D-POS,LAT-C18-N3,N3,LAT,C,LAT-C18,4,D,1,LAT-D-POS,Put the Rubik's cube to the left of the bowl.,7a9010154f1b73764e6fec767eff0563dfe95807babb6369e7cd6de60ec7aa92,20262940,2026092418,450,PLANNED_NOT_RELEASED,,,
SGW-01,LAT-C18-N3-I-POS,LAT-C18-N3,N3,LAT,C,LAT-C18,5,I,1,LAT-I-POS,Place the Rubik's cube so that the bowl is to the right of the Rubik's cube.,6ed00a80ed714a034daa682371ddf42c2e576e40ccc4345fa73053833b4e2d39,20262940,2026092418,450,PLANNED_NOT_RELEASED,,,
SGW-01,LAT-C18-N3-C-NEG,LAT-C18-N3,N3,LAT,C,LAT-C18,6,C,-1,LAT-C-NEG,Place the Rubik's cube so that the Rubik's cube is to the right of the bowl.,7b8582cd1340a540266f361902a3790fdd972ad704cfc3140ec6948f33b8f301,20262940,2026092418,450,PLANNED_NOT_RELEASED,,,
SGW-01,LAT-C18-D1-D-NEG,LAT-C18-D1,D1,LAT,C,LAT-C18,1,D,-1,LAT-D-NEG,Put the Rubik's cube to the right of the bowl.,61d9185096c89b210dc3e920914c889cf2292bed07f1265521658c5a5988e7f4,20262940,1140,450,PLANNED_NOT_RELEASED,,,
SGW-01,LAT-C18-D1-I-NEG,LAT-C18-D1,D1,LAT,C,LAT-C18,2,I,-1,LAT-I-NEG,Place the Rubik's cube so that the bowl is to the left of the Rubik's cube.,3c36eb09d55cf3875d3d5e49abd4571bdedddb069b328fcb62abd08fc6a515b0,20262940,1140,450,PLANNED_NOT_RELEASED,,,
SGW-01,LAT-C18-D1-C-POS,LAT-C18-D1,D1,LAT,C,LAT-C18,3,C,1,LAT-C-POS,Place the Rubik's cube so that the Rubik's cube is to the left of the bowl.,0627baa29ac138ba59a7f8a9e19b78a31258b525c26545131047e39619e3215c,20262940,1140,450,PLANNED_NOT_RELEASED,,,
SGW-01,LAT-C18-D1-D-POS,LAT-C18-D1,D1,LAT,C,LAT-C18,4,D,1,LAT-D-POS,Put the Rubik's cube to the left of the bowl.,7a9010154f1b73764e6fec767eff0563dfe95807babb6369e7cd6de60ec7aa92,20262940,1140,450,PLANNED_NOT_RELEASED,,,
SGW-01,LAT-C18-D1-I-POS,LAT-C18-D1,D1,LAT,C,LAT-C18,5,I,1,LAT-I-POS,Place the Rubik's cube so that the bowl is to the right of the Rubik's cube.,6ed00a80ed714a034daa682371ddf42c2e576e40ccc4345fa73053833b4e2d39,20262940,1140,450,PLANNED_NOT_RELEASED,,,
SGW-01,LAT-C18-D1-C-NEG,LAT-C18-D1,D1,LAT,C,LAT-C18,6,C,-1,LAT-C-NEG,Place the Rubik's cube so that the Rubik's cube is to the right of the bowl.,7b8582cd1340a540266f361902a3790fdd972ad704cfc3140ec6948f33b8f301,20262940,1140,450,PLANNED_NOT_RELEASED,,,
SGW-01,LAT-C19-N3-C-NEG,LAT-C19-N3,N3,LAT,C,LAT-C19,1,C,-1,LAT-C-NEG,Place the Rubik's cube so that the Rubik's cube is to the right of the bowl.,7b8582cd1340a540266f361902a3790fdd972ad704cfc3140ec6948f33b8f301,20262941,2026092419,450,PLANNED_NOT_RELEASED,,,
SGW-01,LAT-C19-N3-I-POS,LAT-C19-N3,N3,LAT,C,LAT-C19,2,I,1,LAT-I-POS,Place the Rubik's cube so that the bowl is to the right of the Rubik's cube.,6ed00a80ed714a034daa682371ddf42c2e576e40ccc4345fa73053833b4e2d39,20262941,2026092419,450,PLANNED_NOT_RELEASED,,,
SGW-01,LAT-C19-N3-D-POS,LAT-C19-N3,N3,LAT,C,LAT-C19,3,D,1,LAT-D-POS,Put the Rubik's cube to the left of the bowl.,7a9010154f1b73764e6fec767eff0563dfe95807babb6369e7cd6de60ec7aa92,20262941,2026092419,450,PLANNED_NOT_RELEASED,,,
SGW-01,LAT-C19-N3-C-POS,LAT-C19-N3,N3,LAT,C,LAT-C19,4,C,1,LAT-C-POS,Place the Rubik's cube so that the Rubik's cube is to the left of the bowl.,0627baa29ac138ba59a7f8a9e19b78a31258b525c26545131047e39619e3215c,20262941,2026092419,450,PLANNED_NOT_RELEASED,,,
SGW-01,LAT-C19-N3-I-NEG,LAT-C19-N3,N3,LAT,C,LAT-C19,5,I,-1,LAT-I-NEG,Place the Rubik's cube so that the bowl is to the left of the Rubik's cube.,3c36eb09d55cf3875d3d5e49abd4571bdedddb069b328fcb62abd08fc6a515b0,20262941,2026092419,450,PLANNED_NOT_RELEASED,,,
SGW-01,LAT-C19-N3-D-NEG,LAT-C19-N3,N3,LAT,C,LAT-C19,6,D,-1,LAT-D-NEG,Put the Rubik's cube to the right of the bowl.,61d9185096c89b210dc3e920914c889cf2292bed07f1265521658c5a5988e7f4,20262941,2026092419,450,PLANNED_NOT_RELEASED,,,
SGW-01,LAT-C19-D1-C-NEG,LAT-C19-D1,D1,LAT,C,LAT-C19,1,C,-1,LAT-C-NEG,Place the Rubik's cube so that the Rubik's cube is to the right of the bowl.,7b8582cd1340a540266f361902a3790fdd972ad704cfc3140ec6948f33b8f301,20262941,1140,450,PLANNED_NOT_RELEASED,,,
SGW-01,LAT-C19-D1-I-POS,LAT-C19-D1,D1,LAT,C,LAT-C19,2,I,1,LAT-I-POS,Place the Rubik's cube so that the bowl is to the right of the Rubik's cube.,6ed00a80ed714a034daa682371ddf42c2e576e40ccc4345fa73053833b4e2d39,20262941,1140,450,PLANNED_NOT_RELEASED,,,
SGW-01,LAT-C19-D1-D-POS,LAT-C19-D1,D1,LAT,C,LAT-C19,3,D,1,LAT-D-POS,Put the Rubik's cube to the left of the bowl.,7a9010154f1b73764e6fec767eff0563dfe95807babb6369e7cd6de60ec7aa92,20262941,1140,450,PLANNED_NOT_RELEASED,,,
SGW-01,LAT-C19-D1-C-POS,LAT-C19-D1,D1,LAT,C,LAT-C19,4,C,1,LAT-C-POS,Place the Rubik's cube so that the Rubik's cube is to the left of the bowl.,0627baa29ac138ba59a7f8a9e19b78a31258b525c26545131047e39619e3215c,20262941,1140,450,PLANNED_NOT_RELEASED,,,
SGW-01,LAT-C19-D1-I-NEG,LAT-C19-D1,D1,LAT,C,LAT-C19,5,I,-1,LAT-I-NEG,Place the Rubik's cube so that the bowl is to the left of the Rubik's cube.,3c36eb09d55cf3875d3d5e49abd4571bdedddb069b328fcb62abd08fc6a515b0,20262941,1140,450,PLANNED_NOT_RELEASED,,,
SGW-01,LAT-C19-D1-D-NEG,LAT-C19-D1,D1,LAT,C,LAT-C19,6,D,-1,LAT-D-NEG,Put the Rubik's cube to the right of the bowl.,61d9185096c89b210dc3e920914c889cf2292bed07f1265521658c5a5988e7f4,20262941,1140,450,PLANNED_NOT_RELEASED,,,
SGW-01,LAT-C20-N3-I-POS,LAT-C20-N3,N3,LAT,C,LAT-C20,1,I,1,LAT-I-POS,Place the Rubik's cube so that the bowl is to the right of the Rubik's cube.,6ed00a80ed714a034daa682371ddf42c2e576e40ccc4345fa73053833b4e2d39,20262942,2026092420,450,PLANNED_NOT_RELEASED,,,
SGW-01,LAT-C20-N3-D-POS,LAT-C20-N3,N3,LAT,C,LAT-C20,2,D,1,LAT-D-POS,Put the Rubik's cube to the left of the bowl.,7a9010154f1b73764e6fec767eff0563dfe95807babb6369e7cd6de60ec7aa92,20262942,2026092420,450,PLANNED_NOT_RELEASED,,,
SGW-01,LAT-C20-N3-C-POS,LAT-C20-N3,N3,LAT,C,LAT-C20,3,C,1,LAT-C-POS,Place the Rubik's cube so that the Rubik's cube is to the left of the bowl.,0627baa29ac138ba59a7f8a9e19b78a31258b525c26545131047e39619e3215c,20262942,2026092420,450,PLANNED_NOT_RELEASED,,,
SGW-01,LAT-C20-N3-I-NEG,LAT-C20-N3,N3,LAT,C,LAT-C20,4,I,-1,LAT-I-NEG,Place the Rubik's cube so that the bowl is to the left of the Rubik's cube.,3c36eb09d55cf3875d3d5e49abd4571bdedddb069b328fcb62abd08fc6a515b0,20262942,2026092420,450,PLANNED_NOT_RELEASED,,,
SGW-01,LAT-C20-N3-D-NEG,LAT-C20-N3,N3,LAT,C,LAT-C20,5,D,-1,LAT-D-NEG,Put the Rubik's cube to the right of the bowl.,61d9185096c89b210dc3e920914c889cf2292bed07f1265521658c5a5988e7f4,20262942,2026092420,450,PLANNED_NOT_RELEASED,,,
SGW-01,LAT-C20-N3-C-NEG,LAT-C20-N3,N3,LAT,C,LAT-C20,6,C,-1,LAT-C-NEG,Place the Rubik's cube so that the Rubik's cube is to the right of the bowl.,7b8582cd1340a540266f361902a3790fdd972ad704cfc3140ec6948f33b8f301,20262942,2026092420,450,PLANNED_NOT_RELEASED,,,
SGW-01,LAT-C20-D1-I-POS,LAT-C20-D1,D1,LAT,C,LAT-C20,1,I,1,LAT-I-POS,Place the Rubik's cube so that the bowl is to the right of the Rubik's cube.,6ed00a80ed714a034daa682371ddf42c2e576e40ccc4345fa73053833b4e2d39,20262942,1140,450,PLANNED_NOT_RELEASED,,,
SGW-01,LAT-C20-D1-D-POS,LAT-C20-D1,D1,LAT,C,LAT-C20,2,D,1,LAT-D-POS,Put the Rubik's cube to the left of the bowl.,7a9010154f1b73764e6fec767eff0563dfe95807babb6369e7cd6de60ec7aa92,20262942,1140,450,PLANNED_NOT_RELEASED,,,
SGW-01,LAT-C20-D1-C-POS,LAT-C20-D1,D1,LAT,C,LAT-C20,3,C,1,LAT-C-POS,Place the Rubik's cube so that the Rubik's cube is to the left of the bowl.,0627baa29ac138ba59a7f8a9e19b78a31258b525c26545131047e39619e3215c,20262942,1140,450,PLANNED_NOT_RELEASED,,,
SGW-01,LAT-C20-D1-I-NEG,LAT-C20-D1,D1,LAT,C,LAT-C20,4,I,-1,LAT-I-NEG,Place the Rubik's cube so that the bowl is to the left of the Rubik's cube.,3c36eb09d55cf3875d3d5e49abd4571bdedddb069b328fcb62abd08fc6a515b0,20262942,1140,450,PLANNED_NOT_RELEASED,,,
SGW-01,LAT-C20-D1-D-NEG,LAT-C20-D1,D1,LAT,C,LAT-C20,5,D,-1,LAT-D-NEG,Put the Rubik's cube to the right of the bowl.,61d9185096c89b210dc3e920914c889cf2292bed07f1265521658c5a5988e7f4,20262942,1140,450,PLANNED_NOT_RELEASED,,,
SGW-01,LAT-C20-D1-C-NEG,LAT-C20-D1,D1,LAT,C,LAT-C20,6,C,-1,LAT-C-NEG,Place the Rubik's cube so that the Rubik's cube is to the right of the bowl.,7b8582cd1340a540266f361902a3790fdd972ad704cfc3140ec6948f33b8f301,20262942,1140,450,PLANNED_NOT_RELEASED,,,
SGW-01,LAT-C21-N3-D-POS,LAT-C21-N3,N3,LAT,C,LAT-C21,1,D,1,LAT-D-POS,Put the Rubik's cube to the left of the bowl.,7a9010154f1b73764e6fec767eff0563dfe95807babb6369e7cd6de60ec7aa92,20262943,2026092421,450,PLANNED_NOT_RELEASED,,,
SGW-01,LAT-C21-N3-C-POS,LAT-C21-N3,N3,LAT,C,LAT-C21,2,C,1,LAT-C-POS,Place the Rubik's cube so that the Rubik's cube is to the left of the bowl.,0627baa29ac138ba59a7f8a9e19b78a31258b525c26545131047e39619e3215c,20262943,2026092421,450,PLANNED_NOT_RELEASED,,,
SGW-01,LAT-C21-N3-I-NEG,LAT-C21-N3,N3,LAT,C,LAT-C21,3,I,-1,LAT-I-NEG,Place the Rubik's cube so that the bowl is to the left of the Rubik's cube.,3c36eb09d55cf3875d3d5e49abd4571bdedddb069b328fcb62abd08fc6a515b0,20262943,2026092421,450,PLANNED_NOT_RELEASED,,,
SGW-01,LAT-C21-N3-D-NEG,LAT-C21-N3,N3,LAT,C,LAT-C21,4,D,-1,LAT-D-NEG,Put the Rubik's cube to the right of the bowl.,61d9185096c89b210dc3e920914c889cf2292bed07f1265521658c5a5988e7f4,20262943,2026092421,450,PLANNED_NOT_RELEASED,,,
SGW-01,LAT-C21-N3-C-NEG,LAT-C21-N3,N3,LAT,C,LAT-C21,5,C,-1,LAT-C-NEG,Place the Rubik's cube so that the Rubik's cube is to the right of the bowl.,7b8582cd1340a540266f361902a3790fdd972ad704cfc3140ec6948f33b8f301,20262943,2026092421,450,PLANNED_NOT_RELEASED,,,
SGW-01,LAT-C21-N3-I-POS,LAT-C21-N3,N3,LAT,C,LAT-C21,6,I,1,LAT-I-POS,Place the Rubik's cube so that the bowl is to the right of the Rubik's cube.,6ed00a80ed714a034daa682371ddf42c2e576e40ccc4345fa73053833b4e2d39,20262943,2026092421,450,PLANNED_NOT_RELEASED,,,
SGW-01,LAT-C21-D1-D-POS,LAT-C21-D1,D1,LAT,C,LAT-C21,1,D,1,LAT-D-POS,Put the Rubik's cube to the left of the bowl.,7a9010154f1b73764e6fec767eff0563dfe95807babb6369e7cd6de60ec7aa92,20262943,1140,450,PLANNED_NOT_RELEASED,,,
SGW-01,LAT-C21-D1-C-POS,LAT-C21-D1,D1,LAT,C,LAT-C21,2,C,1,LAT-C-POS,Place the Rubik's cube so that the Rubik's cube is to the left of the bowl.,0627baa29ac138ba59a7f8a9e19b78a31258b525c26545131047e39619e3215c,20262943,1140,450,PLANNED_NOT_RELEASED,,,
SGW-01,LAT-C21-D1-I-NEG,LAT-C21-D1,D1,LAT,C,LAT-C21,3,I,-1,LAT-I-NEG,Place the Rubik's cube so that the bowl is to the left of the Rubik's cube.,3c36eb09d55cf3875d3d5e49abd4571bdedddb069b328fcb62abd08fc6a515b0,20262943,1140,450,PLANNED_NOT_RELEASED,,,
SGW-01,LAT-C21-D1-D-NEG,LAT-C21-D1,D1,LAT,C,LAT-C21,4,D,-1,LAT-D-NEG,Put the Rubik's cube to the right of the bowl.,61d9185096c89b210dc3e920914c889cf2292bed07f1265521658c5a5988e7f4,20262943,1140,450,PLANNED_NOT_RELEASED,,,
SGW-01,LAT-C21-D1-C-NEG,LAT-C21-D1,D1,LAT,C,LAT-C21,5,C,-1,LAT-C-NEG,Place the Rubik's cube so that the Rubik's cube is to the right of the bowl.,7b8582cd1340a540266f361902a3790fdd972ad704cfc3140ec6948f33b8f301,20262943,1140,450,PLANNED_NOT_RELEASED,,,
SGW-01,LAT-C21-D1-I-POS,LAT-C21-D1,D1,LAT,C,LAT-C21,6,I,1,LAT-I-POS,Place the Rubik's cube so that the bowl is to the right of the Rubik's cube.,6ed00a80ed714a034daa682371ddf42c2e576e40ccc4345fa73053833b4e2d39,20262943,1140,450,PLANNED_NOT_RELEASED,,,
SGW-01,LAT-C22-N3-C-POS,LAT-C22-N3,N3,LAT,C,LAT-C22,1,C,1,LAT-C-POS,Place the Rubik's cube so that the Rubik's cube is to the left of the bowl.,0627baa29ac138ba59a7f8a9e19b78a31258b525c26545131047e39619e3215c,20262944,2026092422,450,PLANNED_NOT_RELEASED,,,
SGW-01,LAT-C22-N3-I-NEG,LAT-C22-N3,N3,LAT,C,LAT-C22,2,I,-1,LAT-I-NEG,Place the Rubik's cube so that the bowl is to the left of the Rubik's cube.,3c36eb09d55cf3875d3d5e49abd4571bdedddb069b328fcb62abd08fc6a515b0,20262944,2026092422,450,PLANNED_NOT_RELEASED,,,
SGW-01,LAT-C22-N3-D-NEG,LAT-C22-N3,N3,LAT,C,LAT-C22,3,D,-1,LAT-D-NEG,Put the Rubik's cube to the right of the bowl.,61d9185096c89b210dc3e920914c889cf2292bed07f1265521658c5a5988e7f4,20262944,2026092422,450,PLANNED_NOT_RELEASED,,,
SGW-01,LAT-C22-N3-C-NEG,LAT-C22-N3,N3,LAT,C,LAT-C22,4,C,-1,LAT-C-NEG,Place the Rubik's cube so that the Rubik's cube is to the right of the bowl.,7b8582cd1340a540266f361902a3790fdd972ad704cfc3140ec6948f33b8f301,20262944,2026092422,450,PLANNED_NOT_RELEASED,,,
SGW-01,LAT-C22-N3-I-POS,LAT-C22-N3,N3,LAT,C,LAT-C22,5,I,1,LAT-I-POS,Place the Rubik's cube so that the bowl is to the right of the Rubik's cube.,6ed00a80ed714a034daa682371ddf42c2e576e40ccc4345fa73053833b4e2d39,20262944,2026092422,450,PLANNED_NOT_RELEASED,,,
SGW-01,LAT-C22-N3-D-POS,LAT-C22-N3,N3,LAT,C,LAT-C22,6,D,1,LAT-D-POS,Put the Rubik's cube to the left of the bowl.,7a9010154f1b73764e6fec767eff0563dfe95807babb6369e7cd6de60ec7aa92,20262944,2026092422,450,PLANNED_NOT_RELEASED,,,
SGW-01,LAT-C22-D1-C-POS,LAT-C22-D1,D1,LAT,C,LAT-C22,1,C,1,LAT-C-POS,Place the Rubik's cube so that the Rubik's cube is to the left of the bowl.,0627baa29ac138ba59a7f8a9e19b78a31258b525c26545131047e39619e3215c,20262944,1140,450,PLANNED_NOT_RELEASED,,,
SGW-01,LAT-C22-D1-I-NEG,LAT-C22-D1,D1,LAT,C,LAT-C22,2,I,-1,LAT-I-NEG,Place the Rubik's cube so that the bowl is to the left of the Rubik's cube.,3c36eb09d55cf3875d3d5e49abd4571bdedddb069b328fcb62abd08fc6a515b0,20262944,1140,450,PLANNED_NOT_RELEASED,,,
SGW-01,LAT-C22-D1-D-NEG,LAT-C22-D1,D1,LAT,C,LAT-C22,3,D,-1,LAT-D-NEG,Put the Rubik's cube to the right of the bowl.,61d9185096c89b210dc3e920914c889cf2292bed07f1265521658c5a5988e7f4,20262944,1140,450,PLANNED_NOT_RELEASED,,,
SGW-01,LAT-C22-D1-C-NEG,LAT-C22-D1,D1,LAT,C,LAT-C22,4,C,-1,LAT-C-NEG,Place the Rubik's cube so that the Rubik's cube is to the right of the bowl.,7b8582cd1340a540266f361902a3790fdd972ad704cfc3140ec6948f33b8f301,20262944,1140,450,PLANNED_NOT_RELEASED,,,
SGW-01,LAT-C22-D1-I-POS,LAT-C22-D1,D1,LAT,C,LAT-C22,5,I,1,LAT-I-POS,Place the Rubik's cube so that the bowl is to the right of the Rubik's cube.,6ed00a80ed714a034daa682371ddf42c2e576e40ccc4345fa73053833b4e2d39,20262944,1140,450,PLANNED_NOT_RELEASED,,,
SGW-01,LAT-C22-D1-D-POS,LAT-C22-D1,D1,LAT,C,LAT-C22,6,D,1,LAT-D-POS,Put the Rubik's cube to the left of the bowl.,7a9010154f1b73764e6fec767eff0563dfe95807babb6369e7cd6de60ec7aa92,20262944,1140,450,PLANNED_NOT_RELEASED,,,
SGW-01,LAT-C23-N3-I-NEG,LAT-C23-N3,N3,LAT,C,LAT-C23,1,I,-1,LAT-I-NEG,Place the Rubik's cube so that the bowl is to the left of the Rubik's cube.,3c36eb09d55cf3875d3d5e49abd4571bdedddb069b328fcb62abd08fc6a515b0,20262945,2026092423,450,PLANNED_NOT_RELEASED,,,
SGW-01,LAT-C23-N3-D-NEG,LAT-C23-N3,N3,LAT,C,LAT-C23,2,D,-1,LAT-D-NEG,Put the Rubik's cube to the right of the bowl.,61d9185096c89b210dc3e920914c889cf2292bed07f1265521658c5a5988e7f4,20262945,2026092423,450,PLANNED_NOT_RELEASED,,,
SGW-01,LAT-C23-N3-C-NEG,LAT-C23-N3,N3,LAT,C,LAT-C23,3,C,-1,LAT-C-NEG,Place the Rubik's cube so that the Rubik's cube is to the right of the bowl.,7b8582cd1340a540266f361902a3790fdd972ad704cfc3140ec6948f33b8f301,20262945,2026092423,450,PLANNED_NOT_RELEASED,,,
SGW-01,LAT-C23-N3-I-POS,LAT-C23-N3,N3,LAT,C,LAT-C23,4,I,1,LAT-I-POS,Place the Rubik's cube so that the bowl is to the right of the Rubik's cube.,6ed00a80ed714a034daa682371ddf42c2e576e40ccc4345fa73053833b4e2d39,20262945,2026092423,450,PLANNED_NOT_RELEASED,,,
SGW-01,LAT-C23-N3-D-POS,LAT-C23-N3,N3,LAT,C,LAT-C23,5,D,1,LAT-D-POS,Put the Rubik's cube to the left of the bowl.,7a9010154f1b73764e6fec767eff0563dfe95807babb6369e7cd6de60ec7aa92,20262945,2026092423,450,PLANNED_NOT_RELEASED,,,
SGW-01,LAT-C23-N3-C-POS,LAT-C23-N3,N3,LAT,C,LAT-C23,6,C,1,LAT-C-POS,Place the Rubik's cube so that the Rubik's cube is to the left of the bowl.,0627baa29ac138ba59a7f8a9e19b78a31258b525c26545131047e39619e3215c,20262945,2026092423,450,PLANNED_NOT_RELEASED,,,
SGW-01,LAT-C23-D1-I-NEG,LAT-C23-D1,D1,LAT,C,LAT-C23,1,I,-1,LAT-I-NEG,Place the Rubik's cube so that the bowl is to the left of the Rubik's cube.,3c36eb09d55cf3875d3d5e49abd4571bdedddb069b328fcb62abd08fc6a515b0,20262945,1140,450,PLANNED_NOT_RELEASED,,,
SGW-01,LAT-C23-D1-D-NEG,LAT-C23-D1,D1,LAT,C,LAT-C23,2,D,-1,LAT-D-NEG,Put the Rubik's cube to the right of the bowl.,61d9185096c89b210dc3e920914c889cf2292bed07f1265521658c5a5988e7f4,20262945,1140,450,PLANNED_NOT_RELEASED,,,
SGW-01,LAT-C23-D1-C-NEG,LAT-C23-D1,D1,LAT,C,LAT-C23,3,C,-1,LAT-C-NEG,Place the Rubik's cube so that the Rubik's cube is to the right of the bowl.,7b8582cd1340a540266f361902a3790fdd972ad704cfc3140ec6948f33b8f301,20262945,1140,450,PLANNED_NOT_RELEASED,,,
SGW-01,LAT-C23-D1-I-POS,LAT-C23-D1,D1,LAT,C,LAT-C23,4,I,1,LAT-I-POS,Place the Rubik's cube so that the bowl is to the right of the Rubik's cube.,6ed00a80ed714a034daa682371ddf42c2e576e40ccc4345fa73053833b4e2d39,20262945,1140,450,PLANNED_NOT_RELEASED,,,
SGW-01,LAT-C23-D1-D-POS,LAT-C23-D1,D1,LAT,C,LAT-C23,5,D,1,LAT-D-POS,Put the Rubik's cube to the left of the bowl.,7a9010154f1b73764e6fec767eff0563dfe95807babb6369e7cd6de60ec7aa92,20262945,1140,450,PLANNED_NOT_RELEASED,,,
SGW-01,LAT-C23-D1-C-POS,LAT-C23-D1,D1,LAT,C,LAT-C23,6,C,1,LAT-C-POS,Place the Rubik's cube so that the Rubik's cube is to the left of the bowl.,0627baa29ac138ba59a7f8a9e19b78a31258b525c26545131047e39619e3215c,20262945,1140,450,PLANNED_NOT_RELEASED,,,
SGW-01,LAT-C24-N3-D-NEG,LAT-C24-N3,N3,LAT,C,LAT-C24,1,D,-1,LAT-D-NEG,Put the Rubik's cube to the right of the bowl.,61d9185096c89b210dc3e920914c889cf2292bed07f1265521658c5a5988e7f4,20262946,2026092424,450,PLANNED_NOT_RELEASED,,,
SGW-01,LAT-C24-N3-C-NEG,LAT-C24-N3,N3,LAT,C,LAT-C24,2,C,-1,LAT-C-NEG,Place the Rubik's cube so that the Rubik's cube is to the right of the bowl.,7b8582cd1340a540266f361902a3790fdd972ad704cfc3140ec6948f33b8f301,20262946,2026092424,450,PLANNED_NOT_RELEASED,,,
SGW-01,LAT-C24-N3-I-POS,LAT-C24-N3,N3,LAT,C,LAT-C24,3,I,1,LAT-I-POS,Place the Rubik's cube so that the bowl is to the right of the Rubik's cube.,6ed00a80ed714a034daa682371ddf42c2e576e40ccc4345fa73053833b4e2d39,20262946,2026092424,450,PLANNED_NOT_RELEASED,,,
SGW-01,LAT-C24-N3-D-POS,LAT-C24-N3,N3,LAT,C,LAT-C24,4,D,1,LAT-D-POS,Put the Rubik's cube to the left of the bowl.,7a9010154f1b73764e6fec767eff0563dfe95807babb6369e7cd6de60ec7aa92,20262946,2026092424,450,PLANNED_NOT_RELEASED,,,
SGW-01,LAT-C24-N3-C-POS,LAT-C24-N3,N3,LAT,C,LAT-C24,5,C,1,LAT-C-POS,Place the Rubik's cube so that the Rubik's cube is to the left of the bowl.,0627baa29ac138ba59a7f8a9e19b78a31258b525c26545131047e39619e3215c,20262946,2026092424,450,PLANNED_NOT_RELEASED,,,
SGW-01,LAT-C24-N3-I-NEG,LAT-C24-N3,N3,LAT,C,LAT-C24,6,I,-1,LAT-I-NEG,Place the Rubik's cube so that the bowl is to the left of the Rubik's cube.,3c36eb09d55cf3875d3d5e49abd4571bdedddb069b328fcb62abd08fc6a515b0,20262946,2026092424,450,PLANNED_NOT_RELEASED,,,
SGW-01,LAT-C24-D1-D-NEG,LAT-C24-D1,D1,LAT,C,LAT-C24,1,D,-1,LAT-D-NEG,Put the Rubik's cube to the right of the bowl.,61d9185096c89b210dc3e920914c889cf2292bed07f1265521658c5a5988e7f4,20262946,1140,450,PLANNED_NOT_RELEASED,,,
SGW-01,LAT-C24-D1-C-NEG,LAT-C24-D1,D1,LAT,C,LAT-C24,2,C,-1,LAT-C-NEG,Place the Rubik's cube so that the Rubik's cube is to the right of the bowl.,7b8582cd1340a540266f361902a3790fdd972ad704cfc3140ec6948f33b8f301,20262946,1140,450,PLANNED_NOT_RELEASED,,,
SGW-01,LAT-C24-D1-I-POS,LAT-C24-D1,D1,LAT,C,LAT-C24,3,I,1,LAT-I-POS,Place the Rubik's cube so that the bowl is to the right of the Rubik's cube.,6ed00a80ed714a034daa682371ddf42c2e576e40ccc4345fa73053833b4e2d39,20262946,1140,450,PLANNED_NOT_RELEASED,,,
SGW-01,LAT-C24-D1-D-POS,LAT-C24-D1,D1,LAT,C,LAT-C24,4,D,1,LAT-D-POS,Put the Rubik's cube to the left of the bowl.,7a9010154f1b73764e6fec767eff0563dfe95807babb6369e7cd6de60ec7aa92,20262946,1140,450,PLANNED_NOT_RELEASED,,,
SGW-01,LAT-C24-D1-C-POS,LAT-C24-D1,D1,LAT,C,LAT-C24,5,C,1,LAT-C-POS,Place the Rubik's cube so that the Rubik's cube is to the left of the bowl.,0627baa29ac138ba59a7f8a9e19b78a31258b525c26545131047e39619e3215c,20262946,1140,450,PLANNED_NOT_RELEASED,,,
SGW-01,LAT-C24-D1-I-NEG,LAT-C24-D1,D1,LAT,C,LAT-C24,6,I,-1,LAT-I-NEG,Place the Rubik's cube so that the bowl is to the left of the Rubik's cube.,3c36eb09d55cf3875d3d5e49abd4571bdedddb069b328fcb62abd08fc6a515b0,20262946,1140,450,PLANNED_NOT_RELEASED,,,
SGW-01,HEIGHT-P01-N3-I-NEG,HEIGHT-P01-N3,N3,HEIGHT,P,HEIGHT-P01,1,I,-1,HEIGHT-I-NEG,Place the Rubik's cube so that the bowl is higher than the Rubik's cube.,1779ad079338c6022e6dfbe58871c8a43d2602e38cabc5dab49c80d9b01feb36,20270923,2026093201,450,PLANNED_NOT_RELEASED,,,
SGW-01,HEIGHT-P01-N3-C-NEG,HEIGHT-P01-N3,N3,HEIGHT,P,HEIGHT-P01,2,C,-1,HEIGHT-C-NEG,Place the Rubik's cube so that the Rubik's cube is lower than the bowl.,335b224a7fea8536bce4e16df660317baf2116e3d334982b7309d9917f538828,20270923,2026093201,450,PLANNED_NOT_RELEASED,,,
SGW-01,HEIGHT-P01-N3-D-POS,HEIGHT-P01-N3,N3,HEIGHT,P,HEIGHT-P01,3,D,1,HEIGHT-D-POS,Put the Rubik's cube higher than the bowl.,ce9ebbce2f97fc882431671fabdcabe285d4f778a18a6ce8ec9e401ace889aa0,20270923,2026093201,450,PLANNED_NOT_RELEASED,,,
SGW-01,HEIGHT-P01-N3-I-POS,HEIGHT-P01-N3,N3,HEIGHT,P,HEIGHT-P01,4,I,1,HEIGHT-I-POS,Place the Rubik's cube so that the bowl is lower than the Rubik's cube.,dc035ef9c00f5068092a80105a9c0ef3d77c103df7a1bb0c245a032d09d1014f,20270923,2026093201,450,PLANNED_NOT_RELEASED,,,
SGW-01,HEIGHT-P01-N3-D-NEG,HEIGHT-P01-N3,N3,HEIGHT,P,HEIGHT-P01,5,D,-1,HEIGHT-D-NEG,Put the Rubik's cube lower than the bowl.,2b2abd622acedd6dbf8622f31eb83c95afc00f352cbe145da1d4ddaecbc874ec,20270923,2026093201,450,PLANNED_NOT_RELEASED,,,
SGW-01,HEIGHT-P01-N3-C-POS,HEIGHT-P01-N3,N3,HEIGHT,P,HEIGHT-P01,6,C,1,HEIGHT-C-POS,Place the Rubik's cube so that the Rubik's cube is higher than the bowl.,8e59d9145045e26dc9e4ee93a2bc9883b80326f7210b50ba3fd05121c6770b92,20270923,2026093201,450,PLANNED_NOT_RELEASED,,,
SGW-01,HEIGHT-P01-D1-I-NEG,HEIGHT-P01-D1,D1,HEIGHT,P,HEIGHT-P01,1,I,-1,HEIGHT-I-NEG,Place the Rubik's cube so that the bowl is higher than the Rubik's cube.,1779ad079338c6022e6dfbe58871c8a43d2602e38cabc5dab49c80d9b01feb36,20270923,1140,450,PLANNED_NOT_RELEASED,,,
SGW-01,HEIGHT-P01-D1-C-NEG,HEIGHT-P01-D1,D1,HEIGHT,P,HEIGHT-P01,2,C,-1,HEIGHT-C-NEG,Place the Rubik's cube so that the Rubik's cube is lower than the bowl.,335b224a7fea8536bce4e16df660317baf2116e3d334982b7309d9917f538828,20270923,1140,450,PLANNED_NOT_RELEASED,,,
SGW-01,HEIGHT-P01-D1-D-POS,HEIGHT-P01-D1,D1,HEIGHT,P,HEIGHT-P01,3,D,1,HEIGHT-D-POS,Put the Rubik's cube higher than the bowl.,ce9ebbce2f97fc882431671fabdcabe285d4f778a18a6ce8ec9e401ace889aa0,20270923,1140,450,PLANNED_NOT_RELEASED,,,
SGW-01,HEIGHT-P01-D1-I-POS,HEIGHT-P01-D1,D1,HEIGHT,P,HEIGHT-P01,4,I,1,HEIGHT-I-POS,Place the Rubik's cube so that the bowl is lower than the Rubik's cube.,dc035ef9c00f5068092a80105a9c0ef3d77c103df7a1bb0c245a032d09d1014f,20270923,1140,450,PLANNED_NOT_RELEASED,,,
SGW-01,HEIGHT-P01-D1-D-NEG,HEIGHT-P01-D1,D1,HEIGHT,P,HEIGHT-P01,5,D,-1,HEIGHT-D-NEG,Put the Rubik's cube lower than the bowl.,2b2abd622acedd6dbf8622f31eb83c95afc00f352cbe145da1d4ddaecbc874ec,20270923,1140,450,PLANNED_NOT_RELEASED,,,
SGW-01,HEIGHT-P01-D1-C-POS,HEIGHT-P01-D1,D1,HEIGHT,P,HEIGHT-P01,6,C,1,HEIGHT-C-POS,Place the Rubik's cube so that the Rubik's cube is higher than the bowl.,8e59d9145045e26dc9e4ee93a2bc9883b80326f7210b50ba3fd05121c6770b92,20270923,1140,450,PLANNED_NOT_RELEASED,,,
SGW-01,HEIGHT-D01-N3-D-POS,HEIGHT-D01-N3,N3,HEIGHT,D,HEIGHT-D01,1,D,1,HEIGHT-D-POS,Put the Rubik's cube higher than the bowl.,ce9ebbce2f97fc882431671fabdcabe285d4f778a18a6ce8ec9e401ace889aa0,20271923,2026093301,450,PLANNED_NOT_RELEASED,,,
SGW-01,HEIGHT-D01-N3-C-NEG,HEIGHT-D01-N3,N3,HEIGHT,D,HEIGHT-D01,2,C,-1,HEIGHT-C-NEG,Place the Rubik's cube so that the Rubik's cube is lower than the bowl.,335b224a7fea8536bce4e16df660317baf2116e3d334982b7309d9917f538828,20271923,2026093301,450,PLANNED_NOT_RELEASED,,,
SGW-01,HEIGHT-D01-N3-I-NEG,HEIGHT-D01-N3,N3,HEIGHT,D,HEIGHT-D01,3,I,-1,HEIGHT-I-NEG,Place the Rubik's cube so that the bowl is higher than the Rubik's cube.,1779ad079338c6022e6dfbe58871c8a43d2602e38cabc5dab49c80d9b01feb36,20271923,2026093301,450,PLANNED_NOT_RELEASED,,,
SGW-01,HEIGHT-D01-N3-I-POS,HEIGHT-D01-N3,N3,HEIGHT,D,HEIGHT-D01,4,I,1,HEIGHT-I-POS,Place the Rubik's cube so that the bowl is lower than the Rubik's cube.,dc035ef9c00f5068092a80105a9c0ef3d77c103df7a1bb0c245a032d09d1014f,20271923,2026093301,450,PLANNED_NOT_RELEASED,,,
SGW-01,HEIGHT-D01-N3-C-POS,HEIGHT-D01-N3,N3,HEIGHT,D,HEIGHT-D01,5,C,1,HEIGHT-C-POS,Place the Rubik's cube so that the Rubik's cube is higher than the bowl.,8e59d9145045e26dc9e4ee93a2bc9883b80326f7210b50ba3fd05121c6770b92,20271923,2026093301,450,PLANNED_NOT_RELEASED,,,
SGW-01,HEIGHT-D01-N3-D-NEG,HEIGHT-D01-N3,N3,HEIGHT,D,HEIGHT-D01,6,D,-1,HEIGHT-D-NEG,Put the Rubik's cube lower than the bowl.,2b2abd622acedd6dbf8622f31eb83c95afc00f352cbe145da1d4ddaecbc874ec,20271923,2026093301,450,PLANNED_NOT_RELEASED,,,
SGW-01,HEIGHT-D01-D1-D-POS,HEIGHT-D01-D1,D1,HEIGHT,D,HEIGHT-D01,1,D,1,HEIGHT-D-POS,Put the Rubik's cube higher than the bowl.,ce9ebbce2f97fc882431671fabdcabe285d4f778a18a6ce8ec9e401ace889aa0,20271923,1140,450,PLANNED_NOT_RELEASED,,,
SGW-01,HEIGHT-D01-D1-C-NEG,HEIGHT-D01-D1,D1,HEIGHT,D,HEIGHT-D01,2,C,-1,HEIGHT-C-NEG,Place the Rubik's cube so that the Rubik's cube is lower than the bowl.,335b224a7fea8536bce4e16df660317baf2116e3d334982b7309d9917f538828,20271923,1140,450,PLANNED_NOT_RELEASED,,,
SGW-01,HEIGHT-D01-D1-I-NEG,HEIGHT-D01-D1,D1,HEIGHT,D,HEIGHT-D01,3,I,-1,HEIGHT-I-NEG,Place the Rubik's cube so that the bowl is higher than the Rubik's cube.,1779ad079338c6022e6dfbe58871c8a43d2602e38cabc5dab49c80d9b01feb36,20271923,1140,450,PLANNED_NOT_RELEASED,,,
SGW-01,HEIGHT-D01-D1-I-POS,HEIGHT-D01-D1,D1,HEIGHT,D,HEIGHT-D01,4,I,1,HEIGHT-I-POS,Place the Rubik's cube so that the bowl is lower than the Rubik's cube.,dc035ef9c00f5068092a80105a9c0ef3d77c103df7a1bb0c245a032d09d1014f,20271923,1140,450,PLANNED_NOT_RELEASED,,,
SGW-01,HEIGHT-D01-D1-C-POS,HEIGHT-D01-D1,D1,HEIGHT,D,HEIGHT-D01,5,C,1,HEIGHT-C-POS,Place the Rubik's cube so that the Rubik's cube is higher than the bowl.,8e59d9145045e26dc9e4ee93a2bc9883b80326f7210b50ba3fd05121c6770b92,20271923,1140,450,PLANNED_NOT_RELEASED,,,
SGW-01,HEIGHT-D01-D1-D-NEG,HEIGHT-D01-D1,D1,HEIGHT,D,HEIGHT-D01,6,D,-1,HEIGHT-D-NEG,Put the Rubik's cube lower than the bowl.,2b2abd622acedd6dbf8622f31eb83c95afc00f352cbe145da1d4ddaecbc874ec,20271923,1140,450,PLANNED_NOT_RELEASED,,,
SGW-01,HEIGHT-D02-N3-C-NEG,HEIGHT-D02-N3,N3,HEIGHT,D,HEIGHT-D02,1,C,-1,HEIGHT-C-NEG,Place the Rubik's cube so that the Rubik's cube is lower than the bowl.,335b224a7fea8536bce4e16df660317baf2116e3d334982b7309d9917f538828,20271924,2026093302,450,PLANNED_NOT_RELEASED,,,
SGW-01,HEIGHT-D02-N3-I-NEG,HEIGHT-D02-N3,N3,HEIGHT,D,HEIGHT-D02,2,I,-1,HEIGHT-I-NEG,Place the Rubik's cube so that the bowl is higher than the Rubik's cube.,1779ad079338c6022e6dfbe58871c8a43d2602e38cabc5dab49c80d9b01feb36,20271924,2026093302,450,PLANNED_NOT_RELEASED,,,
SGW-01,HEIGHT-D02-N3-I-POS,HEIGHT-D02-N3,N3,HEIGHT,D,HEIGHT-D02,3,I,1,HEIGHT-I-POS,Place the Rubik's cube so that the bowl is lower than the Rubik's cube.,dc035ef9c00f5068092a80105a9c0ef3d77c103df7a1bb0c245a032d09d1014f,20271924,2026093302,450,PLANNED_NOT_RELEASED,,,
SGW-01,HEIGHT-D02-N3-C-POS,HEIGHT-D02-N3,N3,HEIGHT,D,HEIGHT-D02,4,C,1,HEIGHT-C-POS,Place the Rubik's cube so that the Rubik's cube is higher than the bowl.,8e59d9145045e26dc9e4ee93a2bc9883b80326f7210b50ba3fd05121c6770b92,20271924,2026093302,450,PLANNED_NOT_RELEASED,,,
SGW-01,HEIGHT-D02-N3-D-NEG,HEIGHT-D02-N3,N3,HEIGHT,D,HEIGHT-D02,5,D,-1,HEIGHT-D-NEG,Put the Rubik's cube lower than the bowl.,2b2abd622acedd6dbf8622f31eb83c95afc00f352cbe145da1d4ddaecbc874ec,20271924,2026093302,450,PLANNED_NOT_RELEASED,,,
SGW-01,HEIGHT-D02-N3-D-POS,HEIGHT-D02-N3,N3,HEIGHT,D,HEIGHT-D02,6,D,1,HEIGHT-D-POS,Put the Rubik's cube higher than the bowl.,ce9ebbce2f97fc882431671fabdcabe285d4f778a18a6ce8ec9e401ace889aa0,20271924,2026093302,450,PLANNED_NOT_RELEASED,,,
SGW-01,HEIGHT-D02-D1-C-NEG,HEIGHT-D02-D1,D1,HEIGHT,D,HEIGHT-D02,1,C,-1,HEIGHT-C-NEG,Place the Rubik's cube so that the Rubik's cube is lower than the bowl.,335b224a7fea8536bce4e16df660317baf2116e3d334982b7309d9917f538828,20271924,1140,450,PLANNED_NOT_RELEASED,,,
SGW-01,HEIGHT-D02-D1-I-NEG,HEIGHT-D02-D1,D1,HEIGHT,D,HEIGHT-D02,2,I,-1,HEIGHT-I-NEG,Place the Rubik's cube so that the bowl is higher than the Rubik's cube.,1779ad079338c6022e6dfbe58871c8a43d2602e38cabc5dab49c80d9b01feb36,20271924,1140,450,PLANNED_NOT_RELEASED,,,
SGW-01,HEIGHT-D02-D1-I-POS,HEIGHT-D02-D1,D1,HEIGHT,D,HEIGHT-D02,3,I,1,HEIGHT-I-POS,Place the Rubik's cube so that the bowl is lower than the Rubik's cube.,dc035ef9c00f5068092a80105a9c0ef3d77c103df7a1bb0c245a032d09d1014f,20271924,1140,450,PLANNED_NOT_RELEASED,,,
SGW-01,HEIGHT-D02-D1-C-POS,HEIGHT-D02-D1,D1,HEIGHT,D,HEIGHT-D02,4,C,1,HEIGHT-C-POS,Place the Rubik's cube so that the Rubik's cube is higher than the bowl.,8e59d9145045e26dc9e4ee93a2bc9883b80326f7210b50ba3fd05121c6770b92,20271924,1140,450,PLANNED_NOT_RELEASED,,,
SGW-01,HEIGHT-D02-D1-D-NEG,HEIGHT-D02-D1,D1,HEIGHT,D,HEIGHT-D02,5,D,-1,HEIGHT-D-NEG,Put the Rubik's cube lower than the bowl.,2b2abd622acedd6dbf8622f31eb83c95afc00f352cbe145da1d4ddaecbc874ec,20271924,1140,450,PLANNED_NOT_RELEASED,,,
SGW-01,HEIGHT-D02-D1-D-POS,HEIGHT-D02-D1,D1,HEIGHT,D,HEIGHT-D02,6,D,1,HEIGHT-D-POS,Put the Rubik's cube higher than the bowl.,ce9ebbce2f97fc882431671fabdcabe285d4f778a18a6ce8ec9e401ace889aa0,20271924,1140,450,PLANNED_NOT_RELEASED,,,
SGW-01,HEIGHT-D03-N3-I-NEG,HEIGHT-D03-N3,N3,HEIGHT,D,HEIGHT-D03,1,I,-1,HEIGHT-I-NEG,Place the Rubik's cube so that the bowl is higher than the Rubik's cube.,1779ad079338c6022e6dfbe58871c8a43d2602e38cabc5dab49c80d9b01feb36,20271925,2026093303,450,PLANNED_NOT_RELEASED,,,
SGW-01,HEIGHT-D03-N3-I-POS,HEIGHT-D03-N3,N3,HEIGHT,D,HEIGHT-D03,2,I,1,HEIGHT-I-POS,Place the Rubik's cube so that the bowl is lower than the Rubik's cube.,dc035ef9c00f5068092a80105a9c0ef3d77c103df7a1bb0c245a032d09d1014f,20271925,2026093303,450,PLANNED_NOT_RELEASED,,,
SGW-01,HEIGHT-D03-N3-C-POS,HEIGHT-D03-N3,N3,HEIGHT,D,HEIGHT-D03,3,C,1,HEIGHT-C-POS,Place the Rubik's cube so that the Rubik's cube is higher than the bowl.,8e59d9145045e26dc9e4ee93a2bc9883b80326f7210b50ba3fd05121c6770b92,20271925,2026093303,450,PLANNED_NOT_RELEASED,,,
SGW-01,HEIGHT-D03-N3-D-NEG,HEIGHT-D03-N3,N3,HEIGHT,D,HEIGHT-D03,4,D,-1,HEIGHT-D-NEG,Put the Rubik's cube lower than the bowl.,2b2abd622acedd6dbf8622f31eb83c95afc00f352cbe145da1d4ddaecbc874ec,20271925,2026093303,450,PLANNED_NOT_RELEASED,,,
SGW-01,HEIGHT-D03-N3-D-POS,HEIGHT-D03-N3,N3,HEIGHT,D,HEIGHT-D03,5,D,1,HEIGHT-D-POS,Put the Rubik's cube higher than the bowl.,ce9ebbce2f97fc882431671fabdcabe285d4f778a18a6ce8ec9e401ace889aa0,20271925,2026093303,450,PLANNED_NOT_RELEASED,,,
SGW-01,HEIGHT-D03-N3-C-NEG,HEIGHT-D03-N3,N3,HEIGHT,D,HEIGHT-D03,6,C,-1,HEIGHT-C-NEG,Place the Rubik's cube so that the Rubik's cube is lower than the bowl.,335b224a7fea8536bce4e16df660317baf2116e3d334982b7309d9917f538828,20271925,2026093303,450,PLANNED_NOT_RELEASED,,,
SGW-01,HEIGHT-D03-D1-I-NEG,HEIGHT-D03-D1,D1,HEIGHT,D,HEIGHT-D03,1,I,-1,HEIGHT-I-NEG,Place the Rubik's cube so that the bowl is higher than the Rubik's cube.,1779ad079338c6022e6dfbe58871c8a43d2602e38cabc5dab49c80d9b01feb36,20271925,1140,450,PLANNED_NOT_RELEASED,,,
SGW-01,HEIGHT-D03-D1-I-POS,HEIGHT-D03-D1,D1,HEIGHT,D,HEIGHT-D03,2,I,1,HEIGHT-I-POS,Place the Rubik's cube so that the bowl is lower than the Rubik's cube.,dc035ef9c00f5068092a80105a9c0ef3d77c103df7a1bb0c245a032d09d1014f,20271925,1140,450,PLANNED_NOT_RELEASED,,,
SGW-01,HEIGHT-D03-D1-C-POS,HEIGHT-D03-D1,D1,HEIGHT,D,HEIGHT-D03,3,C,1,HEIGHT-C-POS,Place the Rubik's cube so that the Rubik's cube is higher than the bowl.,8e59d9145045e26dc9e4ee93a2bc9883b80326f7210b50ba3fd05121c6770b92,20271925,1140,450,PLANNED_NOT_RELEASED,,,
SGW-01,HEIGHT-D03-D1-D-NEG,HEIGHT-D03-D1,D1,HEIGHT,D,HEIGHT-D03,4,D,-1,HEIGHT-D-NEG,Put the Rubik's cube lower than the bowl.,2b2abd622acedd6dbf8622f31eb83c95afc00f352cbe145da1d4ddaecbc874ec,20271925,1140,450,PLANNED_NOT_RELEASED,,,
SGW-01,HEIGHT-D03-D1-D-POS,HEIGHT-D03-D1,D1,HEIGHT,D,HEIGHT-D03,5,D,1,HEIGHT-D-POS,Put the Rubik's cube higher than the bowl.,ce9ebbce2f97fc882431671fabdcabe285d4f778a18a6ce8ec9e401ace889aa0,20271925,1140,450,PLANNED_NOT_RELEASED,,,
SGW-01,HEIGHT-D03-D1-C-NEG,HEIGHT-D03-D1,D1,HEIGHT,D,HEIGHT-D03,6,C,-1,HEIGHT-C-NEG,Place the Rubik's cube so that the Rubik's cube is lower than the bowl.,335b224a7fea8536bce4e16df660317baf2116e3d334982b7309d9917f538828,20271925,1140,450,PLANNED_NOT_RELEASED,,,
SGW-01,HEIGHT-D04-N3-I-POS,HEIGHT-D04-N3,N3,HEIGHT,D,HEIGHT-D04,1,I,1,HEIGHT-I-POS,Place the Rubik's cube so that the bowl is lower than the Rubik's cube.,dc035ef9c00f5068092a80105a9c0ef3d77c103df7a1bb0c245a032d09d1014f,20271926,2026093304,450,PLANNED_NOT_RELEASED,,,
SGW-01,HEIGHT-D04-N3-C-POS,HEIGHT-D04-N3,N3,HEIGHT,D,HEIGHT-D04,2,C,1,HEIGHT-C-POS,Place the Rubik's cube so that the Rubik's cube is higher than the bowl.,8e59d9145045e26dc9e4ee93a2bc9883b80326f7210b50ba3fd05121c6770b92,20271926,2026093304,450,PLANNED_NOT_RELEASED,,,
SGW-01,HEIGHT-D04-N3-D-NEG,HEIGHT-D04-N3,N3,HEIGHT,D,HEIGHT-D04,3,D,-1,HEIGHT-D-NEG,Put the Rubik's cube lower than the bowl.,2b2abd622acedd6dbf8622f31eb83c95afc00f352cbe145da1d4ddaecbc874ec,20271926,2026093304,450,PLANNED_NOT_RELEASED,,,
SGW-01,HEIGHT-D04-N3-D-POS,HEIGHT-D04-N3,N3,HEIGHT,D,HEIGHT-D04,4,D,1,HEIGHT-D-POS,Put the Rubik's cube higher than the bowl.,ce9ebbce2f97fc882431671fabdcabe285d4f778a18a6ce8ec9e401ace889aa0,20271926,2026093304,450,PLANNED_NOT_RELEASED,,,
SGW-01,HEIGHT-D04-N3-C-NEG,HEIGHT-D04-N3,N3,HEIGHT,D,HEIGHT-D04,5,C,-1,HEIGHT-C-NEG,Place the Rubik's cube so that the Rubik's cube is lower than the bowl.,335b224a7fea8536bce4e16df660317baf2116e3d334982b7309d9917f538828,20271926,2026093304,450,PLANNED_NOT_RELEASED,,,
SGW-01,HEIGHT-D04-N3-I-NEG,HEIGHT-D04-N3,N3,HEIGHT,D,HEIGHT-D04,6,I,-1,HEIGHT-I-NEG,Place the Rubik's cube so that the bowl is higher than the Rubik's cube.,1779ad079338c6022e6dfbe58871c8a43d2602e38cabc5dab49c80d9b01feb36,20271926,2026093304,450,PLANNED_NOT_RELEASED,,,
SGW-01,HEIGHT-D04-D1-I-POS,HEIGHT-D04-D1,D1,HEIGHT,D,HEIGHT-D04,1,I,1,HEIGHT-I-POS,Place the Rubik's cube so that the bowl is lower than the Rubik's cube.,dc035ef9c00f5068092a80105a9c0ef3d77c103df7a1bb0c245a032d09d1014f,20271926,1140,450,PLANNED_NOT_RELEASED,,,
SGW-01,HEIGHT-D04-D1-C-POS,HEIGHT-D04-D1,D1,HEIGHT,D,HEIGHT-D04,2,C,1,HEIGHT-C-POS,Place the Rubik's cube so that the Rubik's cube is higher than the bowl.,8e59d9145045e26dc9e4ee93a2bc9883b80326f7210b50ba3fd05121c6770b92,20271926,1140,450,PLANNED_NOT_RELEASED,,,
SGW-01,HEIGHT-D04-D1-D-NEG,HEIGHT-D04-D1,D1,HEIGHT,D,HEIGHT-D04,3,D,-1,HEIGHT-D-NEG,Put the Rubik's cube lower than the bowl.,2b2abd622acedd6dbf8622f31eb83c95afc00f352cbe145da1d4ddaecbc874ec,20271926,1140,450,PLANNED_NOT_RELEASED,,,
SGW-01,HEIGHT-D04-D1-D-POS,HEIGHT-D04-D1,D1,HEIGHT,D,HEIGHT-D04,4,D,1,HEIGHT-D-POS,Put the Rubik's cube higher than the bowl.,ce9ebbce2f97fc882431671fabdcabe285d4f778a18a6ce8ec9e401ace889aa0,20271926,1140,450,PLANNED_NOT_RELEASED,,,
SGW-01,HEIGHT-D04-D1-C-NEG,HEIGHT-D04-D1,D1,HEIGHT,D,HEIGHT-D04,5,C,-1,HEIGHT-C-NEG,Place the Rubik's cube so that the Rubik's cube is lower than the bowl.,335b224a7fea8536bce4e16df660317baf2116e3d334982b7309d9917f538828,20271926,1140,450,PLANNED_NOT_RELEASED,,,
SGW-01,HEIGHT-D04-D1-I-NEG,HEIGHT-D04-D1,D1,HEIGHT,D,HEIGHT-D04,6,I,-1,HEIGHT-I-NEG,Place the Rubik's cube so that the bowl is higher than the Rubik's cube.,1779ad079338c6022e6dfbe58871c8a43d2602e38cabc5dab49c80d9b01feb36,20271926,1140,450,PLANNED_NOT_RELEASED,,,
SGW-01,HEIGHT-C01-N3-I-POS,HEIGHT-C01-N3,N3,HEIGHT,C,HEIGHT-C01,1,I,1,HEIGHT-I-POS,Place the Rubik's cube so that the bowl is lower than the Rubik's cube.,dc035ef9c00f5068092a80105a9c0ef3d77c103df7a1bb0c245a032d09d1014f,20272923,2026093401,450,PLANNED_NOT_RELEASED,,,
SGW-01,HEIGHT-C01-N3-C-NEG,HEIGHT-C01-N3,N3,HEIGHT,C,HEIGHT-C01,2,C,-1,HEIGHT-C-NEG,Place the Rubik's cube so that the Rubik's cube is lower than the bowl.,335b224a7fea8536bce4e16df660317baf2116e3d334982b7309d9917f538828,20272923,2026093401,450,PLANNED_NOT_RELEASED,,,
SGW-01,HEIGHT-C01-N3-D-NEG,HEIGHT-C01-N3,N3,HEIGHT,C,HEIGHT-C01,3,D,-1,HEIGHT-D-NEG,Put the Rubik's cube lower than the bowl.,2b2abd622acedd6dbf8622f31eb83c95afc00f352cbe145da1d4ddaecbc874ec,20272923,2026093401,450,PLANNED_NOT_RELEASED,,,
SGW-01,HEIGHT-C01-N3-D-POS,HEIGHT-C01-N3,N3,HEIGHT,C,HEIGHT-C01,4,D,1,HEIGHT-D-POS,Put the Rubik's cube higher than the bowl.,ce9ebbce2f97fc882431671fabdcabe285d4f778a18a6ce8ec9e401ace889aa0,20272923,2026093401,450,PLANNED_NOT_RELEASED,,,
SGW-01,HEIGHT-C01-N3-C-POS,HEIGHT-C01-N3,N3,HEIGHT,C,HEIGHT-C01,5,C,1,HEIGHT-C-POS,Place the Rubik's cube so that the Rubik's cube is higher than the bowl.,8e59d9145045e26dc9e4ee93a2bc9883b80326f7210b50ba3fd05121c6770b92,20272923,2026093401,450,PLANNED_NOT_RELEASED,,,
SGW-01,HEIGHT-C01-N3-I-NEG,HEIGHT-C01-N3,N3,HEIGHT,C,HEIGHT-C01,6,I,-1,HEIGHT-I-NEG,Place the Rubik's cube so that the bowl is higher than the Rubik's cube.,1779ad079338c6022e6dfbe58871c8a43d2602e38cabc5dab49c80d9b01feb36,20272923,2026093401,450,PLANNED_NOT_RELEASED,,,
SGW-01,HEIGHT-C01-D1-I-POS,HEIGHT-C01-D1,D1,HEIGHT,C,HEIGHT-C01,1,I,1,HEIGHT-I-POS,Place the Rubik's cube so that the bowl is lower than the Rubik's cube.,dc035ef9c00f5068092a80105a9c0ef3d77c103df7a1bb0c245a032d09d1014f,20272923,1140,450,PLANNED_NOT_RELEASED,,,
SGW-01,HEIGHT-C01-D1-C-NEG,HEIGHT-C01-D1,D1,HEIGHT,C,HEIGHT-C01,2,C,-1,HEIGHT-C-NEG,Place the Rubik's cube so that the Rubik's cube is lower than the bowl.,335b224a7fea8536bce4e16df660317baf2116e3d334982b7309d9917f538828,20272923,1140,450,PLANNED_NOT_RELEASED,,,
SGW-01,HEIGHT-C01-D1-D-NEG,HEIGHT-C01-D1,D1,HEIGHT,C,HEIGHT-C01,3,D,-1,HEIGHT-D-NEG,Put the Rubik's cube lower than the bowl.,2b2abd622acedd6dbf8622f31eb83c95afc00f352cbe145da1d4ddaecbc874ec,20272923,1140,450,PLANNED_NOT_RELEASED,,,
SGW-01,HEIGHT-C01-D1-D-POS,HEIGHT-C01-D1,D1,HEIGHT,C,HEIGHT-C01,4,D,1,HEIGHT-D-POS,Put the Rubik's cube higher than the bowl.,ce9ebbce2f97fc882431671fabdcabe285d4f778a18a6ce8ec9e401ace889aa0,20272923,1140,450,PLANNED_NOT_RELEASED,,,
SGW-01,HEIGHT-C01-D1-C-POS,HEIGHT-C01-D1,D1,HEIGHT,C,HEIGHT-C01,5,C,1,HEIGHT-C-POS,Place the Rubik's cube so that the Rubik's cube is higher than the bowl.,8e59d9145045e26dc9e4ee93a2bc9883b80326f7210b50ba3fd05121c6770b92,20272923,1140,450,PLANNED_NOT_RELEASED,,,
SGW-01,HEIGHT-C01-D1-I-NEG,HEIGHT-C01-D1,D1,HEIGHT,C,HEIGHT-C01,6,I,-1,HEIGHT-I-NEG,Place the Rubik's cube so that the bowl is higher than the Rubik's cube.,1779ad079338c6022e6dfbe58871c8a43d2602e38cabc5dab49c80d9b01feb36,20272923,1140,450,PLANNED_NOT_RELEASED,,,
SGW-01,HEIGHT-C02-N3-C-NEG,HEIGHT-C02-N3,N3,HEIGHT,C,HEIGHT-C02,1,C,-1,HEIGHT-C-NEG,Place the Rubik's cube so that the Rubik's cube is lower than the bowl.,335b224a7fea8536bce4e16df660317baf2116e3d334982b7309d9917f538828,20272924,2026093402,450,PLANNED_NOT_RELEASED,,,
SGW-01,HEIGHT-C02-N3-D-NEG,HEIGHT-C02-N3,N3,HEIGHT,C,HEIGHT-C02,2,D,-1,HEIGHT-D-NEG,Put the Rubik's cube lower than the bowl.,2b2abd622acedd6dbf8622f31eb83c95afc00f352cbe145da1d4ddaecbc874ec,20272924,2026093402,450,PLANNED_NOT_RELEASED,,,
SGW-01,HEIGHT-C02-N3-D-POS,HEIGHT-C02-N3,N3,HEIGHT,C,HEIGHT-C02,3,D,1,HEIGHT-D-POS,Put the Rubik's cube higher than the bowl.,ce9ebbce2f97fc882431671fabdcabe285d4f778a18a6ce8ec9e401ace889aa0,20272924,2026093402,450,PLANNED_NOT_RELEASED,,,
SGW-01,HEIGHT-C02-N3-C-POS,HEIGHT-C02-N3,N3,HEIGHT,C,HEIGHT-C02,4,C,1,HEIGHT-C-POS,Place the Rubik's cube so that the Rubik's cube is higher than the bowl.,8e59d9145045e26dc9e4ee93a2bc9883b80326f7210b50ba3fd05121c6770b92,20272924,2026093402,450,PLANNED_NOT_RELEASED,,,
SGW-01,HEIGHT-C02-N3-I-NEG,HEIGHT-C02-N3,N3,HEIGHT,C,HEIGHT-C02,5,I,-1,HEIGHT-I-NEG,Place the Rubik's cube so that the bowl is higher than the Rubik's cube.,1779ad079338c6022e6dfbe58871c8a43d2602e38cabc5dab49c80d9b01feb36,20272924,2026093402,450,PLANNED_NOT_RELEASED,,,
SGW-01,HEIGHT-C02-N3-I-POS,HEIGHT-C02-N3,N3,HEIGHT,C,HEIGHT-C02,6,I,1,HEIGHT-I-POS,Place the Rubik's cube so that the bowl is lower than the Rubik's cube.,dc035ef9c00f5068092a80105a9c0ef3d77c103df7a1bb0c245a032d09d1014f,20272924,2026093402,450,PLANNED_NOT_RELEASED,,,
SGW-01,HEIGHT-C02-D1-C-NEG,HEIGHT-C02-D1,D1,HEIGHT,C,HEIGHT-C02,1,C,-1,HEIGHT-C-NEG,Place the Rubik's cube so that the Rubik's cube is lower than the bowl.,335b224a7fea8536bce4e16df660317baf2116e3d334982b7309d9917f538828,20272924,1140,450,PLANNED_NOT_RELEASED,,,
SGW-01,HEIGHT-C02-D1-D-NEG,HEIGHT-C02-D1,D1,HEIGHT,C,HEIGHT-C02,2,D,-1,HEIGHT-D-NEG,Put the Rubik's cube lower than the bowl.,2b2abd622acedd6dbf8622f31eb83c95afc00f352cbe145da1d4ddaecbc874ec,20272924,1140,450,PLANNED_NOT_RELEASED,,,
SGW-01,HEIGHT-C02-D1-D-POS,HEIGHT-C02-D1,D1,HEIGHT,C,HEIGHT-C02,3,D,1,HEIGHT-D-POS,Put the Rubik's cube higher than the bowl.,ce9ebbce2f97fc882431671fabdcabe285d4f778a18a6ce8ec9e401ace889aa0,20272924,1140,450,PLANNED_NOT_RELEASED,,,
SGW-01,HEIGHT-C02-D1-C-POS,HEIGHT-C02-D1,D1,HEIGHT,C,HEIGHT-C02,4,C,1,HEIGHT-C-POS,Place the Rubik's cube so that the Rubik's cube is higher than the bowl.,8e59d9145045e26dc9e4ee93a2bc9883b80326f7210b50ba3fd05121c6770b92,20272924,1140,450,PLANNED_NOT_RELEASED,,,
SGW-01,HEIGHT-C02-D1-I-NEG,HEIGHT-C02-D1,D1,HEIGHT,C,HEIGHT-C02,5,I,-1,HEIGHT-I-NEG,Place the Rubik's cube so that the bowl is higher than the Rubik's cube.,1779ad079338c6022e6dfbe58871c8a43d2602e38cabc5dab49c80d9b01feb36,20272924,1140,450,PLANNED_NOT_RELEASED,,,
SGW-01,HEIGHT-C02-D1-I-POS,HEIGHT-C02-D1,D1,HEIGHT,C,HEIGHT-C02,6,I,1,HEIGHT-I-POS,Place the Rubik's cube so that the bowl is lower than the Rubik's cube.,dc035ef9c00f5068092a80105a9c0ef3d77c103df7a1bb0c245a032d09d1014f,20272924,1140,450,PLANNED_NOT_RELEASED,,,
SGW-01,HEIGHT-C03-N3-D-NEG,HEIGHT-C03-N3,N3,HEIGHT,C,HEIGHT-C03,1,D,-1,HEIGHT-D-NEG,Put the Rubik's cube lower than the bowl.,2b2abd622acedd6dbf8622f31eb83c95afc00f352cbe145da1d4ddaecbc874ec,20272925,2026093403,450,PLANNED_NOT_RELEASED,,,
SGW-01,HEIGHT-C03-N3-D-POS,HEIGHT-C03-N3,N3,HEIGHT,C,HEIGHT-C03,2,D,1,HEIGHT-D-POS,Put the Rubik's cube higher than the bowl.,ce9ebbce2f97fc882431671fabdcabe285d4f778a18a6ce8ec9e401ace889aa0,20272925,2026093403,450,PLANNED_NOT_RELEASED,,,
SGW-01,HEIGHT-C03-N3-C-POS,HEIGHT-C03-N3,N3,HEIGHT,C,HEIGHT-C03,3,C,1,HEIGHT-C-POS,Place the Rubik's cube so that the Rubik's cube is higher than the bowl.,8e59d9145045e26dc9e4ee93a2bc9883b80326f7210b50ba3fd05121c6770b92,20272925,2026093403,450,PLANNED_NOT_RELEASED,,,
SGW-01,HEIGHT-C03-N3-I-NEG,HEIGHT-C03-N3,N3,HEIGHT,C,HEIGHT-C03,4,I,-1,HEIGHT-I-NEG,Place the Rubik's cube so that the bowl is higher than the Rubik's cube.,1779ad079338c6022e6dfbe58871c8a43d2602e38cabc5dab49c80d9b01feb36,20272925,2026093403,450,PLANNED_NOT_RELEASED,,,
SGW-01,HEIGHT-C03-N3-I-POS,HEIGHT-C03-N3,N3,HEIGHT,C,HEIGHT-C03,5,I,1,HEIGHT-I-POS,Place the Rubik's cube so that the bowl is lower than the Rubik's cube.,dc035ef9c00f5068092a80105a9c0ef3d77c103df7a1bb0c245a032d09d1014f,20272925,2026093403,450,PLANNED_NOT_RELEASED,,,
SGW-01,HEIGHT-C03-N3-C-NEG,HEIGHT-C03-N3,N3,HEIGHT,C,HEIGHT-C03,6,C,-1,HEIGHT-C-NEG,Place the Rubik's cube so that the Rubik's cube is lower than the bowl.,335b224a7fea8536bce4e16df660317baf2116e3d334982b7309d9917f538828,20272925,2026093403,450,PLANNED_NOT_RELEASED,,,
SGW-01,HEIGHT-C03-D1-D-NEG,HEIGHT-C03-D1,D1,HEIGHT,C,HEIGHT-C03,1,D,-1,HEIGHT-D-NEG,Put the Rubik's cube lower than the bowl.,2b2abd622acedd6dbf8622f31eb83c95afc00f352cbe145da1d4ddaecbc874ec,20272925,1140,450,PLANNED_NOT_RELEASED,,,
SGW-01,HEIGHT-C03-D1-D-POS,HEIGHT-C03-D1,D1,HEIGHT,C,HEIGHT-C03,2,D,1,HEIGHT-D-POS,Put the Rubik's cube higher than the bowl.,ce9ebbce2f97fc882431671fabdcabe285d4f778a18a6ce8ec9e401ace889aa0,20272925,1140,450,PLANNED_NOT_RELEASED,,,
SGW-01,HEIGHT-C03-D1-C-POS,HEIGHT-C03-D1,D1,HEIGHT,C,HEIGHT-C03,3,C,1,HEIGHT-C-POS,Place the Rubik's cube so that the Rubik's cube is higher than the bowl.,8e59d9145045e26dc9e4ee93a2bc9883b80326f7210b50ba3fd05121c6770b92,20272925,1140,450,PLANNED_NOT_RELEASED,,,
SGW-01,HEIGHT-C03-D1-I-NEG,HEIGHT-C03-D1,D1,HEIGHT,C,HEIGHT-C03,4,I,-1,HEIGHT-I-NEG,Place the Rubik's cube so that the bowl is higher than the Rubik's cube.,1779ad079338c6022e6dfbe58871c8a43d2602e38cabc5dab49c80d9b01feb36,20272925,1140,450,PLANNED_NOT_RELEASED,,,
SGW-01,HEIGHT-C03-D1-I-POS,HEIGHT-C03-D1,D1,HEIGHT,C,HEIGHT-C03,5,I,1,HEIGHT-I-POS,Place the Rubik's cube so that the bowl is lower than the Rubik's cube.,dc035ef9c00f5068092a80105a9c0ef3d77c103df7a1bb0c245a032d09d1014f,20272925,1140,450,PLANNED_NOT_RELEASED,,,
SGW-01,HEIGHT-C03-D1-C-NEG,HEIGHT-C03-D1,D1,HEIGHT,C,HEIGHT-C03,6,C,-1,HEIGHT-C-NEG,Place the Rubik's cube so that the Rubik's cube is lower than the bowl.,335b224a7fea8536bce4e16df660317baf2116e3d334982b7309d9917f538828,20272925,1140,450,PLANNED_NOT_RELEASED,,,
SGW-01,HEIGHT-C04-N3-D-POS,HEIGHT-C04-N3,N3,HEIGHT,C,HEIGHT-C04,1,D,1,HEIGHT-D-POS,Put the Rubik's cube higher than the bowl.,ce9ebbce2f97fc882431671fabdcabe285d4f778a18a6ce8ec9e401ace889aa0,20272926,2026093404,450,PLANNED_NOT_RELEASED,,,
SGW-01,HEIGHT-C04-N3-C-POS,HEIGHT-C04-N3,N3,HEIGHT,C,HEIGHT-C04,2,C,1,HEIGHT-C-POS,Place the Rubik's cube so that the Rubik's cube is higher than the bowl.,8e59d9145045e26dc9e4ee93a2bc9883b80326f7210b50ba3fd05121c6770b92,20272926,2026093404,450,PLANNED_NOT_RELEASED,,,
SGW-01,HEIGHT-C04-N3-I-NEG,HEIGHT-C04-N3,N3,HEIGHT,C,HEIGHT-C04,3,I,-1,HEIGHT-I-NEG,Place the Rubik's cube so that the bowl is higher than the Rubik's cube.,1779ad079338c6022e6dfbe58871c8a43d2602e38cabc5dab49c80d9b01feb36,20272926,2026093404,450,PLANNED_NOT_RELEASED,,,
SGW-01,HEIGHT-C04-N3-I-POS,HEIGHT-C04-N3,N3,HEIGHT,C,HEIGHT-C04,4,I,1,HEIGHT-I-POS,Place the Rubik's cube so that the bowl is lower than the Rubik's cube.,dc035ef9c00f5068092a80105a9c0ef3d77c103df7a1bb0c245a032d09d1014f,20272926,2026093404,450,PLANNED_NOT_RELEASED,,,
SGW-01,HEIGHT-C04-N3-C-NEG,HEIGHT-C04-N3,N3,HEIGHT,C,HEIGHT-C04,5,C,-1,HEIGHT-C-NEG,Place the Rubik's cube so that the Rubik's cube is lower than the bowl.,335b224a7fea8536bce4e16df660317baf2116e3d334982b7309d9917f538828,20272926,2026093404,450,PLANNED_NOT_RELEASED,,,
SGW-01,HEIGHT-C04-N3-D-NEG,HEIGHT-C04-N3,N3,HEIGHT,C,HEIGHT-C04,6,D,-1,HEIGHT-D-NEG,Put the Rubik's cube lower than the bowl.,2b2abd622acedd6dbf8622f31eb83c95afc00f352cbe145da1d4ddaecbc874ec,20272926,2026093404,450,PLANNED_NOT_RELEASED,,,
SGW-01,HEIGHT-C04-D1-D-POS,HEIGHT-C04-D1,D1,HEIGHT,C,HEIGHT-C04,1,D,1,HEIGHT-D-POS,Put the Rubik's cube higher than the bowl.,ce9ebbce2f97fc882431671fabdcabe285d4f778a18a6ce8ec9e401ace889aa0,20272926,1140,450,PLANNED_NOT_RELEASED,,,
SGW-01,HEIGHT-C04-D1-C-POS,HEIGHT-C04-D1,D1,HEIGHT,C,HEIGHT-C04,2,C,1,HEIGHT-C-POS,Place the Rubik's cube so that the Rubik's cube is higher than the bowl.,8e59d9145045e26dc9e4ee93a2bc9883b80326f7210b50ba3fd05121c6770b92,20272926,1140,450,PLANNED_NOT_RELEASED,,,
SGW-01,HEIGHT-C04-D1-I-NEG,HEIGHT-C04-D1,D1,HEIGHT,C,HEIGHT-C04,3,I,-1,HEIGHT-I-NEG,Place the Rubik's cube so that the bowl is higher than the Rubik's cube.,1779ad079338c6022e6dfbe58871c8a43d2602e38cabc5dab49c80d9b01feb36,20272926,1140,450,PLANNED_NOT_RELEASED,,,
SGW-01,HEIGHT-C04-D1-I-POS,HEIGHT-C04-D1,D1,HEIGHT,C,HEIGHT-C04,4,I,1,HEIGHT-I-POS,Place the Rubik's cube so that the bowl is lower than the Rubik's cube.,dc035ef9c00f5068092a80105a9c0ef3d77c103df7a1bb0c245a032d09d1014f,20272926,1140,450,PLANNED_NOT_RELEASED,,,
SGW-01,HEIGHT-C04-D1-C-NEG,HEIGHT-C04-D1,D1,HEIGHT,C,HEIGHT-C04,5,C,-1,HEIGHT-C-NEG,Place the Rubik's cube so that the Rubik's cube is lower than the bowl.,335b224a7fea8536bce4e16df660317baf2116e3d334982b7309d9917f538828,20272926,1140,450,PLANNED_NOT_RELEASED,,,
SGW-01,HEIGHT-C04-D1-D-NEG,HEIGHT-C04-D1,D1,HEIGHT,C,HEIGHT-C04,6,D,-1,HEIGHT-D-NEG,Put the Rubik's cube lower than the bowl.,2b2abd622acedd6dbf8622f31eb83c95afc00f352cbe145da1d4ddaecbc874ec,20272926,1140,450,PLANNED_NOT_RELEASED,,,
SGW-01,HEIGHT-C05-N3-C-POS,HEIGHT-C05-N3,N3,HEIGHT,C,HEIGHT-C05,1,C,1,HEIGHT-C-POS,Place the Rubik's cube so that the Rubik's cube is higher than the bowl.,8e59d9145045e26dc9e4ee93a2bc9883b80326f7210b50ba3fd05121c6770b92,20272927,2026093405,450,PLANNED_NOT_RELEASED,,,
SGW-01,HEIGHT-C05-N3-I-NEG,HEIGHT-C05-N3,N3,HEIGHT,C,HEIGHT-C05,2,I,-1,HEIGHT-I-NEG,Place the Rubik's cube so that the bowl is higher than the Rubik's cube.,1779ad079338c6022e6dfbe58871c8a43d2602e38cabc5dab49c80d9b01feb36,20272927,2026093405,450,PLANNED_NOT_RELEASED,,,
SGW-01,HEIGHT-C05-N3-I-POS,HEIGHT-C05-N3,N3,HEIGHT,C,HEIGHT-C05,3,I,1,HEIGHT-I-POS,Place the Rubik's cube so that the bowl is lower than the Rubik's cube.,dc035ef9c00f5068092a80105a9c0ef3d77c103df7a1bb0c245a032d09d1014f,20272927,2026093405,450,PLANNED_NOT_RELEASED,,,
SGW-01,HEIGHT-C05-N3-C-NEG,HEIGHT-C05-N3,N3,HEIGHT,C,HEIGHT-C05,4,C,-1,HEIGHT-C-NEG,Place the Rubik's cube so that the Rubik's cube is lower than the bowl.,335b224a7fea8536bce4e16df660317baf2116e3d334982b7309d9917f538828,20272927,2026093405,450,PLANNED_NOT_RELEASED,,,
SGW-01,HEIGHT-C05-N3-D-NEG,HEIGHT-C05-N3,N3,HEIGHT,C,HEIGHT-C05,5,D,-1,HEIGHT-D-NEG,Put the Rubik's cube lower than the bowl.,2b2abd622acedd6dbf8622f31eb83c95afc00f352cbe145da1d4ddaecbc874ec,20272927,2026093405,450,PLANNED_NOT_RELEASED,,,
SGW-01,HEIGHT-C05-N3-D-POS,HEIGHT-C05-N3,N3,HEIGHT,C,HEIGHT-C05,6,D,1,HEIGHT-D-POS,Put the Rubik's cube higher than the bowl.,ce9ebbce2f97fc882431671fabdcabe285d4f778a18a6ce8ec9e401ace889aa0,20272927,2026093405,450,PLANNED_NOT_RELEASED,,,
SGW-01,HEIGHT-C05-D1-C-POS,HEIGHT-C05-D1,D1,HEIGHT,C,HEIGHT-C05,1,C,1,HEIGHT-C-POS,Place the Rubik's cube so that the Rubik's cube is higher than the bowl.,8e59d9145045e26dc9e4ee93a2bc9883b80326f7210b50ba3fd05121c6770b92,20272927,1140,450,PLANNED_NOT_RELEASED,,,
SGW-01,HEIGHT-C05-D1-I-NEG,HEIGHT-C05-D1,D1,HEIGHT,C,HEIGHT-C05,2,I,-1,HEIGHT-I-NEG,Place the Rubik's cube so that the bowl is higher than the Rubik's cube.,1779ad079338c6022e6dfbe58871c8a43d2602e38cabc5dab49c80d9b01feb36,20272927,1140,450,PLANNED_NOT_RELEASED,,,
SGW-01,HEIGHT-C05-D1-I-POS,HEIGHT-C05-D1,D1,HEIGHT,C,HEIGHT-C05,3,I,1,HEIGHT-I-POS,Place the Rubik's cube so that the bowl is lower than the Rubik's cube.,dc035ef9c00f5068092a80105a9c0ef3d77c103df7a1bb0c245a032d09d1014f,20272927,1140,450,PLANNED_NOT_RELEASED,,,
SGW-01,HEIGHT-C05-D1-C-NEG,HEIGHT-C05-D1,D1,HEIGHT,C,HEIGHT-C05,4,C,-1,HEIGHT-C-NEG,Place the Rubik's cube so that the Rubik's cube is lower than the bowl.,335b224a7fea8536bce4e16df660317baf2116e3d334982b7309d9917f538828,20272927,1140,450,PLANNED_NOT_RELEASED,,,
SGW-01,HEIGHT-C05-D1-D-NEG,HEIGHT-C05-D1,D1,HEIGHT,C,HEIGHT-C05,5,D,-1,HEIGHT-D-NEG,Put the Rubik's cube lower than the bowl.,2b2abd622acedd6dbf8622f31eb83c95afc00f352cbe145da1d4ddaecbc874ec,20272927,1140,450,PLANNED_NOT_RELEASED,,,
SGW-01,HEIGHT-C05-D1-D-POS,HEIGHT-C05-D1,D1,HEIGHT,C,HEIGHT-C05,6,D,1,HEIGHT-D-POS,Put the Rubik's cube higher than the bowl.,ce9ebbce2f97fc882431671fabdcabe285d4f778a18a6ce8ec9e401ace889aa0,20272927,1140,450,PLANNED_NOT_RELEASED,,,
SGW-01,HEIGHT-C06-N3-I-NEG,HEIGHT-C06-N3,N3,HEIGHT,C,HEIGHT-C06,1,I,-1,HEIGHT-I-NEG,Place the Rubik's cube so that the bowl is higher than the Rubik's cube.,1779ad079338c6022e6dfbe58871c8a43d2602e38cabc5dab49c80d9b01feb36,20272928,2026093406,450,PLANNED_NOT_RELEASED,,,
SGW-01,HEIGHT-C06-N3-I-POS,HEIGHT-C06-N3,N3,HEIGHT,C,HEIGHT-C06,2,I,1,HEIGHT-I-POS,Place the Rubik's cube so that the bowl is lower than the Rubik's cube.,dc035ef9c00f5068092a80105a9c0ef3d77c103df7a1bb0c245a032d09d1014f,20272928,2026093406,450,PLANNED_NOT_RELEASED,,,
SGW-01,HEIGHT-C06-N3-C-NEG,HEIGHT-C06-N3,N3,HEIGHT,C,HEIGHT-C06,3,C,-1,HEIGHT-C-NEG,Place the Rubik's cube so that the Rubik's cube is lower than the bowl.,335b224a7fea8536bce4e16df660317baf2116e3d334982b7309d9917f538828,20272928,2026093406,450,PLANNED_NOT_RELEASED,,,
SGW-01,HEIGHT-C06-N3-D-NEG,HEIGHT-C06-N3,N3,HEIGHT,C,HEIGHT-C06,4,D,-1,HEIGHT-D-NEG,Put the Rubik's cube lower than the bowl.,2b2abd622acedd6dbf8622f31eb83c95afc00f352cbe145da1d4ddaecbc874ec,20272928,2026093406,450,PLANNED_NOT_RELEASED,,,
SGW-01,HEIGHT-C06-N3-D-POS,HEIGHT-C06-N3,N3,HEIGHT,C,HEIGHT-C06,5,D,1,HEIGHT-D-POS,Put the Rubik's cube higher than the bowl.,ce9ebbce2f97fc882431671fabdcabe285d4f778a18a6ce8ec9e401ace889aa0,20272928,2026093406,450,PLANNED_NOT_RELEASED,,,
SGW-01,HEIGHT-C06-N3-C-POS,HEIGHT-C06-N3,N3,HEIGHT,C,HEIGHT-C06,6,C,1,HEIGHT-C-POS,Place the Rubik's cube so that the Rubik's cube is higher than the bowl.,8e59d9145045e26dc9e4ee93a2bc9883b80326f7210b50ba3fd05121c6770b92,20272928,2026093406,450,PLANNED_NOT_RELEASED,,,
SGW-01,HEIGHT-C06-D1-I-NEG,HEIGHT-C06-D1,D1,HEIGHT,C,HEIGHT-C06,1,I,-1,HEIGHT-I-NEG,Place the Rubik's cube so that the bowl is higher than the Rubik's cube.,1779ad079338c6022e6dfbe58871c8a43d2602e38cabc5dab49c80d9b01feb36,20272928,1140,450,PLANNED_NOT_RELEASED,,,
SGW-01,HEIGHT-C06-D1-I-POS,HEIGHT-C06-D1,D1,HEIGHT,C,HEIGHT-C06,2,I,1,HEIGHT-I-POS,Place the Rubik's cube so that the bowl is lower than the Rubik's cube.,dc035ef9c00f5068092a80105a9c0ef3d77c103df7a1bb0c245a032d09d1014f,20272928,1140,450,PLANNED_NOT_RELEASED,,,
SGW-01,HEIGHT-C06-D1-C-NEG,HEIGHT-C06-D1,D1,HEIGHT,C,HEIGHT-C06,3,C,-1,HEIGHT-C-NEG,Place the Rubik's cube so that the Rubik's cube is lower than the bowl.,335b224a7fea8536bce4e16df660317baf2116e3d334982b7309d9917f538828,20272928,1140,450,PLANNED_NOT_RELEASED,,,
SGW-01,HEIGHT-C06-D1-D-NEG,HEIGHT-C06-D1,D1,HEIGHT,C,HEIGHT-C06,4,D,-1,HEIGHT-D-NEG,Put the Rubik's cube lower than the bowl.,2b2abd622acedd6dbf8622f31eb83c95afc00f352cbe145da1d4ddaecbc874ec,20272928,1140,450,PLANNED_NOT_RELEASED,,,
SGW-01,HEIGHT-C06-D1-D-POS,HEIGHT-C06-D1,D1,HEIGHT,C,HEIGHT-C06,5,D,1,HEIGHT-D-POS,Put the Rubik's cube higher than the bowl.,ce9ebbce2f97fc882431671fabdcabe285d4f778a18a6ce8ec9e401ace889aa0,20272928,1140,450,PLANNED_NOT_RELEASED,,,
SGW-01,HEIGHT-C06-D1-C-POS,HEIGHT-C06-D1,D1,HEIGHT,C,HEIGHT-C06,6,C,1,HEIGHT-C-POS,Place the Rubik's cube so that the Rubik's cube is higher than the bowl.,8e59d9145045e26dc9e4ee93a2bc9883b80326f7210b50ba3fd05121c6770b92,20272928,1140,450,PLANNED_NOT_RELEASED,,,
SGW-01,HEIGHT-C07-N3-C-NEG,HEIGHT-C07-N3,N3,HEIGHT,C,HEIGHT-C07,1,C,-1,HEIGHT-C-NEG,Place the Rubik's cube so that the Rubik's cube is lower than the bowl.,335b224a7fea8536bce4e16df660317baf2116e3d334982b7309d9917f538828,20272929,2026093407,450,PLANNED_NOT_RELEASED,,,
SGW-01,HEIGHT-C07-N3-D-POS,HEIGHT-C07-N3,N3,HEIGHT,C,HEIGHT-C07,2,D,1,HEIGHT-D-POS,Put the Rubik's cube higher than the bowl.,ce9ebbce2f97fc882431671fabdcabe285d4f778a18a6ce8ec9e401ace889aa0,20272929,2026093407,450,PLANNED_NOT_RELEASED,,,
SGW-01,HEIGHT-C07-N3-D-NEG,HEIGHT-C07-N3,N3,HEIGHT,C,HEIGHT-C07,3,D,-1,HEIGHT-D-NEG,Put the Rubik's cube lower than the bowl.,2b2abd622acedd6dbf8622f31eb83c95afc00f352cbe145da1d4ddaecbc874ec,20272929,2026093407,450,PLANNED_NOT_RELEASED,,,
SGW-01,HEIGHT-C07-N3-C-POS,HEIGHT-C07-N3,N3,HEIGHT,C,HEIGHT-C07,4,C,1,HEIGHT-C-POS,Place the Rubik's cube so that the Rubik's cube is higher than the bowl.,8e59d9145045e26dc9e4ee93a2bc9883b80326f7210b50ba3fd05121c6770b92,20272929,2026093407,450,PLANNED_NOT_RELEASED,,,
SGW-01,HEIGHT-C07-N3-I-NEG,HEIGHT-C07-N3,N3,HEIGHT,C,HEIGHT-C07,5,I,-1,HEIGHT-I-NEG,Place the Rubik's cube so that the bowl is higher than the Rubik's cube.,1779ad079338c6022e6dfbe58871c8a43d2602e38cabc5dab49c80d9b01feb36,20272929,2026093407,450,PLANNED_NOT_RELEASED,,,
SGW-01,HEIGHT-C07-N3-I-POS,HEIGHT-C07-N3,N3,HEIGHT,C,HEIGHT-C07,6,I,1,HEIGHT-I-POS,Place the Rubik's cube so that the bowl is lower than the Rubik's cube.,dc035ef9c00f5068092a80105a9c0ef3d77c103df7a1bb0c245a032d09d1014f,20272929,2026093407,450,PLANNED_NOT_RELEASED,,,
SGW-01,HEIGHT-C07-D1-C-NEG,HEIGHT-C07-D1,D1,HEIGHT,C,HEIGHT-C07,1,C,-1,HEIGHT-C-NEG,Place the Rubik's cube so that the Rubik's cube is lower than the bowl.,335b224a7fea8536bce4e16df660317baf2116e3d334982b7309d9917f538828,20272929,1140,450,PLANNED_NOT_RELEASED,,,
SGW-01,HEIGHT-C07-D1-D-POS,HEIGHT-C07-D1,D1,HEIGHT,C,HEIGHT-C07,2,D,1,HEIGHT-D-POS,Put the Rubik's cube higher than the bowl.,ce9ebbce2f97fc882431671fabdcabe285d4f778a18a6ce8ec9e401ace889aa0,20272929,1140,450,PLANNED_NOT_RELEASED,,,
SGW-01,HEIGHT-C07-D1-D-NEG,HEIGHT-C07-D1,D1,HEIGHT,C,HEIGHT-C07,3,D,-1,HEIGHT-D-NEG,Put the Rubik's cube lower than the bowl.,2b2abd622acedd6dbf8622f31eb83c95afc00f352cbe145da1d4ddaecbc874ec,20272929,1140,450,PLANNED_NOT_RELEASED,,,
SGW-01,HEIGHT-C07-D1-C-POS,HEIGHT-C07-D1,D1,HEIGHT,C,HEIGHT-C07,4,C,1,HEIGHT-C-POS,Place the Rubik's cube so that the Rubik's cube is higher than the bowl.,8e59d9145045e26dc9e4ee93a2bc9883b80326f7210b50ba3fd05121c6770b92,20272929,1140,450,PLANNED_NOT_RELEASED,,,
SGW-01,HEIGHT-C07-D1-I-NEG,HEIGHT-C07-D1,D1,HEIGHT,C,HEIGHT-C07,5,I,-1,HEIGHT-I-NEG,Place the Rubik's cube so that the bowl is higher than the Rubik's cube.,1779ad079338c6022e6dfbe58871c8a43d2602e38cabc5dab49c80d9b01feb36,20272929,1140,450,PLANNED_NOT_RELEASED,,,
SGW-01,HEIGHT-C07-D1-I-POS,HEIGHT-C07-D1,D1,HEIGHT,C,HEIGHT-C07,6,I,1,HEIGHT-I-POS,Place the Rubik's cube so that the bowl is lower than the Rubik's cube.,dc035ef9c00f5068092a80105a9c0ef3d77c103df7a1bb0c245a032d09d1014f,20272929,1140,450,PLANNED_NOT_RELEASED,,,
SGW-01,HEIGHT-C08-N3-D-POS,HEIGHT-C08-N3,N3,HEIGHT,C,HEIGHT-C08,1,D,1,HEIGHT-D-POS,Put the Rubik's cube higher than the bowl.,ce9ebbce2f97fc882431671fabdcabe285d4f778a18a6ce8ec9e401ace889aa0,20272930,2026093408,450,PLANNED_NOT_RELEASED,,,
SGW-01,HEIGHT-C08-N3-D-NEG,HEIGHT-C08-N3,N3,HEIGHT,C,HEIGHT-C08,2,D,-1,HEIGHT-D-NEG,Put the Rubik's cube lower than the bowl.,2b2abd622acedd6dbf8622f31eb83c95afc00f352cbe145da1d4ddaecbc874ec,20272930,2026093408,450,PLANNED_NOT_RELEASED,,,
SGW-01,HEIGHT-C08-N3-C-POS,HEIGHT-C08-N3,N3,HEIGHT,C,HEIGHT-C08,3,C,1,HEIGHT-C-POS,Place the Rubik's cube so that the Rubik's cube is higher than the bowl.,8e59d9145045e26dc9e4ee93a2bc9883b80326f7210b50ba3fd05121c6770b92,20272930,2026093408,450,PLANNED_NOT_RELEASED,,,
SGW-01,HEIGHT-C08-N3-I-NEG,HEIGHT-C08-N3,N3,HEIGHT,C,HEIGHT-C08,4,I,-1,HEIGHT-I-NEG,Place the Rubik's cube so that the bowl is higher than the Rubik's cube.,1779ad079338c6022e6dfbe58871c8a43d2602e38cabc5dab49c80d9b01feb36,20272930,2026093408,450,PLANNED_NOT_RELEASED,,,
SGW-01,HEIGHT-C08-N3-I-POS,HEIGHT-C08-N3,N3,HEIGHT,C,HEIGHT-C08,5,I,1,HEIGHT-I-POS,Place the Rubik's cube so that the bowl is lower than the Rubik's cube.,dc035ef9c00f5068092a80105a9c0ef3d77c103df7a1bb0c245a032d09d1014f,20272930,2026093408,450,PLANNED_NOT_RELEASED,,,
SGW-01,HEIGHT-C08-N3-C-NEG,HEIGHT-C08-N3,N3,HEIGHT,C,HEIGHT-C08,6,C,-1,HEIGHT-C-NEG,Place the Rubik's cube so that the Rubik's cube is lower than the bowl.,335b224a7fea8536bce4e16df660317baf2116e3d334982b7309d9917f538828,20272930,2026093408,450,PLANNED_NOT_RELEASED,,,
SGW-01,HEIGHT-C08-D1-D-POS,HEIGHT-C08-D1,D1,HEIGHT,C,HEIGHT-C08,1,D,1,HEIGHT-D-POS,Put the Rubik's cube higher than the bowl.,ce9ebbce2f97fc882431671fabdcabe285d4f778a18a6ce8ec9e401ace889aa0,20272930,1140,450,PLANNED_NOT_RELEASED,,,
SGW-01,HEIGHT-C08-D1-D-NEG,HEIGHT-C08-D1,D1,HEIGHT,C,HEIGHT-C08,2,D,-1,HEIGHT-D-NEG,Put the Rubik's cube lower than the bowl.,2b2abd622acedd6dbf8622f31eb83c95afc00f352cbe145da1d4ddaecbc874ec,20272930,1140,450,PLANNED_NOT_RELEASED,,,
SGW-01,HEIGHT-C08-D1-C-POS,HEIGHT-C08-D1,D1,HEIGHT,C,HEIGHT-C08,3,C,1,HEIGHT-C-POS,Place the Rubik's cube so that the Rubik's cube is higher than the bowl.,8e59d9145045e26dc9e4ee93a2bc9883b80326f7210b50ba3fd05121c6770b92,20272930,1140,450,PLANNED_NOT_RELEASED,,,
SGW-01,HEIGHT-C08-D1-I-NEG,HEIGHT-C08-D1,D1,HEIGHT,C,HEIGHT-C08,4,I,-1,HEIGHT-I-NEG,Place the Rubik's cube so that the bowl is higher than the Rubik's cube.,1779ad079338c6022e6dfbe58871c8a43d2602e38cabc5dab49c80d9b01feb36,20272930,1140,450,PLANNED_NOT_RELEASED,,,
SGW-01,HEIGHT-C08-D1-I-POS,HEIGHT-C08-D1,D1,HEIGHT,C,HEIGHT-C08,5,I,1,HEIGHT-I-POS,Place the Rubik's cube so that the bowl is lower than the Rubik's cube.,dc035ef9c00f5068092a80105a9c0ef3d77c103df7a1bb0c245a032d09d1014f,20272930,1140,450,PLANNED_NOT_RELEASED,,,
SGW-01,HEIGHT-C08-D1-C-NEG,HEIGHT-C08-D1,D1,HEIGHT,C,HEIGHT-C08,6,C,-1,HEIGHT-C-NEG,Place the Rubik's cube so that the Rubik's cube is lower than the bowl.,335b224a7fea8536bce4e16df660317baf2116e3d334982b7309d9917f538828,20272930,1140,450,PLANNED_NOT_RELEASED,,,
SGW-01,HEIGHT-C09-N3-D-NEG,HEIGHT-C09-N3,N3,HEIGHT,C,HEIGHT-C09,1,D,-1,HEIGHT-D-NEG,Put the Rubik's cube lower than the bowl.,2b2abd622acedd6dbf8622f31eb83c95afc00f352cbe145da1d4ddaecbc874ec,20272931,2026093409,450,PLANNED_NOT_RELEASED,,,
SGW-01,HEIGHT-C09-N3-C-POS,HEIGHT-C09-N3,N3,HEIGHT,C,HEIGHT-C09,2,C,1,HEIGHT-C-POS,Place the Rubik's cube so that the Rubik's cube is higher than the bowl.,8e59d9145045e26dc9e4ee93a2bc9883b80326f7210b50ba3fd05121c6770b92,20272931,2026093409,450,PLANNED_NOT_RELEASED,,,
SGW-01,HEIGHT-C09-N3-I-NEG,HEIGHT-C09-N3,N3,HEIGHT,C,HEIGHT-C09,3,I,-1,HEIGHT-I-NEG,Place the Rubik's cube so that the bowl is higher than the Rubik's cube.,1779ad079338c6022e6dfbe58871c8a43d2602e38cabc5dab49c80d9b01feb36,20272931,2026093409,450,PLANNED_NOT_RELEASED,,,
SGW-01,HEIGHT-C09-N3-I-POS,HEIGHT-C09-N3,N3,HEIGHT,C,HEIGHT-C09,4,I,1,HEIGHT-I-POS,Place the Rubik's cube so that the bowl is lower than the Rubik's cube.,dc035ef9c00f5068092a80105a9c0ef3d77c103df7a1bb0c245a032d09d1014f,20272931,2026093409,450,PLANNED_NOT_RELEASED,,,
SGW-01,HEIGHT-C09-N3-C-NEG,HEIGHT-C09-N3,N3,HEIGHT,C,HEIGHT-C09,5,C,-1,HEIGHT-C-NEG,Place the Rubik's cube so that the Rubik's cube is lower than the bowl.,335b224a7fea8536bce4e16df660317baf2116e3d334982b7309d9917f538828,20272931,2026093409,450,PLANNED_NOT_RELEASED,,,
SGW-01,HEIGHT-C09-N3-D-POS,HEIGHT-C09-N3,N3,HEIGHT,C,HEIGHT-C09,6,D,1,HEIGHT-D-POS,Put the Rubik's cube higher than the bowl.,ce9ebbce2f97fc882431671fabdcabe285d4f778a18a6ce8ec9e401ace889aa0,20272931,2026093409,450,PLANNED_NOT_RELEASED,,,
SGW-01,HEIGHT-C09-D1-D-NEG,HEIGHT-C09-D1,D1,HEIGHT,C,HEIGHT-C09,1,D,-1,HEIGHT-D-NEG,Put the Rubik's cube lower than the bowl.,2b2abd622acedd6dbf8622f31eb83c95afc00f352cbe145da1d4ddaecbc874ec,20272931,1140,450,PLANNED_NOT_RELEASED,,,
SGW-01,HEIGHT-C09-D1-C-POS,HEIGHT-C09-D1,D1,HEIGHT,C,HEIGHT-C09,2,C,1,HEIGHT-C-POS,Place the Rubik's cube so that the Rubik's cube is higher than the bowl.,8e59d9145045e26dc9e4ee93a2bc9883b80326f7210b50ba3fd05121c6770b92,20272931,1140,450,PLANNED_NOT_RELEASED,,,
SGW-01,HEIGHT-C09-D1-I-NEG,HEIGHT-C09-D1,D1,HEIGHT,C,HEIGHT-C09,3,I,-1,HEIGHT-I-NEG,Place the Rubik's cube so that the bowl is higher than the Rubik's cube.,1779ad079338c6022e6dfbe58871c8a43d2602e38cabc5dab49c80d9b01feb36,20272931,1140,450,PLANNED_NOT_RELEASED,,,
SGW-01,HEIGHT-C09-D1-I-POS,HEIGHT-C09-D1,D1,HEIGHT,C,HEIGHT-C09,4,I,1,HEIGHT-I-POS,Place the Rubik's cube so that the bowl is lower than the Rubik's cube.,dc035ef9c00f5068092a80105a9c0ef3d77c103df7a1bb0c245a032d09d1014f,20272931,1140,450,PLANNED_NOT_RELEASED,,,
SGW-01,HEIGHT-C09-D1-C-NEG,HEIGHT-C09-D1,D1,HEIGHT,C,HEIGHT-C09,5,C,-1,HEIGHT-C-NEG,Place the Rubik's cube so that the Rubik's cube is lower than the bowl.,335b224a7fea8536bce4e16df660317baf2116e3d334982b7309d9917f538828,20272931,1140,450,PLANNED_NOT_RELEASED,,,
SGW-01,HEIGHT-C09-D1-D-POS,HEIGHT-C09-D1,D1,HEIGHT,C,HEIGHT-C09,6,D,1,HEIGHT-D-POS,Put the Rubik's cube higher than the bowl.,ce9ebbce2f97fc882431671fabdcabe285d4f778a18a6ce8ec9e401ace889aa0,20272931,1140,450,PLANNED_NOT_RELEASED,,,
SGW-01,HEIGHT-C10-N3-C-POS,HEIGHT-C10-N3,N3,HEIGHT,C,HEIGHT-C10,1,C,1,HEIGHT-C-POS,Place the Rubik's cube so that the Rubik's cube is higher than the bowl.,8e59d9145045e26dc9e4ee93a2bc9883b80326f7210b50ba3fd05121c6770b92,20272932,2026093410,450,PLANNED_NOT_RELEASED,,,
SGW-01,HEIGHT-C10-N3-I-NEG,HEIGHT-C10-N3,N3,HEIGHT,C,HEIGHT-C10,2,I,-1,HEIGHT-I-NEG,Place the Rubik's cube so that the bowl is higher than the Rubik's cube.,1779ad079338c6022e6dfbe58871c8a43d2602e38cabc5dab49c80d9b01feb36,20272932,2026093410,450,PLANNED_NOT_RELEASED,,,
SGW-01,HEIGHT-C10-N3-I-POS,HEIGHT-C10-N3,N3,HEIGHT,C,HEIGHT-C10,3,I,1,HEIGHT-I-POS,Place the Rubik's cube so that the bowl is lower than the Rubik's cube.,dc035ef9c00f5068092a80105a9c0ef3d77c103df7a1bb0c245a032d09d1014f,20272932,2026093410,450,PLANNED_NOT_RELEASED,,,
SGW-01,HEIGHT-C10-N3-C-NEG,HEIGHT-C10-N3,N3,HEIGHT,C,HEIGHT-C10,4,C,-1,HEIGHT-C-NEG,Place the Rubik's cube so that the Rubik's cube is lower than the bowl.,335b224a7fea8536bce4e16df660317baf2116e3d334982b7309d9917f538828,20272932,2026093410,450,PLANNED_NOT_RELEASED,,,
SGW-01,HEIGHT-C10-N3-D-POS,HEIGHT-C10-N3,N3,HEIGHT,C,HEIGHT-C10,5,D,1,HEIGHT-D-POS,Put the Rubik's cube higher than the bowl.,ce9ebbce2f97fc882431671fabdcabe285d4f778a18a6ce8ec9e401ace889aa0,20272932,2026093410,450,PLANNED_NOT_RELEASED,,,
SGW-01,HEIGHT-C10-N3-D-NEG,HEIGHT-C10-N3,N3,HEIGHT,C,HEIGHT-C10,6,D,-1,HEIGHT-D-NEG,Put the Rubik's cube lower than the bowl.,2b2abd622acedd6dbf8622f31eb83c95afc00f352cbe145da1d4ddaecbc874ec,20272932,2026093410,450,PLANNED_NOT_RELEASED,,,
SGW-01,HEIGHT-C10-D1-C-POS,HEIGHT-C10-D1,D1,HEIGHT,C,HEIGHT-C10,1,C,1,HEIGHT-C-POS,Place the Rubik's cube so that the Rubik's cube is higher than the bowl.,8e59d9145045e26dc9e4ee93a2bc9883b80326f7210b50ba3fd05121c6770b92,20272932,1140,450,PLANNED_NOT_RELEASED,,,
SGW-01,HEIGHT-C10-D1-I-NEG,HEIGHT-C10-D1,D1,HEIGHT,C,HEIGHT-C10,2,I,-1,HEIGHT-I-NEG,Place the Rubik's cube so that the bowl is higher than the Rubik's cube.,1779ad079338c6022e6dfbe58871c8a43d2602e38cabc5dab49c80d9b01feb36,20272932,1140,450,PLANNED_NOT_RELEASED,,,
SGW-01,HEIGHT-C10-D1-I-POS,HEIGHT-C10-D1,D1,HEIGHT,C,HEIGHT-C10,3,I,1,HEIGHT-I-POS,Place the Rubik's cube so that the bowl is lower than the Rubik's cube.,dc035ef9c00f5068092a80105a9c0ef3d77c103df7a1bb0c245a032d09d1014f,20272932,1140,450,PLANNED_NOT_RELEASED,,,
SGW-01,HEIGHT-C10-D1-C-NEG,HEIGHT-C10-D1,D1,HEIGHT,C,HEIGHT-C10,4,C,-1,HEIGHT-C-NEG,Place the Rubik's cube so that the Rubik's cube is lower than the bowl.,335b224a7fea8536bce4e16df660317baf2116e3d334982b7309d9917f538828,20272932,1140,450,PLANNED_NOT_RELEASED,,,
SGW-01,HEIGHT-C10-D1-D-POS,HEIGHT-C10-D1,D1,HEIGHT,C,HEIGHT-C10,5,D,1,HEIGHT-D-POS,Put the Rubik's cube higher than the bowl.,ce9ebbce2f97fc882431671fabdcabe285d4f778a18a6ce8ec9e401ace889aa0,20272932,1140,450,PLANNED_NOT_RELEASED,,,
SGW-01,HEIGHT-C10-D1-D-NEG,HEIGHT-C10-D1,D1,HEIGHT,C,HEIGHT-C10,6,D,-1,HEIGHT-D-NEG,Put the Rubik's cube lower than the bowl.,2b2abd622acedd6dbf8622f31eb83c95afc00f352cbe145da1d4ddaecbc874ec,20272932,1140,450,PLANNED_NOT_RELEASED,,,
SGW-01,HEIGHT-C11-N3-I-NEG,HEIGHT-C11-N3,N3,HEIGHT,C,HEIGHT-C11,1,I,-1,HEIGHT-I-NEG,Place the Rubik's cube so that the bowl is higher than the Rubik's cube.,1779ad079338c6022e6dfbe58871c8a43d2602e38cabc5dab49c80d9b01feb36,20272933,2026093411,450,PLANNED_NOT_RELEASED,,,
SGW-01,HEIGHT-C11-N3-I-POS,HEIGHT-C11-N3,N3,HEIGHT,C,HEIGHT-C11,2,I,1,HEIGHT-I-POS,Place the Rubik's cube so that the bowl is lower than the Rubik's cube.,dc035ef9c00f5068092a80105a9c0ef3d77c103df7a1bb0c245a032d09d1014f,20272933,2026093411,450,PLANNED_NOT_RELEASED,,,
SGW-01,HEIGHT-C11-N3-C-NEG,HEIGHT-C11-N3,N3,HEIGHT,C,HEIGHT-C11,3,C,-1,HEIGHT-C-NEG,Place the Rubik's cube so that the Rubik's cube is lower than the bowl.,335b224a7fea8536bce4e16df660317baf2116e3d334982b7309d9917f538828,20272933,2026093411,450,PLANNED_NOT_RELEASED,,,
SGW-01,HEIGHT-C11-N3-D-POS,HEIGHT-C11-N3,N3,HEIGHT,C,HEIGHT-C11,4,D,1,HEIGHT-D-POS,Put the Rubik's cube higher than the bowl.,ce9ebbce2f97fc882431671fabdcabe285d4f778a18a6ce8ec9e401ace889aa0,20272933,2026093411,450,PLANNED_NOT_RELEASED,,,
SGW-01,HEIGHT-C11-N3-D-NEG,HEIGHT-C11-N3,N3,HEIGHT,C,HEIGHT-C11,5,D,-1,HEIGHT-D-NEG,Put the Rubik's cube lower than the bowl.,2b2abd622acedd6dbf8622f31eb83c95afc00f352cbe145da1d4ddaecbc874ec,20272933,2026093411,450,PLANNED_NOT_RELEASED,,,
SGW-01,HEIGHT-C11-N3-C-POS,HEIGHT-C11-N3,N3,HEIGHT,C,HEIGHT-C11,6,C,1,HEIGHT-C-POS,Place the Rubik's cube so that the Rubik's cube is higher than the bowl.,8e59d9145045e26dc9e4ee93a2bc9883b80326f7210b50ba3fd05121c6770b92,20272933,2026093411,450,PLANNED_NOT_RELEASED,,,
SGW-01,HEIGHT-C11-D1-I-NEG,HEIGHT-C11-D1,D1,HEIGHT,C,HEIGHT-C11,1,I,-1,HEIGHT-I-NEG,Place the Rubik's cube so that the bowl is higher than the Rubik's cube.,1779ad079338c6022e6dfbe58871c8a43d2602e38cabc5dab49c80d9b01feb36,20272933,1140,450,PLANNED_NOT_RELEASED,,,
SGW-01,HEIGHT-C11-D1-I-POS,HEIGHT-C11-D1,D1,HEIGHT,C,HEIGHT-C11,2,I,1,HEIGHT-I-POS,Place the Rubik's cube so that the bowl is lower than the Rubik's cube.,dc035ef9c00f5068092a80105a9c0ef3d77c103df7a1bb0c245a032d09d1014f,20272933,1140,450,PLANNED_NOT_RELEASED,,,
SGW-01,HEIGHT-C11-D1-C-NEG,HEIGHT-C11-D1,D1,HEIGHT,C,HEIGHT-C11,3,C,-1,HEIGHT-C-NEG,Place the Rubik's cube so that the Rubik's cube is lower than the bowl.,335b224a7fea8536bce4e16df660317baf2116e3d334982b7309d9917f538828,20272933,1140,450,PLANNED_NOT_RELEASED,,,
SGW-01,HEIGHT-C11-D1-D-POS,HEIGHT-C11-D1,D1,HEIGHT,C,HEIGHT-C11,4,D,1,HEIGHT-D-POS,Put the Rubik's cube higher than the bowl.,ce9ebbce2f97fc882431671fabdcabe285d4f778a18a6ce8ec9e401ace889aa0,20272933,1140,450,PLANNED_NOT_RELEASED,,,
SGW-01,HEIGHT-C11-D1-D-NEG,HEIGHT-C11-D1,D1,HEIGHT,C,HEIGHT-C11,5,D,-1,HEIGHT-D-NEG,Put the Rubik's cube lower than the bowl.,2b2abd622acedd6dbf8622f31eb83c95afc00f352cbe145da1d4ddaecbc874ec,20272933,1140,450,PLANNED_NOT_RELEASED,,,
SGW-01,HEIGHT-C11-D1-C-POS,HEIGHT-C11-D1,D1,HEIGHT,C,HEIGHT-C11,6,C,1,HEIGHT-C-POS,Place the Rubik's cube so that the Rubik's cube is higher than the bowl.,8e59d9145045e26dc9e4ee93a2bc9883b80326f7210b50ba3fd05121c6770b92,20272933,1140,450,PLANNED_NOT_RELEASED,,,
SGW-01,HEIGHT-C12-N3-I-POS,HEIGHT-C12-N3,N3,HEIGHT,C,HEIGHT-C12,1,I,1,HEIGHT-I-POS,Place the Rubik's cube so that the bowl is lower than the Rubik's cube.,dc035ef9c00f5068092a80105a9c0ef3d77c103df7a1bb0c245a032d09d1014f,20272934,2026093412,450,PLANNED_NOT_RELEASED,,,
SGW-01,HEIGHT-C12-N3-C-NEG,HEIGHT-C12-N3,N3,HEIGHT,C,HEIGHT-C12,2,C,-1,HEIGHT-C-NEG,Place the Rubik's cube so that the Rubik's cube is lower than the bowl.,335b224a7fea8536bce4e16df660317baf2116e3d334982b7309d9917f538828,20272934,2026093412,450,PLANNED_NOT_RELEASED,,,
SGW-01,HEIGHT-C12-N3-D-POS,HEIGHT-C12-N3,N3,HEIGHT,C,HEIGHT-C12,3,D,1,HEIGHT-D-POS,Put the Rubik's cube higher than the bowl.,ce9ebbce2f97fc882431671fabdcabe285d4f778a18a6ce8ec9e401ace889aa0,20272934,2026093412,450,PLANNED_NOT_RELEASED,,,
SGW-01,HEIGHT-C12-N3-D-NEG,HEIGHT-C12-N3,N3,HEIGHT,C,HEIGHT-C12,4,D,-1,HEIGHT-D-NEG,Put the Rubik's cube lower than the bowl.,2b2abd622acedd6dbf8622f31eb83c95afc00f352cbe145da1d4ddaecbc874ec,20272934,2026093412,450,PLANNED_NOT_RELEASED,,,
SGW-01,HEIGHT-C12-N3-C-POS,HEIGHT-C12-N3,N3,HEIGHT,C,HEIGHT-C12,5,C,1,HEIGHT-C-POS,Place the Rubik's cube so that the Rubik's cube is higher than the bowl.,8e59d9145045e26dc9e4ee93a2bc9883b80326f7210b50ba3fd05121c6770b92,20272934,2026093412,450,PLANNED_NOT_RELEASED,,,
SGW-01,HEIGHT-C12-N3-I-NEG,HEIGHT-C12-N3,N3,HEIGHT,C,HEIGHT-C12,6,I,-1,HEIGHT-I-NEG,Place the Rubik's cube so that the bowl is higher than the Rubik's cube.,1779ad079338c6022e6dfbe58871c8a43d2602e38cabc5dab49c80d9b01feb36,20272934,2026093412,450,PLANNED_NOT_RELEASED,,,
SGW-01,HEIGHT-C12-D1-I-POS,HEIGHT-C12-D1,D1,HEIGHT,C,HEIGHT-C12,1,I,1,HEIGHT-I-POS,Place the Rubik's cube so that the bowl is lower than the Rubik's cube.,dc035ef9c00f5068092a80105a9c0ef3d77c103df7a1bb0c245a032d09d1014f,20272934,1140,450,PLANNED_NOT_RELEASED,,,
SGW-01,HEIGHT-C12-D1-C-NEG,HEIGHT-C12-D1,D1,HEIGHT,C,HEIGHT-C12,2,C,-1,HEIGHT-C-NEG,Place the Rubik's cube so that the Rubik's cube is lower than the bowl.,335b224a7fea8536bce4e16df660317baf2116e3d334982b7309d9917f538828,20272934,1140,450,PLANNED_NOT_RELEASED,,,
SGW-01,HEIGHT-C12-D1-D-POS,HEIGHT-C12-D1,D1,HEIGHT,C,HEIGHT-C12,3,D,1,HEIGHT-D-POS,Put the Rubik's cube higher than the bowl.,ce9ebbce2f97fc882431671fabdcabe285d4f778a18a6ce8ec9e401ace889aa0,20272934,1140,450,PLANNED_NOT_RELEASED,,,
SGW-01,HEIGHT-C12-D1-D-NEG,HEIGHT-C12-D1,D1,HEIGHT,C,HEIGHT-C12,4,D,-1,HEIGHT-D-NEG,Put the Rubik's cube lower than the bowl.,2b2abd622acedd6dbf8622f31eb83c95afc00f352cbe145da1d4ddaecbc874ec,20272934,1140,450,PLANNED_NOT_RELEASED,,,
SGW-01,HEIGHT-C12-D1-C-POS,HEIGHT-C12-D1,D1,HEIGHT,C,HEIGHT-C12,5,C,1,HEIGHT-C-POS,Place the Rubik's cube so that the Rubik's cube is higher than the bowl.,8e59d9145045e26dc9e4ee93a2bc9883b80326f7210b50ba3fd05121c6770b92,20272934,1140,450,PLANNED_NOT_RELEASED,,,
SGW-01,HEIGHT-C12-D1-I-NEG,HEIGHT-C12-D1,D1,HEIGHT,C,HEIGHT-C12,6,I,-1,HEIGHT-I-NEG,Place the Rubik's cube so that the bowl is higher than the Rubik's cube.,1779ad079338c6022e6dfbe58871c8a43d2602e38cabc5dab49c80d9b01feb36,20272934,1140,450,PLANNED_NOT_RELEASED,,,
SGW-01,HEIGHT-C13-N3-I-NEG,HEIGHT-C13-N3,N3,HEIGHT,C,HEIGHT-C13,1,I,-1,HEIGHT-I-NEG,Place the Rubik's cube so that the bowl is higher than the Rubik's cube.,1779ad079338c6022e6dfbe58871c8a43d2602e38cabc5dab49c80d9b01feb36,20272935,2026093413,450,PLANNED_NOT_RELEASED,,,
SGW-01,HEIGHT-C13-N3-D-NEG,HEIGHT-C13-N3,N3,HEIGHT,C,HEIGHT-C13,2,D,-1,HEIGHT-D-NEG,Put the Rubik's cube lower than the bowl.,2b2abd622acedd6dbf8622f31eb83c95afc00f352cbe145da1d4ddaecbc874ec,20272935,2026093413,450,PLANNED_NOT_RELEASED,,,
SGW-01,HEIGHT-C13-N3-C-NEG,HEIGHT-C13-N3,N3,HEIGHT,C,HEIGHT-C13,3,C,-1,HEIGHT-C-NEG,Place the Rubik's cube so that the Rubik's cube is lower than the bowl.,335b224a7fea8536bce4e16df660317baf2116e3d334982b7309d9917f538828,20272935,2026093413,450,PLANNED_NOT_RELEASED,,,
SGW-01,HEIGHT-C13-N3-D-POS,HEIGHT-C13-N3,N3,HEIGHT,C,HEIGHT-C13,4,D,1,HEIGHT-D-POS,Put the Rubik's cube higher than the bowl.,ce9ebbce2f97fc882431671fabdcabe285d4f778a18a6ce8ec9e401ace889aa0,20272935,2026093413,450,PLANNED_NOT_RELEASED,,,
SGW-01,HEIGHT-C13-N3-C-POS,HEIGHT-C13-N3,N3,HEIGHT,C,HEIGHT-C13,5,C,1,HEIGHT-C-POS,Place the Rubik's cube so that the Rubik's cube is higher than the bowl.,8e59d9145045e26dc9e4ee93a2bc9883b80326f7210b50ba3fd05121c6770b92,20272935,2026093413,450,PLANNED_NOT_RELEASED,,,
SGW-01,HEIGHT-C13-N3-I-POS,HEIGHT-C13-N3,N3,HEIGHT,C,HEIGHT-C13,6,I,1,HEIGHT-I-POS,Place the Rubik's cube so that the bowl is lower than the Rubik's cube.,dc035ef9c00f5068092a80105a9c0ef3d77c103df7a1bb0c245a032d09d1014f,20272935,2026093413,450,PLANNED_NOT_RELEASED,,,
SGW-01,HEIGHT-C13-D1-I-NEG,HEIGHT-C13-D1,D1,HEIGHT,C,HEIGHT-C13,1,I,-1,HEIGHT-I-NEG,Place the Rubik's cube so that the bowl is higher than the Rubik's cube.,1779ad079338c6022e6dfbe58871c8a43d2602e38cabc5dab49c80d9b01feb36,20272935,1140,450,PLANNED_NOT_RELEASED,,,
SGW-01,HEIGHT-C13-D1-D-NEG,HEIGHT-C13-D1,D1,HEIGHT,C,HEIGHT-C13,2,D,-1,HEIGHT-D-NEG,Put the Rubik's cube lower than the bowl.,2b2abd622acedd6dbf8622f31eb83c95afc00f352cbe145da1d4ddaecbc874ec,20272935,1140,450,PLANNED_NOT_RELEASED,,,
SGW-01,HEIGHT-C13-D1-C-NEG,HEIGHT-C13-D1,D1,HEIGHT,C,HEIGHT-C13,3,C,-1,HEIGHT-C-NEG,Place the Rubik's cube so that the Rubik's cube is lower than the bowl.,335b224a7fea8536bce4e16df660317baf2116e3d334982b7309d9917f538828,20272935,1140,450,PLANNED_NOT_RELEASED,,,
SGW-01,HEIGHT-C13-D1-D-POS,HEIGHT-C13-D1,D1,HEIGHT,C,HEIGHT-C13,4,D,1,HEIGHT-D-POS,Put the Rubik's cube higher than the bowl.,ce9ebbce2f97fc882431671fabdcabe285d4f778a18a6ce8ec9e401ace889aa0,20272935,1140,450,PLANNED_NOT_RELEASED,,,
SGW-01,HEIGHT-C13-D1-C-POS,HEIGHT-C13-D1,D1,HEIGHT,C,HEIGHT-C13,5,C,1,HEIGHT-C-POS,Place the Rubik's cube so that the Rubik's cube is higher than the bowl.,8e59d9145045e26dc9e4ee93a2bc9883b80326f7210b50ba3fd05121c6770b92,20272935,1140,450,PLANNED_NOT_RELEASED,,,
SGW-01,HEIGHT-C13-D1-I-POS,HEIGHT-C13-D1,D1,HEIGHT,C,HEIGHT-C13,6,I,1,HEIGHT-I-POS,Place the Rubik's cube so that the bowl is lower than the Rubik's cube.,dc035ef9c00f5068092a80105a9c0ef3d77c103df7a1bb0c245a032d09d1014f,20272935,1140,450,PLANNED_NOT_RELEASED,,,
SGW-01,HEIGHT-C14-N3-D-NEG,HEIGHT-C14-N3,N3,HEIGHT,C,HEIGHT-C14,1,D,-1,HEIGHT-D-NEG,Put the Rubik's cube lower than the bowl.,2b2abd622acedd6dbf8622f31eb83c95afc00f352cbe145da1d4ddaecbc874ec,20272936,2026093414,450,PLANNED_NOT_RELEASED,,,
SGW-01,HEIGHT-C14-N3-C-NEG,HEIGHT-C14-N3,N3,HEIGHT,C,HEIGHT-C14,2,C,-1,HEIGHT-C-NEG,Place the Rubik's cube so that the Rubik's cube is lower than the bowl.,335b224a7fea8536bce4e16df660317baf2116e3d334982b7309d9917f538828,20272936,2026093414,450,PLANNED_NOT_RELEASED,,,
SGW-01,HEIGHT-C14-N3-D-POS,HEIGHT-C14-N3,N3,HEIGHT,C,HEIGHT-C14,3,D,1,HEIGHT-D-POS,Put the Rubik's cube higher than the bowl.,ce9ebbce2f97fc882431671fabdcabe285d4f778a18a6ce8ec9e401ace889aa0,20272936,2026093414,450,PLANNED_NOT_RELEASED,,,
SGW-01,HEIGHT-C14-N3-C-POS,HEIGHT-C14-N3,N3,HEIGHT,C,HEIGHT-C14,4,C,1,HEIGHT-C-POS,Place the Rubik's cube so that the Rubik's cube is higher than the bowl.,8e59d9145045e26dc9e4ee93a2bc9883b80326f7210b50ba3fd05121c6770b92,20272936,2026093414,450,PLANNED_NOT_RELEASED,,,
SGW-01,HEIGHT-C14-N3-I-POS,HEIGHT-C14-N3,N3,HEIGHT,C,HEIGHT-C14,5,I,1,HEIGHT-I-POS,Place the Rubik's cube so that the bowl is lower than the Rubik's cube.,dc035ef9c00f5068092a80105a9c0ef3d77c103df7a1bb0c245a032d09d1014f,20272936,2026093414,450,PLANNED_NOT_RELEASED,,,
SGW-01,HEIGHT-C14-N3-I-NEG,HEIGHT-C14-N3,N3,HEIGHT,C,HEIGHT-C14,6,I,-1,HEIGHT-I-NEG,Place the Rubik's cube so that the bowl is higher than the Rubik's cube.,1779ad079338c6022e6dfbe58871c8a43d2602e38cabc5dab49c80d9b01feb36,20272936,2026093414,450,PLANNED_NOT_RELEASED,,,
SGW-01,HEIGHT-C14-D1-D-NEG,HEIGHT-C14-D1,D1,HEIGHT,C,HEIGHT-C14,1,D,-1,HEIGHT-D-NEG,Put the Rubik's cube lower than the bowl.,2b2abd622acedd6dbf8622f31eb83c95afc00f352cbe145da1d4ddaecbc874ec,20272936,1140,450,PLANNED_NOT_RELEASED,,,
SGW-01,HEIGHT-C14-D1-C-NEG,HEIGHT-C14-D1,D1,HEIGHT,C,HEIGHT-C14,2,C,-1,HEIGHT-C-NEG,Place the Rubik's cube so that the Rubik's cube is lower than the bowl.,335b224a7fea8536bce4e16df660317baf2116e3d334982b7309d9917f538828,20272936,1140,450,PLANNED_NOT_RELEASED,,,
SGW-01,HEIGHT-C14-D1-D-POS,HEIGHT-C14-D1,D1,HEIGHT,C,HEIGHT-C14,3,D,1,HEIGHT-D-POS,Put the Rubik's cube higher than the bowl.,ce9ebbce2f97fc882431671fabdcabe285d4f778a18a6ce8ec9e401ace889aa0,20272936,1140,450,PLANNED_NOT_RELEASED,,,
SGW-01,HEIGHT-C14-D1-C-POS,HEIGHT-C14-D1,D1,HEIGHT,C,HEIGHT-C14,4,C,1,HEIGHT-C-POS,Place the Rubik's cube so that the Rubik's cube is higher than the bowl.,8e59d9145045e26dc9e4ee93a2bc9883b80326f7210b50ba3fd05121c6770b92,20272936,1140,450,PLANNED_NOT_RELEASED,,,
SGW-01,HEIGHT-C14-D1-I-POS,HEIGHT-C14-D1,D1,HEIGHT,C,HEIGHT-C14,5,I,1,HEIGHT-I-POS,Place the Rubik's cube so that the bowl is lower than the Rubik's cube.,dc035ef9c00f5068092a80105a9c0ef3d77c103df7a1bb0c245a032d09d1014f,20272936,1140,450,PLANNED_NOT_RELEASED,,,
SGW-01,HEIGHT-C14-D1-I-NEG,HEIGHT-C14-D1,D1,HEIGHT,C,HEIGHT-C14,6,I,-1,HEIGHT-I-NEG,Place the Rubik's cube so that the bowl is higher than the Rubik's cube.,1779ad079338c6022e6dfbe58871c8a43d2602e38cabc5dab49c80d9b01feb36,20272936,1140,450,PLANNED_NOT_RELEASED,,,
SGW-01,HEIGHT-C15-N3-C-NEG,HEIGHT-C15-N3,N3,HEIGHT,C,HEIGHT-C15,1,C,-1,HEIGHT-C-NEG,Place the Rubik's cube so that the Rubik's cube is lower than the bowl.,335b224a7fea8536bce4e16df660317baf2116e3d334982b7309d9917f538828,20272937,2026093415,450,PLANNED_NOT_RELEASED,,,
SGW-01,HEIGHT-C15-N3-D-POS,HEIGHT-C15-N3,N3,HEIGHT,C,HEIGHT-C15,2,D,1,HEIGHT-D-POS,Put the Rubik's cube higher than the bowl.,ce9ebbce2f97fc882431671fabdcabe285d4f778a18a6ce8ec9e401ace889aa0,20272937,2026093415,450,PLANNED_NOT_RELEASED,,,
SGW-01,HEIGHT-C15-N3-C-POS,HEIGHT-C15-N3,N3,HEIGHT,C,HEIGHT-C15,3,C,1,HEIGHT-C-POS,Place the Rubik's cube so that the Rubik's cube is higher than the bowl.,8e59d9145045e26dc9e4ee93a2bc9883b80326f7210b50ba3fd05121c6770b92,20272937,2026093415,450,PLANNED_NOT_RELEASED,,,
SGW-01,HEIGHT-C15-N3-I-POS,HEIGHT-C15-N3,N3,HEIGHT,C,HEIGHT-C15,4,I,1,HEIGHT-I-POS,Place the Rubik's cube so that the bowl is lower than the Rubik's cube.,dc035ef9c00f5068092a80105a9c0ef3d77c103df7a1bb0c245a032d09d1014f,20272937,2026093415,450,PLANNED_NOT_RELEASED,,,
SGW-01,HEIGHT-C15-N3-I-NEG,HEIGHT-C15-N3,N3,HEIGHT,C,HEIGHT-C15,5,I,-1,HEIGHT-I-NEG,Place the Rubik's cube so that the bowl is higher than the Rubik's cube.,1779ad079338c6022e6dfbe58871c8a43d2602e38cabc5dab49c80d9b01feb36,20272937,2026093415,450,PLANNED_NOT_RELEASED,,,
SGW-01,HEIGHT-C15-N3-D-NEG,HEIGHT-C15-N3,N3,HEIGHT,C,HEIGHT-C15,6,D,-1,HEIGHT-D-NEG,Put the Rubik's cube lower than the bowl.,2b2abd622acedd6dbf8622f31eb83c95afc00f352cbe145da1d4ddaecbc874ec,20272937,2026093415,450,PLANNED_NOT_RELEASED,,,
SGW-01,HEIGHT-C15-D1-C-NEG,HEIGHT-C15-D1,D1,HEIGHT,C,HEIGHT-C15,1,C,-1,HEIGHT-C-NEG,Place the Rubik's cube so that the Rubik's cube is lower than the bowl.,335b224a7fea8536bce4e16df660317baf2116e3d334982b7309d9917f538828,20272937,1140,450,PLANNED_NOT_RELEASED,,,
SGW-01,HEIGHT-C15-D1-D-POS,HEIGHT-C15-D1,D1,HEIGHT,C,HEIGHT-C15,2,D,1,HEIGHT-D-POS,Put the Rubik's cube higher than the bowl.,ce9ebbce2f97fc882431671fabdcabe285d4f778a18a6ce8ec9e401ace889aa0,20272937,1140,450,PLANNED_NOT_RELEASED,,,
SGW-01,HEIGHT-C15-D1-C-POS,HEIGHT-C15-D1,D1,HEIGHT,C,HEIGHT-C15,3,C,1,HEIGHT-C-POS,Place the Rubik's cube so that the Rubik's cube is higher than the bowl.,8e59d9145045e26dc9e4ee93a2bc9883b80326f7210b50ba3fd05121c6770b92,20272937,1140,450,PLANNED_NOT_RELEASED,,,
SGW-01,HEIGHT-C15-D1-I-POS,HEIGHT-C15-D1,D1,HEIGHT,C,HEIGHT-C15,4,I,1,HEIGHT-I-POS,Place the Rubik's cube so that the bowl is lower than the Rubik's cube.,dc035ef9c00f5068092a80105a9c0ef3d77c103df7a1bb0c245a032d09d1014f,20272937,1140,450,PLANNED_NOT_RELEASED,,,
SGW-01,HEIGHT-C15-D1-I-NEG,HEIGHT-C15-D1,D1,HEIGHT,C,HEIGHT-C15,5,I,-1,HEIGHT-I-NEG,Place the Rubik's cube so that the bowl is higher than the Rubik's cube.,1779ad079338c6022e6dfbe58871c8a43d2602e38cabc5dab49c80d9b01feb36,20272937,1140,450,PLANNED_NOT_RELEASED,,,
SGW-01,HEIGHT-C15-D1-D-NEG,HEIGHT-C15-D1,D1,HEIGHT,C,HEIGHT-C15,6,D,-1,HEIGHT-D-NEG,Put the Rubik's cube lower than the bowl.,2b2abd622acedd6dbf8622f31eb83c95afc00f352cbe145da1d4ddaecbc874ec,20272937,1140,450,PLANNED_NOT_RELEASED,,,
SGW-01,HEIGHT-C16-N3-D-POS,HEIGHT-C16-N3,N3,HEIGHT,C,HEIGHT-C16,1,D,1,HEIGHT-D-POS,Put the Rubik's cube higher than the bowl.,ce9ebbce2f97fc882431671fabdcabe285d4f778a18a6ce8ec9e401ace889aa0,20272938,2026093416,450,PLANNED_NOT_RELEASED,,,
SGW-01,HEIGHT-C16-N3-C-POS,HEIGHT-C16-N3,N3,HEIGHT,C,HEIGHT-C16,2,C,1,HEIGHT-C-POS,Place the Rubik's cube so that the Rubik's cube is higher than the bowl.,8e59d9145045e26dc9e4ee93a2bc9883b80326f7210b50ba3fd05121c6770b92,20272938,2026093416,450,PLANNED_NOT_RELEASED,,,
SGW-01,HEIGHT-C16-N3-I-POS,HEIGHT-C16-N3,N3,HEIGHT,C,HEIGHT-C16,3,I,1,HEIGHT-I-POS,Place the Rubik's cube so that the bowl is lower than the Rubik's cube.,dc035ef9c00f5068092a80105a9c0ef3d77c103df7a1bb0c245a032d09d1014f,20272938,2026093416,450,PLANNED_NOT_RELEASED,,,
SGW-01,HEIGHT-C16-N3-I-NEG,HEIGHT-C16-N3,N3,HEIGHT,C,HEIGHT-C16,4,I,-1,HEIGHT-I-NEG,Place the Rubik's cube so that the bowl is higher than the Rubik's cube.,1779ad079338c6022e6dfbe58871c8a43d2602e38cabc5dab49c80d9b01feb36,20272938,2026093416,450,PLANNED_NOT_RELEASED,,,
SGW-01,HEIGHT-C16-N3-D-NEG,HEIGHT-C16-N3,N3,HEIGHT,C,HEIGHT-C16,5,D,-1,HEIGHT-D-NEG,Put the Rubik's cube lower than the bowl.,2b2abd622acedd6dbf8622f31eb83c95afc00f352cbe145da1d4ddaecbc874ec,20272938,2026093416,450,PLANNED_NOT_RELEASED,,,
SGW-01,HEIGHT-C16-N3-C-NEG,HEIGHT-C16-N3,N3,HEIGHT,C,HEIGHT-C16,6,C,-1,HEIGHT-C-NEG,Place the Rubik's cube so that the Rubik's cube is lower than the bowl.,335b224a7fea8536bce4e16df660317baf2116e3d334982b7309d9917f538828,20272938,2026093416,450,PLANNED_NOT_RELEASED,,,
SGW-01,HEIGHT-C16-D1-D-POS,HEIGHT-C16-D1,D1,HEIGHT,C,HEIGHT-C16,1,D,1,HEIGHT-D-POS,Put the Rubik's cube higher than the bowl.,ce9ebbce2f97fc882431671fabdcabe285d4f778a18a6ce8ec9e401ace889aa0,20272938,1140,450,PLANNED_NOT_RELEASED,,,
SGW-01,HEIGHT-C16-D1-C-POS,HEIGHT-C16-D1,D1,HEIGHT,C,HEIGHT-C16,2,C,1,HEIGHT-C-POS,Place the Rubik's cube so that the Rubik's cube is higher than the bowl.,8e59d9145045e26dc9e4ee93a2bc9883b80326f7210b50ba3fd05121c6770b92,20272938,1140,450,PLANNED_NOT_RELEASED,,,
SGW-01,HEIGHT-C16-D1-I-POS,HEIGHT-C16-D1,D1,HEIGHT,C,HEIGHT-C16,3,I,1,HEIGHT-I-POS,Place the Rubik's cube so that the bowl is lower than the Rubik's cube.,dc035ef9c00f5068092a80105a9c0ef3d77c103df7a1bb0c245a032d09d1014f,20272938,1140,450,PLANNED_NOT_RELEASED,,,
SGW-01,HEIGHT-C16-D1-I-NEG,HEIGHT-C16-D1,D1,HEIGHT,C,HEIGHT-C16,4,I,-1,HEIGHT-I-NEG,Place the Rubik's cube so that the bowl is higher than the Rubik's cube.,1779ad079338c6022e6dfbe58871c8a43d2602e38cabc5dab49c80d9b01feb36,20272938,1140,450,PLANNED_NOT_RELEASED,,,
SGW-01,HEIGHT-C16-D1-D-NEG,HEIGHT-C16-D1,D1,HEIGHT,C,HEIGHT-C16,5,D,-1,HEIGHT-D-NEG,Put the Rubik's cube lower than the bowl.,2b2abd622acedd6dbf8622f31eb83c95afc00f352cbe145da1d4ddaecbc874ec,20272938,1140,450,PLANNED_NOT_RELEASED,,,
SGW-01,HEIGHT-C16-D1-C-NEG,HEIGHT-C16-D1,D1,HEIGHT,C,HEIGHT-C16,6,C,-1,HEIGHT-C-NEG,Place the Rubik's cube so that the Rubik's cube is lower than the bowl.,335b224a7fea8536bce4e16df660317baf2116e3d334982b7309d9917f538828,20272938,1140,450,PLANNED_NOT_RELEASED,,,
SGW-01,HEIGHT-C17-N3-C-POS,HEIGHT-C17-N3,N3,HEIGHT,C,HEIGHT-C17,1,C,1,HEIGHT-C-POS,Place the Rubik's cube so that the Rubik's cube is higher than the bowl.,8e59d9145045e26dc9e4ee93a2bc9883b80326f7210b50ba3fd05121c6770b92,20272939,2026093417,450,PLANNED_NOT_RELEASED,,,
SGW-01,HEIGHT-C17-N3-I-POS,HEIGHT-C17-N3,N3,HEIGHT,C,HEIGHT-C17,2,I,1,HEIGHT-I-POS,Place the Rubik's cube so that the bowl is lower than the Rubik's cube.,dc035ef9c00f5068092a80105a9c0ef3d77c103df7a1bb0c245a032d09d1014f,20272939,2026093417,450,PLANNED_NOT_RELEASED,,,
SGW-01,HEIGHT-C17-N3-I-NEG,HEIGHT-C17-N3,N3,HEIGHT,C,HEIGHT-C17,3,I,-1,HEIGHT-I-NEG,Place the Rubik's cube so that the bowl is higher than the Rubik's cube.,1779ad079338c6022e6dfbe58871c8a43d2602e38cabc5dab49c80d9b01feb36,20272939,2026093417,450,PLANNED_NOT_RELEASED,,,
SGW-01,HEIGHT-C17-N3-D-NEG,HEIGHT-C17-N3,N3,HEIGHT,C,HEIGHT-C17,4,D,-1,HEIGHT-D-NEG,Put the Rubik's cube lower than the bowl.,2b2abd622acedd6dbf8622f31eb83c95afc00f352cbe145da1d4ddaecbc874ec,20272939,2026093417,450,PLANNED_NOT_RELEASED,,,
SGW-01,HEIGHT-C17-N3-C-NEG,HEIGHT-C17-N3,N3,HEIGHT,C,HEIGHT-C17,5,C,-1,HEIGHT-C-NEG,Place the Rubik's cube so that the Rubik's cube is lower than the bowl.,335b224a7fea8536bce4e16df660317baf2116e3d334982b7309d9917f538828,20272939,2026093417,450,PLANNED_NOT_RELEASED,,,
SGW-01,HEIGHT-C17-N3-D-POS,HEIGHT-C17-N3,N3,HEIGHT,C,HEIGHT-C17,6,D,1,HEIGHT-D-POS,Put the Rubik's cube higher than the bowl.,ce9ebbce2f97fc882431671fabdcabe285d4f778a18a6ce8ec9e401ace889aa0,20272939,2026093417,450,PLANNED_NOT_RELEASED,,,
SGW-01,HEIGHT-C17-D1-C-POS,HEIGHT-C17-D1,D1,HEIGHT,C,HEIGHT-C17,1,C,1,HEIGHT-C-POS,Place the Rubik's cube so that the Rubik's cube is higher than the bowl.,8e59d9145045e26dc9e4ee93a2bc9883b80326f7210b50ba3fd05121c6770b92,20272939,1140,450,PLANNED_NOT_RELEASED,,,
SGW-01,HEIGHT-C17-D1-I-POS,HEIGHT-C17-D1,D1,HEIGHT,C,HEIGHT-C17,2,I,1,HEIGHT-I-POS,Place the Rubik's cube so that the bowl is lower than the Rubik's cube.,dc035ef9c00f5068092a80105a9c0ef3d77c103df7a1bb0c245a032d09d1014f,20272939,1140,450,PLANNED_NOT_RELEASED,,,
SGW-01,HEIGHT-C17-D1-I-NEG,HEIGHT-C17-D1,D1,HEIGHT,C,HEIGHT-C17,3,I,-1,HEIGHT-I-NEG,Place the Rubik's cube so that the bowl is higher than the Rubik's cube.,1779ad079338c6022e6dfbe58871c8a43d2602e38cabc5dab49c80d9b01feb36,20272939,1140,450,PLANNED_NOT_RELEASED,,,
SGW-01,HEIGHT-C17-D1-D-NEG,HEIGHT-C17-D1,D1,HEIGHT,C,HEIGHT-C17,4,D,-1,HEIGHT-D-NEG,Put the Rubik's cube lower than the bowl.,2b2abd622acedd6dbf8622f31eb83c95afc00f352cbe145da1d4ddaecbc874ec,20272939,1140,450,PLANNED_NOT_RELEASED,,,
SGW-01,HEIGHT-C17-D1-C-NEG,HEIGHT-C17-D1,D1,HEIGHT,C,HEIGHT-C17,5,C,-1,HEIGHT-C-NEG,Place the Rubik's cube so that the Rubik's cube is lower than the bowl.,335b224a7fea8536bce4e16df660317baf2116e3d334982b7309d9917f538828,20272939,1140,450,PLANNED_NOT_RELEASED,,,
SGW-01,HEIGHT-C17-D1-D-POS,HEIGHT-C17-D1,D1,HEIGHT,C,HEIGHT-C17,6,D,1,HEIGHT-D-POS,Put the Rubik's cube higher than the bowl.,ce9ebbce2f97fc882431671fabdcabe285d4f778a18a6ce8ec9e401ace889aa0,20272939,1140,450,PLANNED_NOT_RELEASED,,,
SGW-01,HEIGHT-C18-N3-I-POS,HEIGHT-C18-N3,N3,HEIGHT,C,HEIGHT-C18,1,I,1,HEIGHT-I-POS,Place the Rubik's cube so that the bowl is lower than the Rubik's cube.,dc035ef9c00f5068092a80105a9c0ef3d77c103df7a1bb0c245a032d09d1014f,20272940,2026093418,450,PLANNED_NOT_RELEASED,,,
SGW-01,HEIGHT-C18-N3-I-NEG,HEIGHT-C18-N3,N3,HEIGHT,C,HEIGHT-C18,2,I,-1,HEIGHT-I-NEG,Place the Rubik's cube so that the bowl is higher than the Rubik's cube.,1779ad079338c6022e6dfbe58871c8a43d2602e38cabc5dab49c80d9b01feb36,20272940,2026093418,450,PLANNED_NOT_RELEASED,,,
SGW-01,HEIGHT-C18-N3-D-NEG,HEIGHT-C18-N3,N3,HEIGHT,C,HEIGHT-C18,3,D,-1,HEIGHT-D-NEG,Put the Rubik's cube lower than the bowl.,2b2abd622acedd6dbf8622f31eb83c95afc00f352cbe145da1d4ddaecbc874ec,20272940,2026093418,450,PLANNED_NOT_RELEASED,,,
SGW-01,HEIGHT-C18-N3-C-NEG,HEIGHT-C18-N3,N3,HEIGHT,C,HEIGHT-C18,4,C,-1,HEIGHT-C-NEG,Place the Rubik's cube so that the Rubik's cube is lower than the bowl.,335b224a7fea8536bce4e16df660317baf2116e3d334982b7309d9917f538828,20272940,2026093418,450,PLANNED_NOT_RELEASED,,,
SGW-01,HEIGHT-C18-N3-D-POS,HEIGHT-C18-N3,N3,HEIGHT,C,HEIGHT-C18,5,D,1,HEIGHT-D-POS,Put the Rubik's cube higher than the bowl.,ce9ebbce2f97fc882431671fabdcabe285d4f778a18a6ce8ec9e401ace889aa0,20272940,2026093418,450,PLANNED_NOT_RELEASED,,,
SGW-01,HEIGHT-C18-N3-C-POS,HEIGHT-C18-N3,N3,HEIGHT,C,HEIGHT-C18,6,C,1,HEIGHT-C-POS,Place the Rubik's cube so that the Rubik's cube is higher than the bowl.,8e59d9145045e26dc9e4ee93a2bc9883b80326f7210b50ba3fd05121c6770b92,20272940,2026093418,450,PLANNED_NOT_RELEASED,,,
SGW-01,HEIGHT-C18-D1-I-POS,HEIGHT-C18-D1,D1,HEIGHT,C,HEIGHT-C18,1,I,1,HEIGHT-I-POS,Place the Rubik's cube so that the bowl is lower than the Rubik's cube.,dc035ef9c00f5068092a80105a9c0ef3d77c103df7a1bb0c245a032d09d1014f,20272940,1140,450,PLANNED_NOT_RELEASED,,,
SGW-01,HEIGHT-C18-D1-I-NEG,HEIGHT-C18-D1,D1,HEIGHT,C,HEIGHT-C18,2,I,-1,HEIGHT-I-NEG,Place the Rubik's cube so that the bowl is higher than the Rubik's cube.,1779ad079338c6022e6dfbe58871c8a43d2602e38cabc5dab49c80d9b01feb36,20272940,1140,450,PLANNED_NOT_RELEASED,,,
SGW-01,HEIGHT-C18-D1-D-NEG,HEIGHT-C18-D1,D1,HEIGHT,C,HEIGHT-C18,3,D,-1,HEIGHT-D-NEG,Put the Rubik's cube lower than the bowl.,2b2abd622acedd6dbf8622f31eb83c95afc00f352cbe145da1d4ddaecbc874ec,20272940,1140,450,PLANNED_NOT_RELEASED,,,
SGW-01,HEIGHT-C18-D1-C-NEG,HEIGHT-C18-D1,D1,HEIGHT,C,HEIGHT-C18,4,C,-1,HEIGHT-C-NEG,Place the Rubik's cube so that the Rubik's cube is lower than the bowl.,335b224a7fea8536bce4e16df660317baf2116e3d334982b7309d9917f538828,20272940,1140,450,PLANNED_NOT_RELEASED,,,
SGW-01,HEIGHT-C18-D1-D-POS,HEIGHT-C18-D1,D1,HEIGHT,C,HEIGHT-C18,5,D,1,HEIGHT-D-POS,Put the Rubik's cube higher than the bowl.,ce9ebbce2f97fc882431671fabdcabe285d4f778a18a6ce8ec9e401ace889aa0,20272940,1140,450,PLANNED_NOT_RELEASED,,,
SGW-01,HEIGHT-C18-D1-C-POS,HEIGHT-C18-D1,D1,HEIGHT,C,HEIGHT-C18,6,C,1,HEIGHT-C-POS,Place the Rubik's cube so that the Rubik's cube is higher than the bowl.,8e59d9145045e26dc9e4ee93a2bc9883b80326f7210b50ba3fd05121c6770b92,20272940,1140,450,PLANNED_NOT_RELEASED,,,
SGW-01,HEIGHT-C19-N3-D-NEG,HEIGHT-C19-N3,N3,HEIGHT,C,HEIGHT-C19,1,D,-1,HEIGHT-D-NEG,Put the Rubik's cube lower than the bowl.,2b2abd622acedd6dbf8622f31eb83c95afc00f352cbe145da1d4ddaecbc874ec,20272941,2026093419,450,PLANNED_NOT_RELEASED,,,
SGW-01,HEIGHT-C19-N3-I-POS,HEIGHT-C19-N3,N3,HEIGHT,C,HEIGHT-C19,2,I,1,HEIGHT-I-POS,Place the Rubik's cube so that the bowl is lower than the Rubik's cube.,dc035ef9c00f5068092a80105a9c0ef3d77c103df7a1bb0c245a032d09d1014f,20272941,2026093419,450,PLANNED_NOT_RELEASED,,,
SGW-01,HEIGHT-C19-N3-D-POS,HEIGHT-C19-N3,N3,HEIGHT,C,HEIGHT-C19,3,D,1,HEIGHT-D-POS,Put the Rubik's cube higher than the bowl.,ce9ebbce2f97fc882431671fabdcabe285d4f778a18a6ce8ec9e401ace889aa0,20272941,2026093419,450,PLANNED_NOT_RELEASED,,,
SGW-01,HEIGHT-C19-N3-I-NEG,HEIGHT-C19-N3,N3,HEIGHT,C,HEIGHT-C19,4,I,-1,HEIGHT-I-NEG,Place the Rubik's cube so that the bowl is higher than the Rubik's cube.,1779ad079338c6022e6dfbe58871c8a43d2602e38cabc5dab49c80d9b01feb36,20272941,2026093419,450,PLANNED_NOT_RELEASED,,,
SGW-01,HEIGHT-C19-N3-C-NEG,HEIGHT-C19-N3,N3,HEIGHT,C,HEIGHT-C19,5,C,-1,HEIGHT-C-NEG,Place the Rubik's cube so that the Rubik's cube is lower than the bowl.,335b224a7fea8536bce4e16df660317baf2116e3d334982b7309d9917f538828,20272941,2026093419,450,PLANNED_NOT_RELEASED,,,
SGW-01,HEIGHT-C19-N3-C-POS,HEIGHT-C19-N3,N3,HEIGHT,C,HEIGHT-C19,6,C,1,HEIGHT-C-POS,Place the Rubik's cube so that the Rubik's cube is higher than the bowl.,8e59d9145045e26dc9e4ee93a2bc9883b80326f7210b50ba3fd05121c6770b92,20272941,2026093419,450,PLANNED_NOT_RELEASED,,,
SGW-01,HEIGHT-C19-D1-D-NEG,HEIGHT-C19-D1,D1,HEIGHT,C,HEIGHT-C19,1,D,-1,HEIGHT-D-NEG,Put the Rubik's cube lower than the bowl.,2b2abd622acedd6dbf8622f31eb83c95afc00f352cbe145da1d4ddaecbc874ec,20272941,1140,450,PLANNED_NOT_RELEASED,,,
SGW-01,HEIGHT-C19-D1-I-POS,HEIGHT-C19-D1,D1,HEIGHT,C,HEIGHT-C19,2,I,1,HEIGHT-I-POS,Place the Rubik's cube so that the bowl is lower than the Rubik's cube.,dc035ef9c00f5068092a80105a9c0ef3d77c103df7a1bb0c245a032d09d1014f,20272941,1140,450,PLANNED_NOT_RELEASED,,,
SGW-01,HEIGHT-C19-D1-D-POS,HEIGHT-C19-D1,D1,HEIGHT,C,HEIGHT-C19,3,D,1,HEIGHT-D-POS,Put the Rubik's cube higher than the bowl.,ce9ebbce2f97fc882431671fabdcabe285d4f778a18a6ce8ec9e401ace889aa0,20272941,1140,450,PLANNED_NOT_RELEASED,,,
SGW-01,HEIGHT-C19-D1-I-NEG,HEIGHT-C19-D1,D1,HEIGHT,C,HEIGHT-C19,4,I,-1,HEIGHT-I-NEG,Place the Rubik's cube so that the bowl is higher than the Rubik's cube.,1779ad079338c6022e6dfbe58871c8a43d2602e38cabc5dab49c80d9b01feb36,20272941,1140,450,PLANNED_NOT_RELEASED,,,
SGW-01,HEIGHT-C19-D1-C-NEG,HEIGHT-C19-D1,D1,HEIGHT,C,HEIGHT-C19,5,C,-1,HEIGHT-C-NEG,Place the Rubik's cube so that the Rubik's cube is lower than the bowl.,335b224a7fea8536bce4e16df660317baf2116e3d334982b7309d9917f538828,20272941,1140,450,PLANNED_NOT_RELEASED,,,
SGW-01,HEIGHT-C19-D1-C-POS,HEIGHT-C19-D1,D1,HEIGHT,C,HEIGHT-C19,6,C,1,HEIGHT-C-POS,Place the Rubik's cube so that the Rubik's cube is higher than the bowl.,8e59d9145045e26dc9e4ee93a2bc9883b80326f7210b50ba3fd05121c6770b92,20272941,1140,450,PLANNED_NOT_RELEASED,,,
SGW-01,HEIGHT-C20-N3-I-POS,HEIGHT-C20-N3,N3,HEIGHT,C,HEIGHT-C20,1,I,1,HEIGHT-I-POS,Place the Rubik's cube so that the bowl is lower than the Rubik's cube.,dc035ef9c00f5068092a80105a9c0ef3d77c103df7a1bb0c245a032d09d1014f,20272942,2026093420,450,PLANNED_NOT_RELEASED,,,
SGW-01,HEIGHT-C20-N3-D-POS,HEIGHT-C20-N3,N3,HEIGHT,C,HEIGHT-C20,2,D,1,HEIGHT-D-POS,Put the Rubik's cube higher than the bowl.,ce9ebbce2f97fc882431671fabdcabe285d4f778a18a6ce8ec9e401ace889aa0,20272942,2026093420,450,PLANNED_NOT_RELEASED,,,
SGW-01,HEIGHT-C20-N3-I-NEG,HEIGHT-C20-N3,N3,HEIGHT,C,HEIGHT-C20,3,I,-1,HEIGHT-I-NEG,Place the Rubik's cube so that the bowl is higher than the Rubik's cube.,1779ad079338c6022e6dfbe58871c8a43d2602e38cabc5dab49c80d9b01feb36,20272942,2026093420,450,PLANNED_NOT_RELEASED,,,
SGW-01,HEIGHT-C20-N3-C-NEG,HEIGHT-C20-N3,N3,HEIGHT,C,HEIGHT-C20,4,C,-1,HEIGHT-C-NEG,Place the Rubik's cube so that the Rubik's cube is lower than the bowl.,335b224a7fea8536bce4e16df660317baf2116e3d334982b7309d9917f538828,20272942,2026093420,450,PLANNED_NOT_RELEASED,,,
SGW-01,HEIGHT-C20-N3-C-POS,HEIGHT-C20-N3,N3,HEIGHT,C,HEIGHT-C20,5,C,1,HEIGHT-C-POS,Place the Rubik's cube so that the Rubik's cube is higher than the bowl.,8e59d9145045e26dc9e4ee93a2bc9883b80326f7210b50ba3fd05121c6770b92,20272942,2026093420,450,PLANNED_NOT_RELEASED,,,
SGW-01,HEIGHT-C20-N3-D-NEG,HEIGHT-C20-N3,N3,HEIGHT,C,HEIGHT-C20,6,D,-1,HEIGHT-D-NEG,Put the Rubik's cube lower than the bowl.,2b2abd622acedd6dbf8622f31eb83c95afc00f352cbe145da1d4ddaecbc874ec,20272942,2026093420,450,PLANNED_NOT_RELEASED,,,
SGW-01,HEIGHT-C20-D1-I-POS,HEIGHT-C20-D1,D1,HEIGHT,C,HEIGHT-C20,1,I,1,HEIGHT-I-POS,Place the Rubik's cube so that the bowl is lower than the Rubik's cube.,dc035ef9c00f5068092a80105a9c0ef3d77c103df7a1bb0c245a032d09d1014f,20272942,1140,450,PLANNED_NOT_RELEASED,,,
SGW-01,HEIGHT-C20-D1-D-POS,HEIGHT-C20-D1,D1,HEIGHT,C,HEIGHT-C20,2,D,1,HEIGHT-D-POS,Put the Rubik's cube higher than the bowl.,ce9ebbce2f97fc882431671fabdcabe285d4f778a18a6ce8ec9e401ace889aa0,20272942,1140,450,PLANNED_NOT_RELEASED,,,
SGW-01,HEIGHT-C20-D1-I-NEG,HEIGHT-C20-D1,D1,HEIGHT,C,HEIGHT-C20,3,I,-1,HEIGHT-I-NEG,Place the Rubik's cube so that the bowl is higher than the Rubik's cube.,1779ad079338c6022e6dfbe58871c8a43d2602e38cabc5dab49c80d9b01feb36,20272942,1140,450,PLANNED_NOT_RELEASED,,,
SGW-01,HEIGHT-C20-D1-C-NEG,HEIGHT-C20-D1,D1,HEIGHT,C,HEIGHT-C20,4,C,-1,HEIGHT-C-NEG,Place the Rubik's cube so that the Rubik's cube is lower than the bowl.,335b224a7fea8536bce4e16df660317baf2116e3d334982b7309d9917f538828,20272942,1140,450,PLANNED_NOT_RELEASED,,,
SGW-01,HEIGHT-C20-D1-C-POS,HEIGHT-C20-D1,D1,HEIGHT,C,HEIGHT-C20,5,C,1,HEIGHT-C-POS,Place the Rubik's cube so that the Rubik's cube is higher than the bowl.,8e59d9145045e26dc9e4ee93a2bc9883b80326f7210b50ba3fd05121c6770b92,20272942,1140,450,PLANNED_NOT_RELEASED,,,
SGW-01,HEIGHT-C20-D1-D-NEG,HEIGHT-C20-D1,D1,HEIGHT,C,HEIGHT-C20,6,D,-1,HEIGHT-D-NEG,Put the Rubik's cube lower than the bowl.,2b2abd622acedd6dbf8622f31eb83c95afc00f352cbe145da1d4ddaecbc874ec,20272942,1140,450,PLANNED_NOT_RELEASED,,,
SGW-01,HEIGHT-C21-N3-D-POS,HEIGHT-C21-N3,N3,HEIGHT,C,HEIGHT-C21,1,D,1,HEIGHT-D-POS,Put the Rubik's cube higher than the bowl.,ce9ebbce2f97fc882431671fabdcabe285d4f778a18a6ce8ec9e401ace889aa0,20272943,2026093421,450,PLANNED_NOT_RELEASED,,,
SGW-01,HEIGHT-C21-N3-I-NEG,HEIGHT-C21-N3,N3,HEIGHT,C,HEIGHT-C21,2,I,-1,HEIGHT-I-NEG,Place the Rubik's cube so that the bowl is higher than the Rubik's cube.,1779ad079338c6022e6dfbe58871c8a43d2602e38cabc5dab49c80d9b01feb36,20272943,2026093421,450,PLANNED_NOT_RELEASED,,,
SGW-01,HEIGHT-C21-N3-C-NEG,HEIGHT-C21-N3,N3,HEIGHT,C,HEIGHT-C21,3,C,-1,HEIGHT-C-NEG,Place the Rubik's cube so that the Rubik's cube is lower than the bowl.,335b224a7fea8536bce4e16df660317baf2116e3d334982b7309d9917f538828,20272943,2026093421,450,PLANNED_NOT_RELEASED,,,
SGW-01,HEIGHT-C21-N3-C-POS,HEIGHT-C21-N3,N3,HEIGHT,C,HEIGHT-C21,4,C,1,HEIGHT-C-POS,Place the Rubik's cube so that the Rubik's cube is higher than the bowl.,8e59d9145045e26dc9e4ee93a2bc9883b80326f7210b50ba3fd05121c6770b92,20272943,2026093421,450,PLANNED_NOT_RELEASED,,,
SGW-01,HEIGHT-C21-N3-D-NEG,HEIGHT-C21-N3,N3,HEIGHT,C,HEIGHT-C21,5,D,-1,HEIGHT-D-NEG,Put the Rubik's cube lower than the bowl.,2b2abd622acedd6dbf8622f31eb83c95afc00f352cbe145da1d4ddaecbc874ec,20272943,2026093421,450,PLANNED_NOT_RELEASED,,,
SGW-01,HEIGHT-C21-N3-I-POS,HEIGHT-C21-N3,N3,HEIGHT,C,HEIGHT-C21,6,I,1,HEIGHT-I-POS,Place the Rubik's cube so that the bowl is lower than the Rubik's cube.,dc035ef9c00f5068092a80105a9c0ef3d77c103df7a1bb0c245a032d09d1014f,20272943,2026093421,450,PLANNED_NOT_RELEASED,,,
SGW-01,HEIGHT-C21-D1-D-POS,HEIGHT-C21-D1,D1,HEIGHT,C,HEIGHT-C21,1,D,1,HEIGHT-D-POS,Put the Rubik's cube higher than the bowl.,ce9ebbce2f97fc882431671fabdcabe285d4f778a18a6ce8ec9e401ace889aa0,20272943,1140,450,PLANNED_NOT_RELEASED,,,
SGW-01,HEIGHT-C21-D1-I-NEG,HEIGHT-C21-D1,D1,HEIGHT,C,HEIGHT-C21,2,I,-1,HEIGHT-I-NEG,Place the Rubik's cube so that the bowl is higher than the Rubik's cube.,1779ad079338c6022e6dfbe58871c8a43d2602e38cabc5dab49c80d9b01feb36,20272943,1140,450,PLANNED_NOT_RELEASED,,,
SGW-01,HEIGHT-C21-D1-C-NEG,HEIGHT-C21-D1,D1,HEIGHT,C,HEIGHT-C21,3,C,-1,HEIGHT-C-NEG,Place the Rubik's cube so that the Rubik's cube is lower than the bowl.,335b224a7fea8536bce4e16df660317baf2116e3d334982b7309d9917f538828,20272943,1140,450,PLANNED_NOT_RELEASED,,,
SGW-01,HEIGHT-C21-D1-C-POS,HEIGHT-C21-D1,D1,HEIGHT,C,HEIGHT-C21,4,C,1,HEIGHT-C-POS,Place the Rubik's cube so that the Rubik's cube is higher than the bowl.,8e59d9145045e26dc9e4ee93a2bc9883b80326f7210b50ba3fd05121c6770b92,20272943,1140,450,PLANNED_NOT_RELEASED,,,
SGW-01,HEIGHT-C21-D1-D-NEG,HEIGHT-C21-D1,D1,HEIGHT,C,HEIGHT-C21,5,D,-1,HEIGHT-D-NEG,Put the Rubik's cube lower than the bowl.,2b2abd622acedd6dbf8622f31eb83c95afc00f352cbe145da1d4ddaecbc874ec,20272943,1140,450,PLANNED_NOT_RELEASED,,,
SGW-01,HEIGHT-C21-D1-I-POS,HEIGHT-C21-D1,D1,HEIGHT,C,HEIGHT-C21,6,I,1,HEIGHT-I-POS,Place the Rubik's cube so that the bowl is lower than the Rubik's cube.,dc035ef9c00f5068092a80105a9c0ef3d77c103df7a1bb0c245a032d09d1014f,20272943,1140,450,PLANNED_NOT_RELEASED,,,
SGW-01,HEIGHT-C22-N3-I-NEG,HEIGHT-C22-N3,N3,HEIGHT,C,HEIGHT-C22,1,I,-1,HEIGHT-I-NEG,Place the Rubik's cube so that the bowl is higher than the Rubik's cube.,1779ad079338c6022e6dfbe58871c8a43d2602e38cabc5dab49c80d9b01feb36,20272944,2026093422,450,PLANNED_NOT_RELEASED,,,
SGW-01,HEIGHT-C22-N3-C-NEG,HEIGHT-C22-N3,N3,HEIGHT,C,HEIGHT-C22,2,C,-1,HEIGHT-C-NEG,Place the Rubik's cube so that the Rubik's cube is lower than the bowl.,335b224a7fea8536bce4e16df660317baf2116e3d334982b7309d9917f538828,20272944,2026093422,450,PLANNED_NOT_RELEASED,,,
SGW-01,HEIGHT-C22-N3-C-POS,HEIGHT-C22-N3,N3,HEIGHT,C,HEIGHT-C22,3,C,1,HEIGHT-C-POS,Place the Rubik's cube so that the Rubik's cube is higher than the bowl.,8e59d9145045e26dc9e4ee93a2bc9883b80326f7210b50ba3fd05121c6770b92,20272944,2026093422,450,PLANNED_NOT_RELEASED,,,
SGW-01,HEIGHT-C22-N3-D-NEG,HEIGHT-C22-N3,N3,HEIGHT,C,HEIGHT-C22,4,D,-1,HEIGHT-D-NEG,Put the Rubik's cube lower than the bowl.,2b2abd622acedd6dbf8622f31eb83c95afc00f352cbe145da1d4ddaecbc874ec,20272944,2026093422,450,PLANNED_NOT_RELEASED,,,
SGW-01,HEIGHT-C22-N3-I-POS,HEIGHT-C22-N3,N3,HEIGHT,C,HEIGHT-C22,5,I,1,HEIGHT-I-POS,Place the Rubik's cube so that the bowl is lower than the Rubik's cube.,dc035ef9c00f5068092a80105a9c0ef3d77c103df7a1bb0c245a032d09d1014f,20272944,2026093422,450,PLANNED_NOT_RELEASED,,,
SGW-01,HEIGHT-C22-N3-D-POS,HEIGHT-C22-N3,N3,HEIGHT,C,HEIGHT-C22,6,D,1,HEIGHT-D-POS,Put the Rubik's cube higher than the bowl.,ce9ebbce2f97fc882431671fabdcabe285d4f778a18a6ce8ec9e401ace889aa0,20272944,2026093422,450,PLANNED_NOT_RELEASED,,,
SGW-01,HEIGHT-C22-D1-I-NEG,HEIGHT-C22-D1,D1,HEIGHT,C,HEIGHT-C22,1,I,-1,HEIGHT-I-NEG,Place the Rubik's cube so that the bowl is higher than the Rubik's cube.,1779ad079338c6022e6dfbe58871c8a43d2602e38cabc5dab49c80d9b01feb36,20272944,1140,450,PLANNED_NOT_RELEASED,,,
SGW-01,HEIGHT-C22-D1-C-NEG,HEIGHT-C22-D1,D1,HEIGHT,C,HEIGHT-C22,2,C,-1,HEIGHT-C-NEG,Place the Rubik's cube so that the Rubik's cube is lower than the bowl.,335b224a7fea8536bce4e16df660317baf2116e3d334982b7309d9917f538828,20272944,1140,450,PLANNED_NOT_RELEASED,,,
SGW-01,HEIGHT-C22-D1-C-POS,HEIGHT-C22-D1,D1,HEIGHT,C,HEIGHT-C22,3,C,1,HEIGHT-C-POS,Place the Rubik's cube so that the Rubik's cube is higher than the bowl.,8e59d9145045e26dc9e4ee93a2bc9883b80326f7210b50ba3fd05121c6770b92,20272944,1140,450,PLANNED_NOT_RELEASED,,,
SGW-01,HEIGHT-C22-D1-D-NEG,HEIGHT-C22-D1,D1,HEIGHT,C,HEIGHT-C22,4,D,-1,HEIGHT-D-NEG,Put the Rubik's cube lower than the bowl.,2b2abd622acedd6dbf8622f31eb83c95afc00f352cbe145da1d4ddaecbc874ec,20272944,1140,450,PLANNED_NOT_RELEASED,,,
SGW-01,HEIGHT-C22-D1-I-POS,HEIGHT-C22-D1,D1,HEIGHT,C,HEIGHT-C22,5,I,1,HEIGHT-I-POS,Place the Rubik's cube so that the bowl is lower than the Rubik's cube.,dc035ef9c00f5068092a80105a9c0ef3d77c103df7a1bb0c245a032d09d1014f,20272944,1140,450,PLANNED_NOT_RELEASED,,,
SGW-01,HEIGHT-C22-D1-D-POS,HEIGHT-C22-D1,D1,HEIGHT,C,HEIGHT-C22,6,D,1,HEIGHT-D-POS,Put the Rubik's cube higher than the bowl.,ce9ebbce2f97fc882431671fabdcabe285d4f778a18a6ce8ec9e401ace889aa0,20272944,1140,450,PLANNED_NOT_RELEASED,,,
SGW-01,HEIGHT-C23-N3-C-NEG,HEIGHT-C23-N3,N3,HEIGHT,C,HEIGHT-C23,1,C,-1,HEIGHT-C-NEG,Place the Rubik's cube so that the Rubik's cube is lower than the bowl.,335b224a7fea8536bce4e16df660317baf2116e3d334982b7309d9917f538828,20272945,2026093423,450,PLANNED_NOT_RELEASED,,,
SGW-01,HEIGHT-C23-N3-C-POS,HEIGHT-C23-N3,N3,HEIGHT,C,HEIGHT-C23,2,C,1,HEIGHT-C-POS,Place the Rubik's cube so that the Rubik's cube is higher than the bowl.,8e59d9145045e26dc9e4ee93a2bc9883b80326f7210b50ba3fd05121c6770b92,20272945,2026093423,450,PLANNED_NOT_RELEASED,,,
SGW-01,HEIGHT-C23-N3-D-NEG,HEIGHT-C23-N3,N3,HEIGHT,C,HEIGHT-C23,3,D,-1,HEIGHT-D-NEG,Put the Rubik's cube lower than the bowl.,2b2abd622acedd6dbf8622f31eb83c95afc00f352cbe145da1d4ddaecbc874ec,20272945,2026093423,450,PLANNED_NOT_RELEASED,,,
SGW-01,HEIGHT-C23-N3-I-POS,HEIGHT-C23-N3,N3,HEIGHT,C,HEIGHT-C23,4,I,1,HEIGHT-I-POS,Place the Rubik's cube so that the bowl is lower than the Rubik's cube.,dc035ef9c00f5068092a80105a9c0ef3d77c103df7a1bb0c245a032d09d1014f,20272945,2026093423,450,PLANNED_NOT_RELEASED,,,
SGW-01,HEIGHT-C23-N3-D-POS,HEIGHT-C23-N3,N3,HEIGHT,C,HEIGHT-C23,5,D,1,HEIGHT-D-POS,Put the Rubik's cube higher than the bowl.,ce9ebbce2f97fc882431671fabdcabe285d4f778a18a6ce8ec9e401ace889aa0,20272945,2026093423,450,PLANNED_NOT_RELEASED,,,
SGW-01,HEIGHT-C23-N3-I-NEG,HEIGHT-C23-N3,N3,HEIGHT,C,HEIGHT-C23,6,I,-1,HEIGHT-I-NEG,Place the Rubik's cube so that the bowl is higher than the Rubik's cube.,1779ad079338c6022e6dfbe58871c8a43d2602e38cabc5dab49c80d9b01feb36,20272945,2026093423,450,PLANNED_NOT_RELEASED,,,
SGW-01,HEIGHT-C23-D1-C-NEG,HEIGHT-C23-D1,D1,HEIGHT,C,HEIGHT-C23,1,C,-1,HEIGHT-C-NEG,Place the Rubik's cube so that the Rubik's cube is lower than the bowl.,335b224a7fea8536bce4e16df660317baf2116e3d334982b7309d9917f538828,20272945,1140,450,PLANNED_NOT_RELEASED,,,
SGW-01,HEIGHT-C23-D1-C-POS,HEIGHT-C23-D1,D1,HEIGHT,C,HEIGHT-C23,2,C,1,HEIGHT-C-POS,Place the Rubik's cube so that the Rubik's cube is higher than the bowl.,8e59d9145045e26dc9e4ee93a2bc9883b80326f7210b50ba3fd05121c6770b92,20272945,1140,450,PLANNED_NOT_RELEASED,,,
SGW-01,HEIGHT-C23-D1-D-NEG,HEIGHT-C23-D1,D1,HEIGHT,C,HEIGHT-C23,3,D,-1,HEIGHT-D-NEG,Put the Rubik's cube lower than the bowl.,2b2abd622acedd6dbf8622f31eb83c95afc00f352cbe145da1d4ddaecbc874ec,20272945,1140,450,PLANNED_NOT_RELEASED,,,
SGW-01,HEIGHT-C23-D1-I-POS,HEIGHT-C23-D1,D1,HEIGHT,C,HEIGHT-C23,4,I,1,HEIGHT-I-POS,Place the Rubik's cube so that the bowl is lower than the Rubik's cube.,dc035ef9c00f5068092a80105a9c0ef3d77c103df7a1bb0c245a032d09d1014f,20272945,1140,450,PLANNED_NOT_RELEASED,,,
SGW-01,HEIGHT-C23-D1-D-POS,HEIGHT-C23-D1,D1,HEIGHT,C,HEIGHT-C23,5,D,1,HEIGHT-D-POS,Put the Rubik's cube higher than the bowl.,ce9ebbce2f97fc882431671fabdcabe285d4f778a18a6ce8ec9e401ace889aa0,20272945,1140,450,PLANNED_NOT_RELEASED,,,
SGW-01,HEIGHT-C23-D1-I-NEG,HEIGHT-C23-D1,D1,HEIGHT,C,HEIGHT-C23,6,I,-1,HEIGHT-I-NEG,Place the Rubik's cube so that the bowl is higher than the Rubik's cube.,1779ad079338c6022e6dfbe58871c8a43d2602e38cabc5dab49c80d9b01feb36,20272945,1140,450,PLANNED_NOT_RELEASED,,,
SGW-01,HEIGHT-C24-N3-C-POS,HEIGHT-C24-N3,N3,HEIGHT,C,HEIGHT-C24,1,C,1,HEIGHT-C-POS,Place the Rubik's cube so that the Rubik's cube is higher than the bowl.,8e59d9145045e26dc9e4ee93a2bc9883b80326f7210b50ba3fd05121c6770b92,20272946,2026093424,450,PLANNED_NOT_RELEASED,,,
SGW-01,HEIGHT-C24-N3-D-NEG,HEIGHT-C24-N3,N3,HEIGHT,C,HEIGHT-C24,2,D,-1,HEIGHT-D-NEG,Put the Rubik's cube lower than the bowl.,2b2abd622acedd6dbf8622f31eb83c95afc00f352cbe145da1d4ddaecbc874ec,20272946,2026093424,450,PLANNED_NOT_RELEASED,,,
SGW-01,HEIGHT-C24-N3-I-POS,HEIGHT-C24-N3,N3,HEIGHT,C,HEIGHT-C24,3,I,1,HEIGHT-I-POS,Place the Rubik's cube so that the bowl is lower than the Rubik's cube.,dc035ef9c00f5068092a80105a9c0ef3d77c103df7a1bb0c245a032d09d1014f,20272946,2026093424,450,PLANNED_NOT_RELEASED,,,
SGW-01,HEIGHT-C24-N3-D-POS,HEIGHT-C24-N3,N3,HEIGHT,C,HEIGHT-C24,4,D,1,HEIGHT-D-POS,Put the Rubik's cube higher than the bowl.,ce9ebbce2f97fc882431671fabdcabe285d4f778a18a6ce8ec9e401ace889aa0,20272946,2026093424,450,PLANNED_NOT_RELEASED,,,
SGW-01,HEIGHT-C24-N3-I-NEG,HEIGHT-C24-N3,N3,HEIGHT,C,HEIGHT-C24,5,I,-1,HEIGHT-I-NEG,Place the Rubik's cube so that the bowl is higher than the Rubik's cube.,1779ad079338c6022e6dfbe58871c8a43d2602e38cabc5dab49c80d9b01feb36,20272946,2026093424,450,PLANNED_NOT_RELEASED,,,
SGW-01,HEIGHT-C24-N3-C-NEG,HEIGHT-C24-N3,N3,HEIGHT,C,HEIGHT-C24,6,C,-1,HEIGHT-C-NEG,Place the Rubik's cube so that the Rubik's cube is lower than the bowl.,335b224a7fea8536bce4e16df660317baf2116e3d334982b7309d9917f538828,20272946,2026093424,450,PLANNED_NOT_RELEASED,,,
SGW-01,HEIGHT-C24-D1-C-POS,HEIGHT-C24-D1,D1,HEIGHT,C,HEIGHT-C24,1,C,1,HEIGHT-C-POS,Place the Rubik's cube so that the Rubik's cube is higher than the bowl.,8e59d9145045e26dc9e4ee93a2bc9883b80326f7210b50ba3fd05121c6770b92,20272946,1140,450,PLANNED_NOT_RELEASED,,,
SGW-01,HEIGHT-C24-D1-D-NEG,HEIGHT-C24-D1,D1,HEIGHT,C,HEIGHT-C24,2,D,-1,HEIGHT-D-NEG,Put the Rubik's cube lower than the bowl.,2b2abd622acedd6dbf8622f31eb83c95afc00f352cbe145da1d4ddaecbc874ec,20272946,1140,450,PLANNED_NOT_RELEASED,,,
SGW-01,HEIGHT-C24-D1-I-POS,HEIGHT-C24-D1,D1,HEIGHT,C,HEIGHT-C24,3,I,1,HEIGHT-I-POS,Place the Rubik's cube so that the bowl is lower than the Rubik's cube.,dc035ef9c00f5068092a80105a9c0ef3d77c103df7a1bb0c245a032d09d1014f,20272946,1140,450,PLANNED_NOT_RELEASED,,,
SGW-01,HEIGHT-C24-D1-D-POS,HEIGHT-C24-D1,D1,HEIGHT,C,HEIGHT-C24,4,D,1,HEIGHT-D-POS,Put the Rubik's cube higher than the bowl.,ce9ebbce2f97fc882431671fabdcabe285d4f778a18a6ce8ec9e401ace889aa0,20272946,1140,450,PLANNED_NOT_RELEASED,,,
SGW-01,HEIGHT-C24-D1-I-NEG,HEIGHT-C24-D1,D1,HEIGHT,C,HEIGHT-C24,5,I,-1,HEIGHT-I-NEG,Place the Rubik's cube so that the bowl is higher than the Rubik's cube.,1779ad079338c6022e6dfbe58871c8a43d2602e38cabc5dab49c80d9b01feb36,20272946,1140,450,PLANNED_NOT_RELEASED,,,
SGW-01,HEIGHT-C24-D1-C-NEG,HEIGHT-C24-D1,D1,HEIGHT,C,HEIGHT-C24,6,C,-1,HEIGHT-C-NEG,Place the Rubik's cube so that the Rubik's cube is lower than the bowl.,335b224a7fea8536bce4e16df660317baf2116e3d334982b7309d9917f538828,20272946,1140,450,PLANNED_NOT_RELEASED,,,
SGW-01,DIST-P01-N3-I-POS,DIST-P01-N3,N3,DIST,P,DIST-P01,1,I,1,DIST-I-POS,Place the Rubik's cube so that the plate is farther from the Rubik's cube than the bowl is.,3e011187af0c5c0f9a62b4665832bd7791e0ed63b2c261a8f5d808c87b94df4d,20280923,2026094201,450,PLANNED_NOT_RELEASED,,,
SGW-01,DIST-P01-N3-D-NEG,DIST-P01-N3,N3,DIST,P,DIST-P01,2,D,-1,DIST-D-NEG,Put the Rubik's cube farther from the bowl than from the plate.,e3dcc7b1c13045a2fc4306264c2167ac2ced3805378bf0f7004f394362a49dc4,20280923,2026094201,450,PLANNED_NOT_RELEASED,,,
SGW-01,DIST-P01-N3-I-NEG,DIST-P01-N3,N3,DIST,P,DIST-P01,3,I,-1,DIST-I-NEG,Place the Rubik's cube so that the plate is closer to the Rubik's cube than the bowl is.,bd9eeb259b1c6a7e78f164ec5459e617b27bb73b121b3481b0877be16d1cd0e1,20280923,2026094201,450,PLANNED_NOT_RELEASED,,,
SGW-01,DIST-P01-N3-C-POS,DIST-P01-N3,N3,DIST,P,DIST-P01,4,C,1,DIST-C-POS,Place the Rubik's cube so that the Rubik's cube is closer to the bowl than to the plate.,f6c7780137e89e8c64b53f236fc06864679d0e08b43f7ea8a94ec2446e26b807,20280923,2026094201,450,PLANNED_NOT_RELEASED,,,
SGW-01,DIST-P01-N3-D-POS,DIST-P01-N3,N3,DIST,P,DIST-P01,5,D,1,DIST-D-POS,Put the Rubik's cube closer to the bowl than to the plate.,57d806ebfe36da3ee1c425394659431146daa594a94ca1d704cf33ed2161f1a1,20280923,2026094201,450,PLANNED_NOT_RELEASED,,,
SGW-01,DIST-P01-N3-C-NEG,DIST-P01-N3,N3,DIST,P,DIST-P01,6,C,-1,DIST-C-NEG,Place the Rubik's cube so that the Rubik's cube is farther from the bowl than from the plate.,c0f8bb282b55cc737dfae48cc75967bbbf607aa2136ae5cde5a6da9d3208b149,20280923,2026094201,450,PLANNED_NOT_RELEASED,,,
SGW-01,DIST-P01-D1-I-POS,DIST-P01-D1,D1,DIST,P,DIST-P01,1,I,1,DIST-I-POS,Place the Rubik's cube so that the plate is farther from the Rubik's cube than the bowl is.,3e011187af0c5c0f9a62b4665832bd7791e0ed63b2c261a8f5d808c87b94df4d,20280923,1140,450,PLANNED_NOT_RELEASED,,,
SGW-01,DIST-P01-D1-D-NEG,DIST-P01-D1,D1,DIST,P,DIST-P01,2,D,-1,DIST-D-NEG,Put the Rubik's cube farther from the bowl than from the plate.,e3dcc7b1c13045a2fc4306264c2167ac2ced3805378bf0f7004f394362a49dc4,20280923,1140,450,PLANNED_NOT_RELEASED,,,
SGW-01,DIST-P01-D1-I-NEG,DIST-P01-D1,D1,DIST,P,DIST-P01,3,I,-1,DIST-I-NEG,Place the Rubik's cube so that the plate is closer to the Rubik's cube than the bowl is.,bd9eeb259b1c6a7e78f164ec5459e617b27bb73b121b3481b0877be16d1cd0e1,20280923,1140,450,PLANNED_NOT_RELEASED,,,
SGW-01,DIST-P01-D1-C-POS,DIST-P01-D1,D1,DIST,P,DIST-P01,4,C,1,DIST-C-POS,Place the Rubik's cube so that the Rubik's cube is closer to the bowl than to the plate.,f6c7780137e89e8c64b53f236fc06864679d0e08b43f7ea8a94ec2446e26b807,20280923,1140,450,PLANNED_NOT_RELEASED,,,
SGW-01,DIST-P01-D1-D-POS,DIST-P01-D1,D1,DIST,P,DIST-P01,5,D,1,DIST-D-POS,Put the Rubik's cube closer to the bowl than to the plate.,57d806ebfe36da3ee1c425394659431146daa594a94ca1d704cf33ed2161f1a1,20280923,1140,450,PLANNED_NOT_RELEASED,,,
SGW-01,DIST-P01-D1-C-NEG,DIST-P01-D1,D1,DIST,P,DIST-P01,6,C,-1,DIST-C-NEG,Place the Rubik's cube so that the Rubik's cube is farther from the bowl than from the plate.,c0f8bb282b55cc737dfae48cc75967bbbf607aa2136ae5cde5a6da9d3208b149,20280923,1140,450,PLANNED_NOT_RELEASED,,,
SGW-01,DIST-D01-N3-C-POS,DIST-D01-N3,N3,DIST,D,DIST-D01,1,C,1,DIST-C-POS,Place the Rubik's cube so that the Rubik's cube is closer to the bowl than to the plate.,f6c7780137e89e8c64b53f236fc06864679d0e08b43f7ea8a94ec2446e26b807,20281923,2026094301,450,PLANNED_NOT_RELEASED,,,
SGW-01,DIST-D01-N3-D-POS,DIST-D01-N3,N3,DIST,D,DIST-D01,2,D,1,DIST-D-POS,Put the Rubik's cube closer to the bowl than to the plate.,57d806ebfe36da3ee1c425394659431146daa594a94ca1d704cf33ed2161f1a1,20281923,2026094301,450,PLANNED_NOT_RELEASED,,,
SGW-01,DIST-D01-N3-D-NEG,DIST-D01-N3,N3,DIST,D,DIST-D01,3,D,-1,DIST-D-NEG,Put the Rubik's cube farther from the bowl than from the plate.,e3dcc7b1c13045a2fc4306264c2167ac2ced3805378bf0f7004f394362a49dc4,20281923,2026094301,450,PLANNED_NOT_RELEASED,,,
SGW-01,DIST-D01-N3-C-NEG,DIST-D01-N3,N3,DIST,D,DIST-D01,4,C,-1,DIST-C-NEG,Place the Rubik's cube so that the Rubik's cube is farther from the bowl than from the plate.,c0f8bb282b55cc737dfae48cc75967bbbf607aa2136ae5cde5a6da9d3208b149,20281923,2026094301,450,PLANNED_NOT_RELEASED,,,
SGW-01,DIST-D01-N3-I-NEG,DIST-D01-N3,N3,DIST,D,DIST-D01,5,I,-1,DIST-I-NEG,Place the Rubik's cube so that the plate is closer to the Rubik's cube than the bowl is.,bd9eeb259b1c6a7e78f164ec5459e617b27bb73b121b3481b0877be16d1cd0e1,20281923,2026094301,450,PLANNED_NOT_RELEASED,,,
SGW-01,DIST-D01-N3-I-POS,DIST-D01-N3,N3,DIST,D,DIST-D01,6,I,1,DIST-I-POS,Place the Rubik's cube so that the plate is farther from the Rubik's cube than the bowl is.,3e011187af0c5c0f9a62b4665832bd7791e0ed63b2c261a8f5d808c87b94df4d,20281923,2026094301,450,PLANNED_NOT_RELEASED,,,
SGW-01,DIST-D01-D1-C-POS,DIST-D01-D1,D1,DIST,D,DIST-D01,1,C,1,DIST-C-POS,Place the Rubik's cube so that the Rubik's cube is closer to the bowl than to the plate.,f6c7780137e89e8c64b53f236fc06864679d0e08b43f7ea8a94ec2446e26b807,20281923,1140,450,PLANNED_NOT_RELEASED,,,
SGW-01,DIST-D01-D1-D-POS,DIST-D01-D1,D1,DIST,D,DIST-D01,2,D,1,DIST-D-POS,Put the Rubik's cube closer to the bowl than to the plate.,57d806ebfe36da3ee1c425394659431146daa594a94ca1d704cf33ed2161f1a1,20281923,1140,450,PLANNED_NOT_RELEASED,,,
SGW-01,DIST-D01-D1-D-NEG,DIST-D01-D1,D1,DIST,D,DIST-D01,3,D,-1,DIST-D-NEG,Put the Rubik's cube farther from the bowl than from the plate.,e3dcc7b1c13045a2fc4306264c2167ac2ced3805378bf0f7004f394362a49dc4,20281923,1140,450,PLANNED_NOT_RELEASED,,,
SGW-01,DIST-D01-D1-C-NEG,DIST-D01-D1,D1,DIST,D,DIST-D01,4,C,-1,DIST-C-NEG,Place the Rubik's cube so that the Rubik's cube is farther from the bowl than from the plate.,c0f8bb282b55cc737dfae48cc75967bbbf607aa2136ae5cde5a6da9d3208b149,20281923,1140,450,PLANNED_NOT_RELEASED,,,
SGW-01,DIST-D01-D1-I-NEG,DIST-D01-D1,D1,DIST,D,DIST-D01,5,I,-1,DIST-I-NEG,Place the Rubik's cube so that the plate is closer to the Rubik's cube than the bowl is.,bd9eeb259b1c6a7e78f164ec5459e617b27bb73b121b3481b0877be16d1cd0e1,20281923,1140,450,PLANNED_NOT_RELEASED,,,
SGW-01,DIST-D01-D1-I-POS,DIST-D01-D1,D1,DIST,D,DIST-D01,6,I,1,DIST-I-POS,Place the Rubik's cube so that the plate is farther from the Rubik's cube than the bowl is.,3e011187af0c5c0f9a62b4665832bd7791e0ed63b2c261a8f5d808c87b94df4d,20281923,1140,450,PLANNED_NOT_RELEASED,,,
SGW-01,DIST-D02-N3-D-POS,DIST-D02-N3,N3,DIST,D,DIST-D02,1,D,1,DIST-D-POS,Put the Rubik's cube closer to the bowl than to the plate.,57d806ebfe36da3ee1c425394659431146daa594a94ca1d704cf33ed2161f1a1,20281924,2026094302,450,PLANNED_NOT_RELEASED,,,
SGW-01,DIST-D02-N3-D-NEG,DIST-D02-N3,N3,DIST,D,DIST-D02,2,D,-1,DIST-D-NEG,Put the Rubik's cube farther from the bowl than from the plate.,e3dcc7b1c13045a2fc4306264c2167ac2ced3805378bf0f7004f394362a49dc4,20281924,2026094302,450,PLANNED_NOT_RELEASED,,,
SGW-01,DIST-D02-N3-C-NEG,DIST-D02-N3,N3,DIST,D,DIST-D02,3,C,-1,DIST-C-NEG,Place the Rubik's cube so that the Rubik's cube is farther from the bowl than from the plate.,c0f8bb282b55cc737dfae48cc75967bbbf607aa2136ae5cde5a6da9d3208b149,20281924,2026094302,450,PLANNED_NOT_RELEASED,,,
SGW-01,DIST-D02-N3-I-NEG,DIST-D02-N3,N3,DIST,D,DIST-D02,4,I,-1,DIST-I-NEG,Place the Rubik's cube so that the plate is closer to the Rubik's cube than the bowl is.,bd9eeb259b1c6a7e78f164ec5459e617b27bb73b121b3481b0877be16d1cd0e1,20281924,2026094302,450,PLANNED_NOT_RELEASED,,,
SGW-01,DIST-D02-N3-I-POS,DIST-D02-N3,N3,DIST,D,DIST-D02,5,I,1,DIST-I-POS,Place the Rubik's cube so that the plate is farther from the Rubik's cube than the bowl is.,3e011187af0c5c0f9a62b4665832bd7791e0ed63b2c261a8f5d808c87b94df4d,20281924,2026094302,450,PLANNED_NOT_RELEASED,,,
SGW-01,DIST-D02-N3-C-POS,DIST-D02-N3,N3,DIST,D,DIST-D02,6,C,1,DIST-C-POS,Place the Rubik's cube so that the Rubik's cube is closer to the bowl than to the plate.,f6c7780137e89e8c64b53f236fc06864679d0e08b43f7ea8a94ec2446e26b807,20281924,2026094302,450,PLANNED_NOT_RELEASED,,,
SGW-01,DIST-D02-D1-D-POS,DIST-D02-D1,D1,DIST,D,DIST-D02,1,D,1,DIST-D-POS,Put the Rubik's cube closer to the bowl than to the plate.,57d806ebfe36da3ee1c425394659431146daa594a94ca1d704cf33ed2161f1a1,20281924,1140,450,PLANNED_NOT_RELEASED,,,
SGW-01,DIST-D02-D1-D-NEG,DIST-D02-D1,D1,DIST,D,DIST-D02,2,D,-1,DIST-D-NEG,Put the Rubik's cube farther from the bowl than from the plate.,e3dcc7b1c13045a2fc4306264c2167ac2ced3805378bf0f7004f394362a49dc4,20281924,1140,450,PLANNED_NOT_RELEASED,,,
SGW-01,DIST-D02-D1-C-NEG,DIST-D02-D1,D1,DIST,D,DIST-D02,3,C,-1,DIST-C-NEG,Place the Rubik's cube so that the Rubik's cube is farther from the bowl than from the plate.,c0f8bb282b55cc737dfae48cc75967bbbf607aa2136ae5cde5a6da9d3208b149,20281924,1140,450,PLANNED_NOT_RELEASED,,,
SGW-01,DIST-D02-D1-I-NEG,DIST-D02-D1,D1,DIST,D,DIST-D02,4,I,-1,DIST-I-NEG,Place the Rubik's cube so that the plate is closer to the Rubik's cube than the bowl is.,bd9eeb259b1c6a7e78f164ec5459e617b27bb73b121b3481b0877be16d1cd0e1,20281924,1140,450,PLANNED_NOT_RELEASED,,,
SGW-01,DIST-D02-D1-I-POS,DIST-D02-D1,D1,DIST,D,DIST-D02,5,I,1,DIST-I-POS,Place the Rubik's cube so that the plate is farther from the Rubik's cube than the bowl is.,3e011187af0c5c0f9a62b4665832bd7791e0ed63b2c261a8f5d808c87b94df4d,20281924,1140,450,PLANNED_NOT_RELEASED,,,
SGW-01,DIST-D02-D1-C-POS,DIST-D02-D1,D1,DIST,D,DIST-D02,6,C,1,DIST-C-POS,Place the Rubik's cube so that the Rubik's cube is closer to the bowl than to the plate.,f6c7780137e89e8c64b53f236fc06864679d0e08b43f7ea8a94ec2446e26b807,20281924,1140,450,PLANNED_NOT_RELEASED,,,
SGW-01,DIST-D03-N3-D-NEG,DIST-D03-N3,N3,DIST,D,DIST-D03,1,D,-1,DIST-D-NEG,Put the Rubik's cube farther from the bowl than from the plate.,e3dcc7b1c13045a2fc4306264c2167ac2ced3805378bf0f7004f394362a49dc4,20281925,2026094303,450,PLANNED_NOT_RELEASED,,,
SGW-01,DIST-D03-N3-C-NEG,DIST-D03-N3,N3,DIST,D,DIST-D03,2,C,-1,DIST-C-NEG,Place the Rubik's cube so that the Rubik's cube is farther from the bowl than from the plate.,c0f8bb282b55cc737dfae48cc75967bbbf607aa2136ae5cde5a6da9d3208b149,20281925,2026094303,450,PLANNED_NOT_RELEASED,,,
SGW-01,DIST-D03-N3-I-NEG,DIST-D03-N3,N3,DIST,D,DIST-D03,3,I,-1,DIST-I-NEG,Place the Rubik's cube so that the plate is closer to the Rubik's cube than the bowl is.,bd9eeb259b1c6a7e78f164ec5459e617b27bb73b121b3481b0877be16d1cd0e1,20281925,2026094303,450,PLANNED_NOT_RELEASED,,,
SGW-01,DIST-D03-N3-I-POS,DIST-D03-N3,N3,DIST,D,DIST-D03,4,I,1,DIST-I-POS,Place the Rubik's cube so that the plate is farther from the Rubik's cube than the bowl is.,3e011187af0c5c0f9a62b4665832bd7791e0ed63b2c261a8f5d808c87b94df4d,20281925,2026094303,450,PLANNED_NOT_RELEASED,,,
SGW-01,DIST-D03-N3-C-POS,DIST-D03-N3,N3,DIST,D,DIST-D03,5,C,1,DIST-C-POS,Place the Rubik's cube so that the Rubik's cube is closer to the bowl than to the plate.,f6c7780137e89e8c64b53f236fc06864679d0e08b43f7ea8a94ec2446e26b807,20281925,2026094303,450,PLANNED_NOT_RELEASED,,,
SGW-01,DIST-D03-N3-D-POS,DIST-D03-N3,N3,DIST,D,DIST-D03,6,D,1,DIST-D-POS,Put the Rubik's cube closer to the bowl than to the plate.,57d806ebfe36da3ee1c425394659431146daa594a94ca1d704cf33ed2161f1a1,20281925,2026094303,450,PLANNED_NOT_RELEASED,,,
SGW-01,DIST-D03-D1-D-NEG,DIST-D03-D1,D1,DIST,D,DIST-D03,1,D,-1,DIST-D-NEG,Put the Rubik's cube farther from the bowl than from the plate.,e3dcc7b1c13045a2fc4306264c2167ac2ced3805378bf0f7004f394362a49dc4,20281925,1140,450,PLANNED_NOT_RELEASED,,,
SGW-01,DIST-D03-D1-C-NEG,DIST-D03-D1,D1,DIST,D,DIST-D03,2,C,-1,DIST-C-NEG,Place the Rubik's cube so that the Rubik's cube is farther from the bowl than from the plate.,c0f8bb282b55cc737dfae48cc75967bbbf607aa2136ae5cde5a6da9d3208b149,20281925,1140,450,PLANNED_NOT_RELEASED,,,
SGW-01,DIST-D03-D1-I-NEG,DIST-D03-D1,D1,DIST,D,DIST-D03,3,I,-1,DIST-I-NEG,Place the Rubik's cube so that the plate is closer to the Rubik's cube than the bowl is.,bd9eeb259b1c6a7e78f164ec5459e617b27bb73b121b3481b0877be16d1cd0e1,20281925,1140,450,PLANNED_NOT_RELEASED,,,
SGW-01,DIST-D03-D1-I-POS,DIST-D03-D1,D1,DIST,D,DIST-D03,4,I,1,DIST-I-POS,Place the Rubik's cube so that the plate is farther from the Rubik's cube than the bowl is.,3e011187af0c5c0f9a62b4665832bd7791e0ed63b2c261a8f5d808c87b94df4d,20281925,1140,450,PLANNED_NOT_RELEASED,,,
SGW-01,DIST-D03-D1-C-POS,DIST-D03-D1,D1,DIST,D,DIST-D03,5,C,1,DIST-C-POS,Place the Rubik's cube so that the Rubik's cube is closer to the bowl than to the plate.,f6c7780137e89e8c64b53f236fc06864679d0e08b43f7ea8a94ec2446e26b807,20281925,1140,450,PLANNED_NOT_RELEASED,,,
SGW-01,DIST-D03-D1-D-POS,DIST-D03-D1,D1,DIST,D,DIST-D03,6,D,1,DIST-D-POS,Put the Rubik's cube closer to the bowl than to the plate.,57d806ebfe36da3ee1c425394659431146daa594a94ca1d704cf33ed2161f1a1,20281925,1140,450,PLANNED_NOT_RELEASED,,,
SGW-01,DIST-D04-N3-C-NEG,DIST-D04-N3,N3,DIST,D,DIST-D04,1,C,-1,DIST-C-NEG,Place the Rubik's cube so that the Rubik's cube is farther from the bowl than from the plate.,c0f8bb282b55cc737dfae48cc75967bbbf607aa2136ae5cde5a6da9d3208b149,20281926,2026094304,450,PLANNED_NOT_RELEASED,,,
SGW-01,DIST-D04-N3-I-NEG,DIST-D04-N3,N3,DIST,D,DIST-D04,2,I,-1,DIST-I-NEG,Place the Rubik's cube so that the plate is closer to the Rubik's cube than the bowl is.,bd9eeb259b1c6a7e78f164ec5459e617b27bb73b121b3481b0877be16d1cd0e1,20281926,2026094304,450,PLANNED_NOT_RELEASED,,,
SGW-01,DIST-D04-N3-I-POS,DIST-D04-N3,N3,DIST,D,DIST-D04,3,I,1,DIST-I-POS,Place the Rubik's cube so that the plate is farther from the Rubik's cube than the bowl is.,3e011187af0c5c0f9a62b4665832bd7791e0ed63b2c261a8f5d808c87b94df4d,20281926,2026094304,450,PLANNED_NOT_RELEASED,,,
SGW-01,DIST-D04-N3-C-POS,DIST-D04-N3,N3,DIST,D,DIST-D04,4,C,1,DIST-C-POS,Place the Rubik's cube so that the Rubik's cube is closer to the bowl than to the plate.,f6c7780137e89e8c64b53f236fc06864679d0e08b43f7ea8a94ec2446e26b807,20281926,2026094304,450,PLANNED_NOT_RELEASED,,,
SGW-01,DIST-D04-N3-D-POS,DIST-D04-N3,N3,DIST,D,DIST-D04,5,D,1,DIST-D-POS,Put the Rubik's cube closer to the bowl than to the plate.,57d806ebfe36da3ee1c425394659431146daa594a94ca1d704cf33ed2161f1a1,20281926,2026094304,450,PLANNED_NOT_RELEASED,,,
SGW-01,DIST-D04-N3-D-NEG,DIST-D04-N3,N3,DIST,D,DIST-D04,6,D,-1,DIST-D-NEG,Put the Rubik's cube farther from the bowl than from the plate.,e3dcc7b1c13045a2fc4306264c2167ac2ced3805378bf0f7004f394362a49dc4,20281926,2026094304,450,PLANNED_NOT_RELEASED,,,
SGW-01,DIST-D04-D1-C-NEG,DIST-D04-D1,D1,DIST,D,DIST-D04,1,C,-1,DIST-C-NEG,Place the Rubik's cube so that the Rubik's cube is farther from the bowl than from the plate.,c0f8bb282b55cc737dfae48cc75967bbbf607aa2136ae5cde5a6da9d3208b149,20281926,1140,450,PLANNED_NOT_RELEASED,,,
SGW-01,DIST-D04-D1-I-NEG,DIST-D04-D1,D1,DIST,D,DIST-D04,2,I,-1,DIST-I-NEG,Place the Rubik's cube so that the plate is closer to the Rubik's cube than the bowl is.,bd9eeb259b1c6a7e78f164ec5459e617b27bb73b121b3481b0877be16d1cd0e1,20281926,1140,450,PLANNED_NOT_RELEASED,,,
SGW-01,DIST-D04-D1-I-POS,DIST-D04-D1,D1,DIST,D,DIST-D04,3,I,1,DIST-I-POS,Place the Rubik's cube so that the plate is farther from the Rubik's cube than the bowl is.,3e011187af0c5c0f9a62b4665832bd7791e0ed63b2c261a8f5d808c87b94df4d,20281926,1140,450,PLANNED_NOT_RELEASED,,,
SGW-01,DIST-D04-D1-C-POS,DIST-D04-D1,D1,DIST,D,DIST-D04,4,C,1,DIST-C-POS,Place the Rubik's cube so that the Rubik's cube is closer to the bowl than to the plate.,f6c7780137e89e8c64b53f236fc06864679d0e08b43f7ea8a94ec2446e26b807,20281926,1140,450,PLANNED_NOT_RELEASED,,,
SGW-01,DIST-D04-D1-D-POS,DIST-D04-D1,D1,DIST,D,DIST-D04,5,D,1,DIST-D-POS,Put the Rubik's cube closer to the bowl than to the plate.,57d806ebfe36da3ee1c425394659431146daa594a94ca1d704cf33ed2161f1a1,20281926,1140,450,PLANNED_NOT_RELEASED,,,
SGW-01,DIST-D04-D1-D-NEG,DIST-D04-D1,D1,DIST,D,DIST-D04,6,D,-1,DIST-D-NEG,Put the Rubik's cube farther from the bowl than from the plate.,e3dcc7b1c13045a2fc4306264c2167ac2ced3805378bf0f7004f394362a49dc4,20281926,1140,450,PLANNED_NOT_RELEASED,,,
SGW-01,DIST-C01-N3-C-NEG,DIST-C01-N3,N3,DIST,C,DIST-C01,1,C,-1,DIST-C-NEG,Place the Rubik's cube so that the Rubik's cube is farther from the bowl than from the plate.,c0f8bb282b55cc737dfae48cc75967bbbf607aa2136ae5cde5a6da9d3208b149,20282923,2026094401,450,PLANNED_NOT_RELEASED,,,
SGW-01,DIST-C01-N3-C-POS,DIST-C01-N3,N3,DIST,C,DIST-C01,2,C,1,DIST-C-POS,Place the Rubik's cube so that the Rubik's cube is closer to the bowl than to the plate.,f6c7780137e89e8c64b53f236fc06864679d0e08b43f7ea8a94ec2446e26b807,20282923,2026094401,450,PLANNED_NOT_RELEASED,,,
SGW-01,DIST-C01-N3-D-POS,DIST-C01-N3,N3,DIST,C,DIST-C01,3,D,1,DIST-D-POS,Put the Rubik's cube closer to the bowl than to the plate.,57d806ebfe36da3ee1c425394659431146daa594a94ca1d704cf33ed2161f1a1,20282923,2026094401,450,PLANNED_NOT_RELEASED,,,
SGW-01,DIST-C01-N3-I-POS,DIST-C01-N3,N3,DIST,C,DIST-C01,4,I,1,DIST-I-POS,Place the Rubik's cube so that the plate is farther from the Rubik's cube than the bowl is.,3e011187af0c5c0f9a62b4665832bd7791e0ed63b2c261a8f5d808c87b94df4d,20282923,2026094401,450,PLANNED_NOT_RELEASED,,,
SGW-01,DIST-C01-N3-D-NEG,DIST-C01-N3,N3,DIST,C,DIST-C01,5,D,-1,DIST-D-NEG,Put the Rubik's cube farther from the bowl than from the plate.,e3dcc7b1c13045a2fc4306264c2167ac2ced3805378bf0f7004f394362a49dc4,20282923,2026094401,450,PLANNED_NOT_RELEASED,,,
SGW-01,DIST-C01-N3-I-NEG,DIST-C01-N3,N3,DIST,C,DIST-C01,6,I,-1,DIST-I-NEG,Place the Rubik's cube so that the plate is closer to the Rubik's cube than the bowl is.,bd9eeb259b1c6a7e78f164ec5459e617b27bb73b121b3481b0877be16d1cd0e1,20282923,2026094401,450,PLANNED_NOT_RELEASED,,,
SGW-01,DIST-C01-D1-C-NEG,DIST-C01-D1,D1,DIST,C,DIST-C01,1,C,-1,DIST-C-NEG,Place the Rubik's cube so that the Rubik's cube is farther from the bowl than from the plate.,c0f8bb282b55cc737dfae48cc75967bbbf607aa2136ae5cde5a6da9d3208b149,20282923,1140,450,PLANNED_NOT_RELEASED,,,
SGW-01,DIST-C01-D1-C-POS,DIST-C01-D1,D1,DIST,C,DIST-C01,2,C,1,DIST-C-POS,Place the Rubik's cube so that the Rubik's cube is closer to the bowl than to the plate.,f6c7780137e89e8c64b53f236fc06864679d0e08b43f7ea8a94ec2446e26b807,20282923,1140,450,PLANNED_NOT_RELEASED,,,
SGW-01,DIST-C01-D1-D-POS,DIST-C01-D1,D1,DIST,C,DIST-C01,3,D,1,DIST-D-POS,Put the Rubik's cube closer to the bowl than to the plate.,57d806ebfe36da3ee1c425394659431146daa594a94ca1d704cf33ed2161f1a1,20282923,1140,450,PLANNED_NOT_RELEASED,,,
SGW-01,DIST-C01-D1-I-POS,DIST-C01-D1,D1,DIST,C,DIST-C01,4,I,1,DIST-I-POS,Place the Rubik's cube so that the plate is farther from the Rubik's cube than the bowl is.,3e011187af0c5c0f9a62b4665832bd7791e0ed63b2c261a8f5d808c87b94df4d,20282923,1140,450,PLANNED_NOT_RELEASED,,,
SGW-01,DIST-C01-D1-D-NEG,DIST-C01-D1,D1,DIST,C,DIST-C01,5,D,-1,DIST-D-NEG,Put the Rubik's cube farther from the bowl than from the plate.,e3dcc7b1c13045a2fc4306264c2167ac2ced3805378bf0f7004f394362a49dc4,20282923,1140,450,PLANNED_NOT_RELEASED,,,
SGW-01,DIST-C01-D1-I-NEG,DIST-C01-D1,D1,DIST,C,DIST-C01,6,I,-1,DIST-I-NEG,Place the Rubik's cube so that the plate is closer to the Rubik's cube than the bowl is.,bd9eeb259b1c6a7e78f164ec5459e617b27bb73b121b3481b0877be16d1cd0e1,20282923,1140,450,PLANNED_NOT_RELEASED,,,
SGW-01,DIST-C02-N3-C-POS,DIST-C02-N3,N3,DIST,C,DIST-C02,1,C,1,DIST-C-POS,Place the Rubik's cube so that the Rubik's cube is closer to the bowl than to the plate.,f6c7780137e89e8c64b53f236fc06864679d0e08b43f7ea8a94ec2446e26b807,20282924,2026094402,450,PLANNED_NOT_RELEASED,,,
SGW-01,DIST-C02-N3-D-POS,DIST-C02-N3,N3,DIST,C,DIST-C02,2,D,1,DIST-D-POS,Put the Rubik's cube closer to the bowl than to the plate.,57d806ebfe36da3ee1c425394659431146daa594a94ca1d704cf33ed2161f1a1,20282924,2026094402,450,PLANNED_NOT_RELEASED,,,
SGW-01,DIST-C02-N3-I-POS,DIST-C02-N3,N3,DIST,C,DIST-C02,3,I,1,DIST-I-POS,Place the Rubik's cube so that the plate is farther from the Rubik's cube than the bowl is.,3e011187af0c5c0f9a62b4665832bd7791e0ed63b2c261a8f5d808c87b94df4d,20282924,2026094402,450,PLANNED_NOT_RELEASED,,,
SGW-01,DIST-C02-N3-D-NEG,DIST-C02-N3,N3,DIST,C,DIST-C02,4,D,-1,DIST-D-NEG,Put the Rubik's cube farther from the bowl than from the plate.,e3dcc7b1c13045a2fc4306264c2167ac2ced3805378bf0f7004f394362a49dc4,20282924,2026094402,450,PLANNED_NOT_RELEASED,,,
SGW-01,DIST-C02-N3-I-NEG,DIST-C02-N3,N3,DIST,C,DIST-C02,5,I,-1,DIST-I-NEG,Place the Rubik's cube so that the plate is closer to the Rubik's cube than the bowl is.,bd9eeb259b1c6a7e78f164ec5459e617b27bb73b121b3481b0877be16d1cd0e1,20282924,2026094402,450,PLANNED_NOT_RELEASED,,,
SGW-01,DIST-C02-N3-C-NEG,DIST-C02-N3,N3,DIST,C,DIST-C02,6,C,-1,DIST-C-NEG,Place the Rubik's cube so that the Rubik's cube is farther from the bowl than from the plate.,c0f8bb282b55cc737dfae48cc75967bbbf607aa2136ae5cde5a6da9d3208b149,20282924,2026094402,450,PLANNED_NOT_RELEASED,,,
SGW-01,DIST-C02-D1-C-POS,DIST-C02-D1,D1,DIST,C,DIST-C02,1,C,1,DIST-C-POS,Place the Rubik's cube so that the Rubik's cube is closer to the bowl than to the plate.,f6c7780137e89e8c64b53f236fc06864679d0e08b43f7ea8a94ec2446e26b807,20282924,1140,450,PLANNED_NOT_RELEASED,,,
SGW-01,DIST-C02-D1-D-POS,DIST-C02-D1,D1,DIST,C,DIST-C02,2,D,1,DIST-D-POS,Put the Rubik's cube closer to the bowl than to the plate.,57d806ebfe36da3ee1c425394659431146daa594a94ca1d704cf33ed2161f1a1,20282924,1140,450,PLANNED_NOT_RELEASED,,,
SGW-01,DIST-C02-D1-I-POS,DIST-C02-D1,D1,DIST,C,DIST-C02,3,I,1,DIST-I-POS,Place the Rubik's cube so that the plate is farther from the Rubik's cube than the bowl is.,3e011187af0c5c0f9a62b4665832bd7791e0ed63b2c261a8f5d808c87b94df4d,20282924,1140,450,PLANNED_NOT_RELEASED,,,
SGW-01,DIST-C02-D1-D-NEG,DIST-C02-D1,D1,DIST,C,DIST-C02,4,D,-1,DIST-D-NEG,Put the Rubik's cube farther from the bowl than from the plate.,e3dcc7b1c13045a2fc4306264c2167ac2ced3805378bf0f7004f394362a49dc4,20282924,1140,450,PLANNED_NOT_RELEASED,,,
SGW-01,DIST-C02-D1-I-NEG,DIST-C02-D1,D1,DIST,C,DIST-C02,5,I,-1,DIST-I-NEG,Place the Rubik's cube so that the plate is closer to the Rubik's cube than the bowl is.,bd9eeb259b1c6a7e78f164ec5459e617b27bb73b121b3481b0877be16d1cd0e1,20282924,1140,450,PLANNED_NOT_RELEASED,,,
SGW-01,DIST-C02-D1-C-NEG,DIST-C02-D1,D1,DIST,C,DIST-C02,6,C,-1,DIST-C-NEG,Place the Rubik's cube so that the Rubik's cube is farther from the bowl than from the plate.,c0f8bb282b55cc737dfae48cc75967bbbf607aa2136ae5cde5a6da9d3208b149,20282924,1140,450,PLANNED_NOT_RELEASED,,,
SGW-01,DIST-C03-N3-D-POS,DIST-C03-N3,N3,DIST,C,DIST-C03,1,D,1,DIST-D-POS,Put the Rubik's cube closer to the bowl than to the plate.,57d806ebfe36da3ee1c425394659431146daa594a94ca1d704cf33ed2161f1a1,20282925,2026094403,450,PLANNED_NOT_RELEASED,,,
SGW-01,DIST-C03-N3-I-POS,DIST-C03-N3,N3,DIST,C,DIST-C03,2,I,1,DIST-I-POS,Place the Rubik's cube so that the plate is farther from the Rubik's cube than the bowl is.,3e011187af0c5c0f9a62b4665832bd7791e0ed63b2c261a8f5d808c87b94df4d,20282925,2026094403,450,PLANNED_NOT_RELEASED,,,
SGW-01,DIST-C03-N3-D-NEG,DIST-C03-N3,N3,DIST,C,DIST-C03,3,D,-1,DIST-D-NEG,Put the Rubik's cube farther from the bowl than from the plate.,e3dcc7b1c13045a2fc4306264c2167ac2ced3805378bf0f7004f394362a49dc4,20282925,2026094403,450,PLANNED_NOT_RELEASED,,,
SGW-01,DIST-C03-N3-I-NEG,DIST-C03-N3,N3,DIST,C,DIST-C03,4,I,-1,DIST-I-NEG,Place the Rubik's cube so that the plate is closer to the Rubik's cube than the bowl is.,bd9eeb259b1c6a7e78f164ec5459e617b27bb73b121b3481b0877be16d1cd0e1,20282925,2026094403,450,PLANNED_NOT_RELEASED,,,
SGW-01,DIST-C03-N3-C-NEG,DIST-C03-N3,N3,DIST,C,DIST-C03,5,C,-1,DIST-C-NEG,Place the Rubik's cube so that the Rubik's cube is farther from the bowl than from the plate.,c0f8bb282b55cc737dfae48cc75967bbbf607aa2136ae5cde5a6da9d3208b149,20282925,2026094403,450,PLANNED_NOT_RELEASED,,,
SGW-01,DIST-C03-N3-C-POS,DIST-C03-N3,N3,DIST,C,DIST-C03,6,C,1,DIST-C-POS,Place the Rubik's cube so that the Rubik's cube is closer to the bowl than to the plate.,f6c7780137e89e8c64b53f236fc06864679d0e08b43f7ea8a94ec2446e26b807,20282925,2026094403,450,PLANNED_NOT_RELEASED,,,
SGW-01,DIST-C03-D1-D-POS,DIST-C03-D1,D1,DIST,C,DIST-C03,1,D,1,DIST-D-POS,Put the Rubik's cube closer to the bowl than to the plate.,57d806ebfe36da3ee1c425394659431146daa594a94ca1d704cf33ed2161f1a1,20282925,1140,450,PLANNED_NOT_RELEASED,,,
SGW-01,DIST-C03-D1-I-POS,DIST-C03-D1,D1,DIST,C,DIST-C03,2,I,1,DIST-I-POS,Place the Rubik's cube so that the plate is farther from the Rubik's cube than the bowl is.,3e011187af0c5c0f9a62b4665832bd7791e0ed63b2c261a8f5d808c87b94df4d,20282925,1140,450,PLANNED_NOT_RELEASED,,,
SGW-01,DIST-C03-D1-D-NEG,DIST-C03-D1,D1,DIST,C,DIST-C03,3,D,-1,DIST-D-NEG,Put the Rubik's cube farther from the bowl than from the plate.,e3dcc7b1c13045a2fc4306264c2167ac2ced3805378bf0f7004f394362a49dc4,20282925,1140,450,PLANNED_NOT_RELEASED,,,
SGW-01,DIST-C03-D1-I-NEG,DIST-C03-D1,D1,DIST,C,DIST-C03,4,I,-1,DIST-I-NEG,Place the Rubik's cube so that the plate is closer to the Rubik's cube than the bowl is.,bd9eeb259b1c6a7e78f164ec5459e617b27bb73b121b3481b0877be16d1cd0e1,20282925,1140,450,PLANNED_NOT_RELEASED,,,
SGW-01,DIST-C03-D1-C-NEG,DIST-C03-D1,D1,DIST,C,DIST-C03,5,C,-1,DIST-C-NEG,Place the Rubik's cube so that the Rubik's cube is farther from the bowl than from the plate.,c0f8bb282b55cc737dfae48cc75967bbbf607aa2136ae5cde5a6da9d3208b149,20282925,1140,450,PLANNED_NOT_RELEASED,,,
SGW-01,DIST-C03-D1-C-POS,DIST-C03-D1,D1,DIST,C,DIST-C03,6,C,1,DIST-C-POS,Place the Rubik's cube so that the Rubik's cube is closer to the bowl than to the plate.,f6c7780137e89e8c64b53f236fc06864679d0e08b43f7ea8a94ec2446e26b807,20282925,1140,450,PLANNED_NOT_RELEASED,,,
SGW-01,DIST-C04-N3-I-POS,DIST-C04-N3,N3,DIST,C,DIST-C04,1,I,1,DIST-I-POS,Place the Rubik's cube so that the plate is farther from the Rubik's cube than the bowl is.,3e011187af0c5c0f9a62b4665832bd7791e0ed63b2c261a8f5d808c87b94df4d,20282926,2026094404,450,PLANNED_NOT_RELEASED,,,
SGW-01,DIST-C04-N3-D-NEG,DIST-C04-N3,N3,DIST,C,DIST-C04,2,D,-1,DIST-D-NEG,Put the Rubik's cube farther from the bowl than from the plate.,e3dcc7b1c13045a2fc4306264c2167ac2ced3805378bf0f7004f394362a49dc4,20282926,2026094404,450,PLANNED_NOT_RELEASED,,,
SGW-01,DIST-C04-N3-I-NEG,DIST-C04-N3,N3,DIST,C,DIST-C04,3,I,-1,DIST-I-NEG,Place the Rubik's cube so that the plate is closer to the Rubik's cube than the bowl is.,bd9eeb259b1c6a7e78f164ec5459e617b27bb73b121b3481b0877be16d1cd0e1,20282926,2026094404,450,PLANNED_NOT_RELEASED,,,
SGW-01,DIST-C04-N3-C-NEG,DIST-C04-N3,N3,DIST,C,DIST-C04,4,C,-1,DIST-C-NEG,Place the Rubik's cube so that the Rubik's cube is farther from the bowl than from the plate.,c0f8bb282b55cc737dfae48cc75967bbbf607aa2136ae5cde5a6da9d3208b149,20282926,2026094404,450,PLANNED_NOT_RELEASED,,,
SGW-01,DIST-C04-N3-C-POS,DIST-C04-N3,N3,DIST,C,DIST-C04,5,C,1,DIST-C-POS,Place the Rubik's cube so that the Rubik's cube is closer to the bowl than to the plate.,f6c7780137e89e8c64b53f236fc06864679d0e08b43f7ea8a94ec2446e26b807,20282926,2026094404,450,PLANNED_NOT_RELEASED,,,
SGW-01,DIST-C04-N3-D-POS,DIST-C04-N3,N3,DIST,C,DIST-C04,6,D,1,DIST-D-POS,Put the Rubik's cube closer to the bowl than to the plate.,57d806ebfe36da3ee1c425394659431146daa594a94ca1d704cf33ed2161f1a1,20282926,2026094404,450,PLANNED_NOT_RELEASED,,,
SGW-01,DIST-C04-D1-I-POS,DIST-C04-D1,D1,DIST,C,DIST-C04,1,I,1,DIST-I-POS,Place the Rubik's cube so that the plate is farther from the Rubik's cube than the bowl is.,3e011187af0c5c0f9a62b4665832bd7791e0ed63b2c261a8f5d808c87b94df4d,20282926,1140,450,PLANNED_NOT_RELEASED,,,
SGW-01,DIST-C04-D1-D-NEG,DIST-C04-D1,D1,DIST,C,DIST-C04,2,D,-1,DIST-D-NEG,Put the Rubik's cube farther from the bowl than from the plate.,e3dcc7b1c13045a2fc4306264c2167ac2ced3805378bf0f7004f394362a49dc4,20282926,1140,450,PLANNED_NOT_RELEASED,,,
SGW-01,DIST-C04-D1-I-NEG,DIST-C04-D1,D1,DIST,C,DIST-C04,3,I,-1,DIST-I-NEG,Place the Rubik's cube so that the plate is closer to the Rubik's cube than the bowl is.,bd9eeb259b1c6a7e78f164ec5459e617b27bb73b121b3481b0877be16d1cd0e1,20282926,1140,450,PLANNED_NOT_RELEASED,,,
SGW-01,DIST-C04-D1-C-NEG,DIST-C04-D1,D1,DIST,C,DIST-C04,4,C,-1,DIST-C-NEG,Place the Rubik's cube so that the Rubik's cube is farther from the bowl than from the plate.,c0f8bb282b55cc737dfae48cc75967bbbf607aa2136ae5cde5a6da9d3208b149,20282926,1140,450,PLANNED_NOT_RELEASED,,,
SGW-01,DIST-C04-D1-C-POS,DIST-C04-D1,D1,DIST,C,DIST-C04,5,C,1,DIST-C-POS,Place the Rubik's cube so that the Rubik's cube is closer to the bowl than to the plate.,f6c7780137e89e8c64b53f236fc06864679d0e08b43f7ea8a94ec2446e26b807,20282926,1140,450,PLANNED_NOT_RELEASED,,,
SGW-01,DIST-C04-D1-D-POS,DIST-C04-D1,D1,DIST,C,DIST-C04,6,D,1,DIST-D-POS,Put the Rubik's cube closer to the bowl than to the plate.,57d806ebfe36da3ee1c425394659431146daa594a94ca1d704cf33ed2161f1a1,20282926,1140,450,PLANNED_NOT_RELEASED,,,
SGW-01,DIST-C05-N3-D-NEG,DIST-C05-N3,N3,DIST,C,DIST-C05,1,D,-1,DIST-D-NEG,Put the Rubik's cube farther from the bowl than from the plate.,e3dcc7b1c13045a2fc4306264c2167ac2ced3805378bf0f7004f394362a49dc4,20282927,2026094405,450,PLANNED_NOT_RELEASED,,,
SGW-01,DIST-C05-N3-I-NEG,DIST-C05-N3,N3,DIST,C,DIST-C05,2,I,-1,DIST-I-NEG,Place the Rubik's cube so that the plate is closer to the Rubik's cube than the bowl is.,bd9eeb259b1c6a7e78f164ec5459e617b27bb73b121b3481b0877be16d1cd0e1,20282927,2026094405,450,PLANNED_NOT_RELEASED,,,
SGW-01,DIST-C05-N3-C-NEG,DIST-C05-N3,N3,DIST,C,DIST-C05,3,C,-1,DIST-C-NEG,Place the Rubik's cube so that the Rubik's cube is farther from the bowl than from the plate.,c0f8bb282b55cc737dfae48cc75967bbbf607aa2136ae5cde5a6da9d3208b149,20282927,2026094405,450,PLANNED_NOT_RELEASED,,,
SGW-01,DIST-C05-N3-C-POS,DIST-C05-N3,N3,DIST,C,DIST-C05,4,C,1,DIST-C-POS,Place the Rubik's cube so that the Rubik's cube is closer to the bowl than to the plate.,f6c7780137e89e8c64b53f236fc06864679d0e08b43f7ea8a94ec2446e26b807,20282927,2026094405,450,PLANNED_NOT_RELEASED,,,
SGW-01,DIST-C05-N3-D-POS,DIST-C05-N3,N3,DIST,C,DIST-C05,5,D,1,DIST-D-POS,Put the Rubik's cube closer to the bowl than to the plate.,57d806ebfe36da3ee1c425394659431146daa594a94ca1d704cf33ed2161f1a1,20282927,2026094405,450,PLANNED_NOT_RELEASED,,,
SGW-01,DIST-C05-N3-I-POS,DIST-C05-N3,N3,DIST,C,DIST-C05,6,I,1,DIST-I-POS,Place the Rubik's cube so that the plate is farther from the Rubik's cube than the bowl is.,3e011187af0c5c0f9a62b4665832bd7791e0ed63b2c261a8f5d808c87b94df4d,20282927,2026094405,450,PLANNED_NOT_RELEASED,,,
SGW-01,DIST-C05-D1-D-NEG,DIST-C05-D1,D1,DIST,C,DIST-C05,1,D,-1,DIST-D-NEG,Put the Rubik's cube farther from the bowl than from the plate.,e3dcc7b1c13045a2fc4306264c2167ac2ced3805378bf0f7004f394362a49dc4,20282927,1140,450,PLANNED_NOT_RELEASED,,,
SGW-01,DIST-C05-D1-I-NEG,DIST-C05-D1,D1,DIST,C,DIST-C05,2,I,-1,DIST-I-NEG,Place the Rubik's cube so that the plate is closer to the Rubik's cube than the bowl is.,bd9eeb259b1c6a7e78f164ec5459e617b27bb73b121b3481b0877be16d1cd0e1,20282927,1140,450,PLANNED_NOT_RELEASED,,,
SGW-01,DIST-C05-D1-C-NEG,DIST-C05-D1,D1,DIST,C,DIST-C05,3,C,-1,DIST-C-NEG,Place the Rubik's cube so that the Rubik's cube is farther from the bowl than from the plate.,c0f8bb282b55cc737dfae48cc75967bbbf607aa2136ae5cde5a6da9d3208b149,20282927,1140,450,PLANNED_NOT_RELEASED,,,
SGW-01,DIST-C05-D1-C-POS,DIST-C05-D1,D1,DIST,C,DIST-C05,4,C,1,DIST-C-POS,Place the Rubik's cube so that the Rubik's cube is closer to the bowl than to the plate.,f6c7780137e89e8c64b53f236fc06864679d0e08b43f7ea8a94ec2446e26b807,20282927,1140,450,PLANNED_NOT_RELEASED,,,
SGW-01,DIST-C05-D1-D-POS,DIST-C05-D1,D1,DIST,C,DIST-C05,5,D,1,DIST-D-POS,Put the Rubik's cube closer to the bowl than to the plate.,57d806ebfe36da3ee1c425394659431146daa594a94ca1d704cf33ed2161f1a1,20282927,1140,450,PLANNED_NOT_RELEASED,,,
SGW-01,DIST-C05-D1-I-POS,DIST-C05-D1,D1,DIST,C,DIST-C05,6,I,1,DIST-I-POS,Place the Rubik's cube so that the plate is farther from the Rubik's cube than the bowl is.,3e011187af0c5c0f9a62b4665832bd7791e0ed63b2c261a8f5d808c87b94df4d,20282927,1140,450,PLANNED_NOT_RELEASED,,,
SGW-01,DIST-C06-N3-I-NEG,DIST-C06-N3,N3,DIST,C,DIST-C06,1,I,-1,DIST-I-NEG,Place the Rubik's cube so that the plate is closer to the Rubik's cube than the bowl is.,bd9eeb259b1c6a7e78f164ec5459e617b27bb73b121b3481b0877be16d1cd0e1,20282928,2026094406,450,PLANNED_NOT_RELEASED,,,
SGW-01,DIST-C06-N3-C-NEG,DIST-C06-N3,N3,DIST,C,DIST-C06,2,C,-1,DIST-C-NEG,Place the Rubik's cube so that the Rubik's cube is farther from the bowl than from the plate.,c0f8bb282b55cc737dfae48cc75967bbbf607aa2136ae5cde5a6da9d3208b149,20282928,2026094406,450,PLANNED_NOT_RELEASED,,,
SGW-01,DIST-C06-N3-C-POS,DIST-C06-N3,N3,DIST,C,DIST-C06,3,C,1,DIST-C-POS,Place the Rubik's cube so that the Rubik's cube is closer to the bowl than to the plate.,f6c7780137e89e8c64b53f236fc06864679d0e08b43f7ea8a94ec2446e26b807,20282928,2026094406,450,PLANNED_NOT_RELEASED,,,
SGW-01,DIST-C06-N3-D-POS,DIST-C06-N3,N3,DIST,C,DIST-C06,4,D,1,DIST-D-POS,Put the Rubik's cube closer to the bowl than to the plate.,57d806ebfe36da3ee1c425394659431146daa594a94ca1d704cf33ed2161f1a1,20282928,2026094406,450,PLANNED_NOT_RELEASED,,,
SGW-01,DIST-C06-N3-I-POS,DIST-C06-N3,N3,DIST,C,DIST-C06,5,I,1,DIST-I-POS,Place the Rubik's cube so that the plate is farther from the Rubik's cube than the bowl is.,3e011187af0c5c0f9a62b4665832bd7791e0ed63b2c261a8f5d808c87b94df4d,20282928,2026094406,450,PLANNED_NOT_RELEASED,,,
SGW-01,DIST-C06-N3-D-NEG,DIST-C06-N3,N3,DIST,C,DIST-C06,6,D,-1,DIST-D-NEG,Put the Rubik's cube farther from the bowl than from the plate.,e3dcc7b1c13045a2fc4306264c2167ac2ced3805378bf0f7004f394362a49dc4,20282928,2026094406,450,PLANNED_NOT_RELEASED,,,
SGW-01,DIST-C06-D1-I-NEG,DIST-C06-D1,D1,DIST,C,DIST-C06,1,I,-1,DIST-I-NEG,Place the Rubik's cube so that the plate is closer to the Rubik's cube than the bowl is.,bd9eeb259b1c6a7e78f164ec5459e617b27bb73b121b3481b0877be16d1cd0e1,20282928,1140,450,PLANNED_NOT_RELEASED,,,
SGW-01,DIST-C06-D1-C-NEG,DIST-C06-D1,D1,DIST,C,DIST-C06,2,C,-1,DIST-C-NEG,Place the Rubik's cube so that the Rubik's cube is farther from the bowl than from the plate.,c0f8bb282b55cc737dfae48cc75967bbbf607aa2136ae5cde5a6da9d3208b149,20282928,1140,450,PLANNED_NOT_RELEASED,,,
SGW-01,DIST-C06-D1-C-POS,DIST-C06-D1,D1,DIST,C,DIST-C06,3,C,1,DIST-C-POS,Place the Rubik's cube so that the Rubik's cube is closer to the bowl than to the plate.,f6c7780137e89e8c64b53f236fc06864679d0e08b43f7ea8a94ec2446e26b807,20282928,1140,450,PLANNED_NOT_RELEASED,,,
SGW-01,DIST-C06-D1-D-POS,DIST-C06-D1,D1,DIST,C,DIST-C06,4,D,1,DIST-D-POS,Put the Rubik's cube closer to the bowl than to the plate.,57d806ebfe36da3ee1c425394659431146daa594a94ca1d704cf33ed2161f1a1,20282928,1140,450,PLANNED_NOT_RELEASED,,,
SGW-01,DIST-C06-D1-I-POS,DIST-C06-D1,D1,DIST,C,DIST-C06,5,I,1,DIST-I-POS,Place the Rubik's cube so that the plate is farther from the Rubik's cube than the bowl is.,3e011187af0c5c0f9a62b4665832bd7791e0ed63b2c261a8f5d808c87b94df4d,20282928,1140,450,PLANNED_NOT_RELEASED,,,
SGW-01,DIST-C06-D1-D-NEG,DIST-C06-D1,D1,DIST,C,DIST-C06,6,D,-1,DIST-D-NEG,Put the Rubik's cube farther from the bowl than from the plate.,e3dcc7b1c13045a2fc4306264c2167ac2ced3805378bf0f7004f394362a49dc4,20282928,1140,450,PLANNED_NOT_RELEASED,,,
SGW-01,DIST-C07-N3-I-NEG,DIST-C07-N3,N3,DIST,C,DIST-C07,1,I,-1,DIST-I-NEG,Place the Rubik's cube so that the plate is closer to the Rubik's cube than the bowl is.,bd9eeb259b1c6a7e78f164ec5459e617b27bb73b121b3481b0877be16d1cd0e1,20282929,2026094407,450,PLANNED_NOT_RELEASED,,,
SGW-01,DIST-C07-N3-D-POS,DIST-C07-N3,N3,DIST,C,DIST-C07,2,D,1,DIST-D-POS,Put the Rubik's cube closer to the bowl than to the plate.,57d806ebfe36da3ee1c425394659431146daa594a94ca1d704cf33ed2161f1a1,20282929,2026094407,450,PLANNED_NOT_RELEASED,,,
SGW-01,DIST-C07-N3-D-NEG,DIST-C07-N3,N3,DIST,C,DIST-C07,3,D,-1,DIST-D-NEG,Put the Rubik's cube farther from the bowl than from the plate.,e3dcc7b1c13045a2fc4306264c2167ac2ced3805378bf0f7004f394362a49dc4,20282929,2026094407,450,PLANNED_NOT_RELEASED,,,
SGW-01,DIST-C07-N3-C-POS,DIST-C07-N3,N3,DIST,C,DIST-C07,4,C,1,DIST-C-POS,Place the Rubik's cube so that the Rubik's cube is closer to the bowl than to the plate.,f6c7780137e89e8c64b53f236fc06864679d0e08b43f7ea8a94ec2446e26b807,20282929,2026094407,450,PLANNED_NOT_RELEASED,,,
SGW-01,DIST-C07-N3-C-NEG,DIST-C07-N3,N3,DIST,C,DIST-C07,5,C,-1,DIST-C-NEG,Place the Rubik's cube so that the Rubik's cube is farther from the bowl than from the plate.,c0f8bb282b55cc737dfae48cc75967bbbf607aa2136ae5cde5a6da9d3208b149,20282929,2026094407,450,PLANNED_NOT_RELEASED,,,
SGW-01,DIST-C07-N3-I-POS,DIST-C07-N3,N3,DIST,C,DIST-C07,6,I,1,DIST-I-POS,Place the Rubik's cube so that the plate is farther from the Rubik's cube than the bowl is.,3e011187af0c5c0f9a62b4665832bd7791e0ed63b2c261a8f5d808c87b94df4d,20282929,2026094407,450,PLANNED_NOT_RELEASED,,,
SGW-01,DIST-C07-D1-I-NEG,DIST-C07-D1,D1,DIST,C,DIST-C07,1,I,-1,DIST-I-NEG,Place the Rubik's cube so that the plate is closer to the Rubik's cube than the bowl is.,bd9eeb259b1c6a7e78f164ec5459e617b27bb73b121b3481b0877be16d1cd0e1,20282929,1140,450,PLANNED_NOT_RELEASED,,,
SGW-01,DIST-C07-D1-D-POS,DIST-C07-D1,D1,DIST,C,DIST-C07,2,D,1,DIST-D-POS,Put the Rubik's cube closer to the bowl than to the plate.,57d806ebfe36da3ee1c425394659431146daa594a94ca1d704cf33ed2161f1a1,20282929,1140,450,PLANNED_NOT_RELEASED,,,
SGW-01,DIST-C07-D1-D-NEG,DIST-C07-D1,D1,DIST,C,DIST-C07,3,D,-1,DIST-D-NEG,Put the Rubik's cube farther from the bowl than from the plate.,e3dcc7b1c13045a2fc4306264c2167ac2ced3805378bf0f7004f394362a49dc4,20282929,1140,450,PLANNED_NOT_RELEASED,,,
SGW-01,DIST-C07-D1-C-POS,DIST-C07-D1,D1,DIST,C,DIST-C07,4,C,1,DIST-C-POS,Place the Rubik's cube so that the Rubik's cube is closer to the bowl than to the plate.,f6c7780137e89e8c64b53f236fc06864679d0e08b43f7ea8a94ec2446e26b807,20282929,1140,450,PLANNED_NOT_RELEASED,,,
SGW-01,DIST-C07-D1-C-NEG,DIST-C07-D1,D1,DIST,C,DIST-C07,5,C,-1,DIST-C-NEG,Place the Rubik's cube so that the Rubik's cube is farther from the bowl than from the plate.,c0f8bb282b55cc737dfae48cc75967bbbf607aa2136ae5cde5a6da9d3208b149,20282929,1140,450,PLANNED_NOT_RELEASED,,,
SGW-01,DIST-C07-D1-I-POS,DIST-C07-D1,D1,DIST,C,DIST-C07,6,I,1,DIST-I-POS,Place the Rubik's cube so that the plate is farther from the Rubik's cube than the bowl is.,3e011187af0c5c0f9a62b4665832bd7791e0ed63b2c261a8f5d808c87b94df4d,20282929,1140,450,PLANNED_NOT_RELEASED,,,
SGW-01,DIST-C08-N3-D-POS,DIST-C08-N3,N3,DIST,C,DIST-C08,1,D,1,DIST-D-POS,Put the Rubik's cube closer to the bowl than to the plate.,57d806ebfe36da3ee1c425394659431146daa594a94ca1d704cf33ed2161f1a1,20282930,2026094408,450,PLANNED_NOT_RELEASED,,,
SGW-01,DIST-C08-N3-D-NEG,DIST-C08-N3,N3,DIST,C,DIST-C08,2,D,-1,DIST-D-NEG,Put the Rubik's cube farther from the bowl than from the plate.,e3dcc7b1c13045a2fc4306264c2167ac2ced3805378bf0f7004f394362a49dc4,20282930,2026094408,450,PLANNED_NOT_RELEASED,,,
SGW-01,DIST-C08-N3-C-POS,DIST-C08-N3,N3,DIST,C,DIST-C08,3,C,1,DIST-C-POS,Place the Rubik's cube so that the Rubik's cube is closer to the bowl than to the plate.,f6c7780137e89e8c64b53f236fc06864679d0e08b43f7ea8a94ec2446e26b807,20282930,2026094408,450,PLANNED_NOT_RELEASED,,,
SGW-01,DIST-C08-N3-C-NEG,DIST-C08-N3,N3,DIST,C,DIST-C08,4,C,-1,DIST-C-NEG,Place the Rubik's cube so that the Rubik's cube is farther from the bowl than from the plate.,c0f8bb282b55cc737dfae48cc75967bbbf607aa2136ae5cde5a6da9d3208b149,20282930,2026094408,450,PLANNED_NOT_RELEASED,,,
SGW-01,DIST-C08-N3-I-POS,DIST-C08-N3,N3,DIST,C,DIST-C08,5,I,1,DIST-I-POS,Place the Rubik's cube so that the plate is farther from the Rubik's cube than the bowl is.,3e011187af0c5c0f9a62b4665832bd7791e0ed63b2c261a8f5d808c87b94df4d,20282930,2026094408,450,PLANNED_NOT_RELEASED,,,
SGW-01,DIST-C08-N3-I-NEG,DIST-C08-N3,N3,DIST,C,DIST-C08,6,I,-1,DIST-I-NEG,Place the Rubik's cube so that the plate is closer to the Rubik's cube than the bowl is.,bd9eeb259b1c6a7e78f164ec5459e617b27bb73b121b3481b0877be16d1cd0e1,20282930,2026094408,450,PLANNED_NOT_RELEASED,,,
SGW-01,DIST-C08-D1-D-POS,DIST-C08-D1,D1,DIST,C,DIST-C08,1,D,1,DIST-D-POS,Put the Rubik's cube closer to the bowl than to the plate.,57d806ebfe36da3ee1c425394659431146daa594a94ca1d704cf33ed2161f1a1,20282930,1140,450,PLANNED_NOT_RELEASED,,,
SGW-01,DIST-C08-D1-D-NEG,DIST-C08-D1,D1,DIST,C,DIST-C08,2,D,-1,DIST-D-NEG,Put the Rubik's cube farther from the bowl than from the plate.,e3dcc7b1c13045a2fc4306264c2167ac2ced3805378bf0f7004f394362a49dc4,20282930,1140,450,PLANNED_NOT_RELEASED,,,
SGW-01,DIST-C08-D1-C-POS,DIST-C08-D1,D1,DIST,C,DIST-C08,3,C,1,DIST-C-POS,Place the Rubik's cube so that the Rubik's cube is closer to the bowl than to the plate.,f6c7780137e89e8c64b53f236fc06864679d0e08b43f7ea8a94ec2446e26b807,20282930,1140,450,PLANNED_NOT_RELEASED,,,
SGW-01,DIST-C08-D1-C-NEG,DIST-C08-D1,D1,DIST,C,DIST-C08,4,C,-1,DIST-C-NEG,Place the Rubik's cube so that the Rubik's cube is farther from the bowl than from the plate.,c0f8bb282b55cc737dfae48cc75967bbbf607aa2136ae5cde5a6da9d3208b149,20282930,1140,450,PLANNED_NOT_RELEASED,,,
SGW-01,DIST-C08-D1-I-POS,DIST-C08-D1,D1,DIST,C,DIST-C08,5,I,1,DIST-I-POS,Place the Rubik's cube so that the plate is farther from the Rubik's cube than the bowl is.,3e011187af0c5c0f9a62b4665832bd7791e0ed63b2c261a8f5d808c87b94df4d,20282930,1140,450,PLANNED_NOT_RELEASED,,,
SGW-01,DIST-C08-D1-I-NEG,DIST-C08-D1,D1,DIST,C,DIST-C08,6,I,-1,DIST-I-NEG,Place the Rubik's cube so that the plate is closer to the Rubik's cube than the bowl is.,bd9eeb259b1c6a7e78f164ec5459e617b27bb73b121b3481b0877be16d1cd0e1,20282930,1140,450,PLANNED_NOT_RELEASED,,,
SGW-01,DIST-C09-N3-D-NEG,DIST-C09-N3,N3,DIST,C,DIST-C09,1,D,-1,DIST-D-NEG,Put the Rubik's cube farther from the bowl than from the plate.,e3dcc7b1c13045a2fc4306264c2167ac2ced3805378bf0f7004f394362a49dc4,20282931,2026094409,450,PLANNED_NOT_RELEASED,,,
SGW-01,DIST-C09-N3-C-POS,DIST-C09-N3,N3,DIST,C,DIST-C09,2,C,1,DIST-C-POS,Place the Rubik's cube so that the Rubik's cube is closer to the bowl than to the plate.,f6c7780137e89e8c64b53f236fc06864679d0e08b43f7ea8a94ec2446e26b807,20282931,2026094409,450,PLANNED_NOT_RELEASED,,,
SGW-01,DIST-C09-N3-C-NEG,DIST-C09-N3,N3,DIST,C,DIST-C09,3,C,-1,DIST-C-NEG,Place the Rubik's cube so that the Rubik's cube is farther from the bowl than from the plate.,c0f8bb282b55cc737dfae48cc75967bbbf607aa2136ae5cde5a6da9d3208b149,20282931,2026094409,450,PLANNED_NOT_RELEASED,,,
SGW-01,DIST-C09-N3-I-POS,DIST-C09-N3,N3,DIST,C,DIST-C09,4,I,1,DIST-I-POS,Place the Rubik's cube so that the plate is farther from the Rubik's cube than the bowl is.,3e011187af0c5c0f9a62b4665832bd7791e0ed63b2c261a8f5d808c87b94df4d,20282931,2026094409,450,PLANNED_NOT_RELEASED,,,
SGW-01,DIST-C09-N3-I-NEG,DIST-C09-N3,N3,DIST,C,DIST-C09,5,I,-1,DIST-I-NEG,Place the Rubik's cube so that the plate is closer to the Rubik's cube than the bowl is.,bd9eeb259b1c6a7e78f164ec5459e617b27bb73b121b3481b0877be16d1cd0e1,20282931,2026094409,450,PLANNED_NOT_RELEASED,,,
SGW-01,DIST-C09-N3-D-POS,DIST-C09-N3,N3,DIST,C,DIST-C09,6,D,1,DIST-D-POS,Put the Rubik's cube closer to the bowl than to the plate.,57d806ebfe36da3ee1c425394659431146daa594a94ca1d704cf33ed2161f1a1,20282931,2026094409,450,PLANNED_NOT_RELEASED,,,
SGW-01,DIST-C09-D1-D-NEG,DIST-C09-D1,D1,DIST,C,DIST-C09,1,D,-1,DIST-D-NEG,Put the Rubik's cube farther from the bowl than from the plate.,e3dcc7b1c13045a2fc4306264c2167ac2ced3805378bf0f7004f394362a49dc4,20282931,1140,450,PLANNED_NOT_RELEASED,,,
SGW-01,DIST-C09-D1-C-POS,DIST-C09-D1,D1,DIST,C,DIST-C09,2,C,1,DIST-C-POS,Place the Rubik's cube so that the Rubik's cube is closer to the bowl than to the plate.,f6c7780137e89e8c64b53f236fc06864679d0e08b43f7ea8a94ec2446e26b807,20282931,1140,450,PLANNED_NOT_RELEASED,,,
SGW-01,DIST-C09-D1-C-NEG,DIST-C09-D1,D1,DIST,C,DIST-C09,3,C,-1,DIST-C-NEG,Place the Rubik's cube so that the Rubik's cube is farther from the bowl than from the plate.,c0f8bb282b55cc737dfae48cc75967bbbf607aa2136ae5cde5a6da9d3208b149,20282931,1140,450,PLANNED_NOT_RELEASED,,,
SGW-01,DIST-C09-D1-I-POS,DIST-C09-D1,D1,DIST,C,DIST-C09,4,I,1,DIST-I-POS,Place the Rubik's cube so that the plate is farther from the Rubik's cube than the bowl is.,3e011187af0c5c0f9a62b4665832bd7791e0ed63b2c261a8f5d808c87b94df4d,20282931,1140,450,PLANNED_NOT_RELEASED,,,
SGW-01,DIST-C09-D1-I-NEG,DIST-C09-D1,D1,DIST,C,DIST-C09,5,I,-1,DIST-I-NEG,Place the Rubik's cube so that the plate is closer to the Rubik's cube than the bowl is.,bd9eeb259b1c6a7e78f164ec5459e617b27bb73b121b3481b0877be16d1cd0e1,20282931,1140,450,PLANNED_NOT_RELEASED,,,
SGW-01,DIST-C09-D1-D-POS,DIST-C09-D1,D1,DIST,C,DIST-C09,6,D,1,DIST-D-POS,Put the Rubik's cube closer to the bowl than to the plate.,57d806ebfe36da3ee1c425394659431146daa594a94ca1d704cf33ed2161f1a1,20282931,1140,450,PLANNED_NOT_RELEASED,,,
SGW-01,DIST-C10-N3-C-POS,DIST-C10-N3,N3,DIST,C,DIST-C10,1,C,1,DIST-C-POS,Place the Rubik's cube so that the Rubik's cube is closer to the bowl than to the plate.,f6c7780137e89e8c64b53f236fc06864679d0e08b43f7ea8a94ec2446e26b807,20282932,2026094410,450,PLANNED_NOT_RELEASED,,,
SGW-01,DIST-C10-N3-C-NEG,DIST-C10-N3,N3,DIST,C,DIST-C10,2,C,-1,DIST-C-NEG,Place the Rubik's cube so that the Rubik's cube is farther from the bowl than from the plate.,c0f8bb282b55cc737dfae48cc75967bbbf607aa2136ae5cde5a6da9d3208b149,20282932,2026094410,450,PLANNED_NOT_RELEASED,,,
SGW-01,DIST-C10-N3-I-POS,DIST-C10-N3,N3,DIST,C,DIST-C10,3,I,1,DIST-I-POS,Place the Rubik's cube so that the plate is farther from the Rubik's cube than the bowl is.,3e011187af0c5c0f9a62b4665832bd7791e0ed63b2c261a8f5d808c87b94df4d,20282932,2026094410,450,PLANNED_NOT_RELEASED,,,
SGW-01,DIST-C10-N3-I-NEG,DIST-C10-N3,N3,DIST,C,DIST-C10,4,I,-1,DIST-I-NEG,Place the Rubik's cube so that the plate is closer to the Rubik's cube than the bowl is.,bd9eeb259b1c6a7e78f164ec5459e617b27bb73b121b3481b0877be16d1cd0e1,20282932,2026094410,450,PLANNED_NOT_RELEASED,,,
SGW-01,DIST-C10-N3-D-POS,DIST-C10-N3,N3,DIST,C,DIST-C10,5,D,1,DIST-D-POS,Put the Rubik's cube closer to the bowl than to the plate.,57d806ebfe36da3ee1c425394659431146daa594a94ca1d704cf33ed2161f1a1,20282932,2026094410,450,PLANNED_NOT_RELEASED,,,
SGW-01,DIST-C10-N3-D-NEG,DIST-C10-N3,N3,DIST,C,DIST-C10,6,D,-1,DIST-D-NEG,Put the Rubik's cube farther from the bowl than from the plate.,e3dcc7b1c13045a2fc4306264c2167ac2ced3805378bf0f7004f394362a49dc4,20282932,2026094410,450,PLANNED_NOT_RELEASED,,,
SGW-01,DIST-C10-D1-C-POS,DIST-C10-D1,D1,DIST,C,DIST-C10,1,C,1,DIST-C-POS,Place the Rubik's cube so that the Rubik's cube is closer to the bowl than to the plate.,f6c7780137e89e8c64b53f236fc06864679d0e08b43f7ea8a94ec2446e26b807,20282932,1140,450,PLANNED_NOT_RELEASED,,,
SGW-01,DIST-C10-D1-C-NEG,DIST-C10-D1,D1,DIST,C,DIST-C10,2,C,-1,DIST-C-NEG,Place the Rubik's cube so that the Rubik's cube is farther from the bowl than from the plate.,c0f8bb282b55cc737dfae48cc75967bbbf607aa2136ae5cde5a6da9d3208b149,20282932,1140,450,PLANNED_NOT_RELEASED,,,
SGW-01,DIST-C10-D1-I-POS,DIST-C10-D1,D1,DIST,C,DIST-C10,3,I,1,DIST-I-POS,Place the Rubik's cube so that the plate is farther from the Rubik's cube than the bowl is.,3e011187af0c5c0f9a62b4665832bd7791e0ed63b2c261a8f5d808c87b94df4d,20282932,1140,450,PLANNED_NOT_RELEASED,,,
SGW-01,DIST-C10-D1-I-NEG,DIST-C10-D1,D1,DIST,C,DIST-C10,4,I,-1,DIST-I-NEG,Place the Rubik's cube so that the plate is closer to the Rubik's cube than the bowl is.,bd9eeb259b1c6a7e78f164ec5459e617b27bb73b121b3481b0877be16d1cd0e1,20282932,1140,450,PLANNED_NOT_RELEASED,,,
SGW-01,DIST-C10-D1-D-POS,DIST-C10-D1,D1,DIST,C,DIST-C10,5,D,1,DIST-D-POS,Put the Rubik's cube closer to the bowl than to the plate.,57d806ebfe36da3ee1c425394659431146daa594a94ca1d704cf33ed2161f1a1,20282932,1140,450,PLANNED_NOT_RELEASED,,,
SGW-01,DIST-C10-D1-D-NEG,DIST-C10-D1,D1,DIST,C,DIST-C10,6,D,-1,DIST-D-NEG,Put the Rubik's cube farther from the bowl than from the plate.,e3dcc7b1c13045a2fc4306264c2167ac2ced3805378bf0f7004f394362a49dc4,20282932,1140,450,PLANNED_NOT_RELEASED,,,
SGW-01,DIST-C11-N3-C-NEG,DIST-C11-N3,N3,DIST,C,DIST-C11,1,C,-1,DIST-C-NEG,Place the Rubik's cube so that the Rubik's cube is farther from the bowl than from the plate.,c0f8bb282b55cc737dfae48cc75967bbbf607aa2136ae5cde5a6da9d3208b149,20282933,2026094411,450,PLANNED_NOT_RELEASED,,,
SGW-01,DIST-C11-N3-I-POS,DIST-C11-N3,N3,DIST,C,DIST-C11,2,I,1,DIST-I-POS,Place the Rubik's cube so that the plate is farther from the Rubik's cube than the bowl is.,3e011187af0c5c0f9a62b4665832bd7791e0ed63b2c261a8f5d808c87b94df4d,20282933,2026094411,450,PLANNED_NOT_RELEASED,,,
SGW-01,DIST-C11-N3-I-NEG,DIST-C11-N3,N3,DIST,C,DIST-C11,3,I,-1,DIST-I-NEG,Place the Rubik's cube so that the plate is closer to the Rubik's cube than the bowl is.,bd9eeb259b1c6a7e78f164ec5459e617b27bb73b121b3481b0877be16d1cd0e1,20282933,2026094411,450,PLANNED_NOT_RELEASED,,,
SGW-01,DIST-C11-N3-D-POS,DIST-C11-N3,N3,DIST,C,DIST-C11,4,D,1,DIST-D-POS,Put the Rubik's cube closer to the bowl than to the plate.,57d806ebfe36da3ee1c425394659431146daa594a94ca1d704cf33ed2161f1a1,20282933,2026094411,450,PLANNED_NOT_RELEASED,,,
SGW-01,DIST-C11-N3-D-NEG,DIST-C11-N3,N3,DIST,C,DIST-C11,5,D,-1,DIST-D-NEG,Put the Rubik's cube farther from the bowl than from the plate.,e3dcc7b1c13045a2fc4306264c2167ac2ced3805378bf0f7004f394362a49dc4,20282933,2026094411,450,PLANNED_NOT_RELEASED,,,
SGW-01,DIST-C11-N3-C-POS,DIST-C11-N3,N3,DIST,C,DIST-C11,6,C,1,DIST-C-POS,Place the Rubik's cube so that the Rubik's cube is closer to the bowl than to the plate.,f6c7780137e89e8c64b53f236fc06864679d0e08b43f7ea8a94ec2446e26b807,20282933,2026094411,450,PLANNED_NOT_RELEASED,,,
SGW-01,DIST-C11-D1-C-NEG,DIST-C11-D1,D1,DIST,C,DIST-C11,1,C,-1,DIST-C-NEG,Place the Rubik's cube so that the Rubik's cube is farther from the bowl than from the plate.,c0f8bb282b55cc737dfae48cc75967bbbf607aa2136ae5cde5a6da9d3208b149,20282933,1140,450,PLANNED_NOT_RELEASED,,,
SGW-01,DIST-C11-D1-I-POS,DIST-C11-D1,D1,DIST,C,DIST-C11,2,I,1,DIST-I-POS,Place the Rubik's cube so that the plate is farther from the Rubik's cube than the bowl is.,3e011187af0c5c0f9a62b4665832bd7791e0ed63b2c261a8f5d808c87b94df4d,20282933,1140,450,PLANNED_NOT_RELEASED,,,
SGW-01,DIST-C11-D1-I-NEG,DIST-C11-D1,D1,DIST,C,DIST-C11,3,I,-1,DIST-I-NEG,Place the Rubik's cube so that the plate is closer to the Rubik's cube than the bowl is.,bd9eeb259b1c6a7e78f164ec5459e617b27bb73b121b3481b0877be16d1cd0e1,20282933,1140,450,PLANNED_NOT_RELEASED,,,
SGW-01,DIST-C11-D1-D-POS,DIST-C11-D1,D1,DIST,C,DIST-C11,4,D,1,DIST-D-POS,Put the Rubik's cube closer to the bowl than to the plate.,57d806ebfe36da3ee1c425394659431146daa594a94ca1d704cf33ed2161f1a1,20282933,1140,450,PLANNED_NOT_RELEASED,,,
SGW-01,DIST-C11-D1-D-NEG,DIST-C11-D1,D1,DIST,C,DIST-C11,5,D,-1,DIST-D-NEG,Put the Rubik's cube farther from the bowl than from the plate.,e3dcc7b1c13045a2fc4306264c2167ac2ced3805378bf0f7004f394362a49dc4,20282933,1140,450,PLANNED_NOT_RELEASED,,,
SGW-01,DIST-C11-D1-C-POS,DIST-C11-D1,D1,DIST,C,DIST-C11,6,C,1,DIST-C-POS,Place the Rubik's cube so that the Rubik's cube is closer to the bowl than to the plate.,f6c7780137e89e8c64b53f236fc06864679d0e08b43f7ea8a94ec2446e26b807,20282933,1140,450,PLANNED_NOT_RELEASED,,,
SGW-01,DIST-C12-N3-I-POS,DIST-C12-N3,N3,DIST,C,DIST-C12,1,I,1,DIST-I-POS,Place the Rubik's cube so that the plate is farther from the Rubik's cube than the bowl is.,3e011187af0c5c0f9a62b4665832bd7791e0ed63b2c261a8f5d808c87b94df4d,20282934,2026094412,450,PLANNED_NOT_RELEASED,,,
SGW-01,DIST-C12-N3-I-NEG,DIST-C12-N3,N3,DIST,C,DIST-C12,2,I,-1,DIST-I-NEG,Place the Rubik's cube so that the plate is closer to the Rubik's cube than the bowl is.,bd9eeb259b1c6a7e78f164ec5459e617b27bb73b121b3481b0877be16d1cd0e1,20282934,2026094412,450,PLANNED_NOT_RELEASED,,,
SGW-01,DIST-C12-N3-D-POS,DIST-C12-N3,N3,DIST,C,DIST-C12,3,D,1,DIST-D-POS,Put the Rubik's cube closer to the bowl than to the plate.,57d806ebfe36da3ee1c425394659431146daa594a94ca1d704cf33ed2161f1a1,20282934,2026094412,450,PLANNED_NOT_RELEASED,,,
SGW-01,DIST-C12-N3-D-NEG,DIST-C12-N3,N3,DIST,C,DIST-C12,4,D,-1,DIST-D-NEG,Put the Rubik's cube farther from the bowl than from the plate.,e3dcc7b1c13045a2fc4306264c2167ac2ced3805378bf0f7004f394362a49dc4,20282934,2026094412,450,PLANNED_NOT_RELEASED,,,
SGW-01,DIST-C12-N3-C-POS,DIST-C12-N3,N3,DIST,C,DIST-C12,5,C,1,DIST-C-POS,Place the Rubik's cube so that the Rubik's cube is closer to the bowl than to the plate.,f6c7780137e89e8c64b53f236fc06864679d0e08b43f7ea8a94ec2446e26b807,20282934,2026094412,450,PLANNED_NOT_RELEASED,,,
SGW-01,DIST-C12-N3-C-NEG,DIST-C12-N3,N3,DIST,C,DIST-C12,6,C,-1,DIST-C-NEG,Place the Rubik's cube so that the Rubik's cube is farther from the bowl than from the plate.,c0f8bb282b55cc737dfae48cc75967bbbf607aa2136ae5cde5a6da9d3208b149,20282934,2026094412,450,PLANNED_NOT_RELEASED,,,
SGW-01,DIST-C12-D1-I-POS,DIST-C12-D1,D1,DIST,C,DIST-C12,1,I,1,DIST-I-POS,Place the Rubik's cube so that the plate is farther from the Rubik's cube than the bowl is.,3e011187af0c5c0f9a62b4665832bd7791e0ed63b2c261a8f5d808c87b94df4d,20282934,1140,450,PLANNED_NOT_RELEASED,,,
SGW-01,DIST-C12-D1-I-NEG,DIST-C12-D1,D1,DIST,C,DIST-C12,2,I,-1,DIST-I-NEG,Place the Rubik's cube so that the plate is closer to the Rubik's cube than the bowl is.,bd9eeb259b1c6a7e78f164ec5459e617b27bb73b121b3481b0877be16d1cd0e1,20282934,1140,450,PLANNED_NOT_RELEASED,,,
SGW-01,DIST-C12-D1-D-POS,DIST-C12-D1,D1,DIST,C,DIST-C12,3,D,1,DIST-D-POS,Put the Rubik's cube closer to the bowl than to the plate.,57d806ebfe36da3ee1c425394659431146daa594a94ca1d704cf33ed2161f1a1,20282934,1140,450,PLANNED_NOT_RELEASED,,,
SGW-01,DIST-C12-D1-D-NEG,DIST-C12-D1,D1,DIST,C,DIST-C12,4,D,-1,DIST-D-NEG,Put the Rubik's cube farther from the bowl than from the plate.,e3dcc7b1c13045a2fc4306264c2167ac2ced3805378bf0f7004f394362a49dc4,20282934,1140,450,PLANNED_NOT_RELEASED,,,
SGW-01,DIST-C12-D1-C-POS,DIST-C12-D1,D1,DIST,C,DIST-C12,5,C,1,DIST-C-POS,Place the Rubik's cube so that the Rubik's cube is closer to the bowl than to the plate.,f6c7780137e89e8c64b53f236fc06864679d0e08b43f7ea8a94ec2446e26b807,20282934,1140,450,PLANNED_NOT_RELEASED,,,
SGW-01,DIST-C12-D1-C-NEG,DIST-C12-D1,D1,DIST,C,DIST-C12,6,C,-1,DIST-C-NEG,Place the Rubik's cube so that the Rubik's cube is farther from the bowl than from the plate.,c0f8bb282b55cc737dfae48cc75967bbbf607aa2136ae5cde5a6da9d3208b149,20282934,1140,450,PLANNED_NOT_RELEASED,,,
SGW-01,DIST-C13-N3-D-POS,DIST-C13-N3,N3,DIST,C,DIST-C13,1,D,1,DIST-D-POS,Put the Rubik's cube closer to the bowl than to the plate.,57d806ebfe36da3ee1c425394659431146daa594a94ca1d704cf33ed2161f1a1,20282935,2026094413,450,PLANNED_NOT_RELEASED,,,
SGW-01,DIST-C13-N3-C-NEG,DIST-C13-N3,N3,DIST,C,DIST-C13,2,C,-1,DIST-C-NEG,Place the Rubik's cube so that the Rubik's cube is farther from the bowl than from the plate.,c0f8bb282b55cc737dfae48cc75967bbbf607aa2136ae5cde5a6da9d3208b149,20282935,2026094413,450,PLANNED_NOT_RELEASED,,,
SGW-01,DIST-C13-N3-C-POS,DIST-C13-N3,N3,DIST,C,DIST-C13,3,C,1,DIST-C-POS,Place the Rubik's cube so that the Rubik's cube is closer to the bowl than to the plate.,f6c7780137e89e8c64b53f236fc06864679d0e08b43f7ea8a94ec2446e26b807,20282935,2026094413,450,PLANNED_NOT_RELEASED,,,
SGW-01,DIST-C13-N3-D-NEG,DIST-C13-N3,N3,DIST,C,DIST-C13,4,D,-1,DIST-D-NEG,Put the Rubik's cube farther from the bowl than from the plate.,e3dcc7b1c13045a2fc4306264c2167ac2ced3805378bf0f7004f394362a49dc4,20282935,2026094413,450,PLANNED_NOT_RELEASED,,,
SGW-01,DIST-C13-N3-I-NEG,DIST-C13-N3,N3,DIST,C,DIST-C13,5,I,-1,DIST-I-NEG,Place the Rubik's cube so that the plate is closer to the Rubik's cube than the bowl is.,bd9eeb259b1c6a7e78f164ec5459e617b27bb73b121b3481b0877be16d1cd0e1,20282935,2026094413,450,PLANNED_NOT_RELEASED,,,
SGW-01,DIST-C13-N3-I-POS,DIST-C13-N3,N3,DIST,C,DIST-C13,6,I,1,DIST-I-POS,Place the Rubik's cube so that the plate is farther from the Rubik's cube than the bowl is.,3e011187af0c5c0f9a62b4665832bd7791e0ed63b2c261a8f5d808c87b94df4d,20282935,2026094413,450,PLANNED_NOT_RELEASED,,,
SGW-01,DIST-C13-D1-D-POS,DIST-C13-D1,D1,DIST,C,DIST-C13,1,D,1,DIST-D-POS,Put the Rubik's cube closer to the bowl than to the plate.,57d806ebfe36da3ee1c425394659431146daa594a94ca1d704cf33ed2161f1a1,20282935,1140,450,PLANNED_NOT_RELEASED,,,
SGW-01,DIST-C13-D1-C-NEG,DIST-C13-D1,D1,DIST,C,DIST-C13,2,C,-1,DIST-C-NEG,Place the Rubik's cube so that the Rubik's cube is farther from the bowl than from the plate.,c0f8bb282b55cc737dfae48cc75967bbbf607aa2136ae5cde5a6da9d3208b149,20282935,1140,450,PLANNED_NOT_RELEASED,,,
SGW-01,DIST-C13-D1-C-POS,DIST-C13-D1,D1,DIST,C,DIST-C13,3,C,1,DIST-C-POS,Place the Rubik's cube so that the Rubik's cube is closer to the bowl than to the plate.,f6c7780137e89e8c64b53f236fc06864679d0e08b43f7ea8a94ec2446e26b807,20282935,1140,450,PLANNED_NOT_RELEASED,,,
SGW-01,DIST-C13-D1-D-NEG,DIST-C13-D1,D1,DIST,C,DIST-C13,4,D,-1,DIST-D-NEG,Put the Rubik's cube farther from the bowl than from the plate.,e3dcc7b1c13045a2fc4306264c2167ac2ced3805378bf0f7004f394362a49dc4,20282935,1140,450,PLANNED_NOT_RELEASED,,,
SGW-01,DIST-C13-D1-I-NEG,DIST-C13-D1,D1,DIST,C,DIST-C13,5,I,-1,DIST-I-NEG,Place the Rubik's cube so that the plate is closer to the Rubik's cube than the bowl is.,bd9eeb259b1c6a7e78f164ec5459e617b27bb73b121b3481b0877be16d1cd0e1,20282935,1140,450,PLANNED_NOT_RELEASED,,,
SGW-01,DIST-C13-D1-I-POS,DIST-C13-D1,D1,DIST,C,DIST-C13,6,I,1,DIST-I-POS,Place the Rubik's cube so that the plate is farther from the Rubik's cube than the bowl is.,3e011187af0c5c0f9a62b4665832bd7791e0ed63b2c261a8f5d808c87b94df4d,20282935,1140,450,PLANNED_NOT_RELEASED,,,
SGW-01,DIST-C14-N3-C-NEG,DIST-C14-N3,N3,DIST,C,DIST-C14,1,C,-1,DIST-C-NEG,Place the Rubik's cube so that the Rubik's cube is farther from the bowl than from the plate.,c0f8bb282b55cc737dfae48cc75967bbbf607aa2136ae5cde5a6da9d3208b149,20282936,2026094414,450,PLANNED_NOT_RELEASED,,,
SGW-01,DIST-C14-N3-C-POS,DIST-C14-N3,N3,DIST,C,DIST-C14,2,C,1,DIST-C-POS,Place the Rubik's cube so that the Rubik's cube is closer to the bowl than to the plate.,f6c7780137e89e8c64b53f236fc06864679d0e08b43f7ea8a94ec2446e26b807,20282936,2026094414,450,PLANNED_NOT_RELEASED,,,
SGW-01,DIST-C14-N3-D-NEG,DIST-C14-N3,N3,DIST,C,DIST-C14,3,D,-1,DIST-D-NEG,Put the Rubik's cube farther from the bowl than from the plate.,e3dcc7b1c13045a2fc4306264c2167ac2ced3805378bf0f7004f394362a49dc4,20282936,2026094414,450,PLANNED_NOT_RELEASED,,,
SGW-01,DIST-C14-N3-I-NEG,DIST-C14-N3,N3,DIST,C,DIST-C14,4,I,-1,DIST-I-NEG,Place the Rubik's cube so that the plate is closer to the Rubik's cube than the bowl is.,bd9eeb259b1c6a7e78f164ec5459e617b27bb73b121b3481b0877be16d1cd0e1,20282936,2026094414,450,PLANNED_NOT_RELEASED,,,
SGW-01,DIST-C14-N3-I-POS,DIST-C14-N3,N3,DIST,C,DIST-C14,5,I,1,DIST-I-POS,Place the Rubik's cube so that the plate is farther from the Rubik's cube than the bowl is.,3e011187af0c5c0f9a62b4665832bd7791e0ed63b2c261a8f5d808c87b94df4d,20282936,2026094414,450,PLANNED_NOT_RELEASED,,,
SGW-01,DIST-C14-N3-D-POS,DIST-C14-N3,N3,DIST,C,DIST-C14,6,D,1,DIST-D-POS,Put the Rubik's cube closer to the bowl than to the plate.,57d806ebfe36da3ee1c425394659431146daa594a94ca1d704cf33ed2161f1a1,20282936,2026094414,450,PLANNED_NOT_RELEASED,,,
SGW-01,DIST-C14-D1-C-NEG,DIST-C14-D1,D1,DIST,C,DIST-C14,1,C,-1,DIST-C-NEG,Place the Rubik's cube so that the Rubik's cube is farther from the bowl than from the plate.,c0f8bb282b55cc737dfae48cc75967bbbf607aa2136ae5cde5a6da9d3208b149,20282936,1140,450,PLANNED_NOT_RELEASED,,,
SGW-01,DIST-C14-D1-C-POS,DIST-C14-D1,D1,DIST,C,DIST-C14,2,C,1,DIST-C-POS,Place the Rubik's cube so that the Rubik's cube is closer to the bowl than to the plate.,f6c7780137e89e8c64b53f236fc06864679d0e08b43f7ea8a94ec2446e26b807,20282936,1140,450,PLANNED_NOT_RELEASED,,,
SGW-01,DIST-C14-D1-D-NEG,DIST-C14-D1,D1,DIST,C,DIST-C14,3,D,-1,DIST-D-NEG,Put the Rubik's cube farther from the bowl than from the plate.,e3dcc7b1c13045a2fc4306264c2167ac2ced3805378bf0f7004f394362a49dc4,20282936,1140,450,PLANNED_NOT_RELEASED,,,
SGW-01,DIST-C14-D1-I-NEG,DIST-C14-D1,D1,DIST,C,DIST-C14,4,I,-1,DIST-I-NEG,Place the Rubik's cube so that the plate is closer to the Rubik's cube than the bowl is.,bd9eeb259b1c6a7e78f164ec5459e617b27bb73b121b3481b0877be16d1cd0e1,20282936,1140,450,PLANNED_NOT_RELEASED,,,
SGW-01,DIST-C14-D1-I-POS,DIST-C14-D1,D1,DIST,C,DIST-C14,5,I,1,DIST-I-POS,Place the Rubik's cube so that the plate is farther from the Rubik's cube than the bowl is.,3e011187af0c5c0f9a62b4665832bd7791e0ed63b2c261a8f5d808c87b94df4d,20282936,1140,450,PLANNED_NOT_RELEASED,,,
SGW-01,DIST-C14-D1-D-POS,DIST-C14-D1,D1,DIST,C,DIST-C14,6,D,1,DIST-D-POS,Put the Rubik's cube closer to the bowl than to the plate.,57d806ebfe36da3ee1c425394659431146daa594a94ca1d704cf33ed2161f1a1,20282936,1140,450,PLANNED_NOT_RELEASED,,,
SGW-01,DIST-C15-N3-C-POS,DIST-C15-N3,N3,DIST,C,DIST-C15,1,C,1,DIST-C-POS,Place the Rubik's cube so that the Rubik's cube is closer to the bowl than to the plate.,f6c7780137e89e8c64b53f236fc06864679d0e08b43f7ea8a94ec2446e26b807,20282937,2026094415,450,PLANNED_NOT_RELEASED,,,
SGW-01,DIST-C15-N3-D-NEG,DIST-C15-N3,N3,DIST,C,DIST-C15,2,D,-1,DIST-D-NEG,Put the Rubik's cube farther from the bowl than from the plate.,e3dcc7b1c13045a2fc4306264c2167ac2ced3805378bf0f7004f394362a49dc4,20282937,2026094415,450,PLANNED_NOT_RELEASED,,,
SGW-01,DIST-C15-N3-I-NEG,DIST-C15-N3,N3,DIST,C,DIST-C15,3,I,-1,DIST-I-NEG,Place the Rubik's cube so that the plate is closer to the Rubik's cube than the bowl is.,bd9eeb259b1c6a7e78f164ec5459e617b27bb73b121b3481b0877be16d1cd0e1,20282937,2026094415,450,PLANNED_NOT_RELEASED,,,
SGW-01,DIST-C15-N3-I-POS,DIST-C15-N3,N3,DIST,C,DIST-C15,4,I,1,DIST-I-POS,Place the Rubik's cube so that the plate is farther from the Rubik's cube than the bowl is.,3e011187af0c5c0f9a62b4665832bd7791e0ed63b2c261a8f5d808c87b94df4d,20282937,2026094415,450,PLANNED_NOT_RELEASED,,,
SGW-01,DIST-C15-N3-D-POS,DIST-C15-N3,N3,DIST,C,DIST-C15,5,D,1,DIST-D-POS,Put the Rubik's cube closer to the bowl than to the plate.,57d806ebfe36da3ee1c425394659431146daa594a94ca1d704cf33ed2161f1a1,20282937,2026094415,450,PLANNED_NOT_RELEASED,,,
SGW-01,DIST-C15-N3-C-NEG,DIST-C15-N3,N3,DIST,C,DIST-C15,6,C,-1,DIST-C-NEG,Place the Rubik's cube so that the Rubik's cube is farther from the bowl than from the plate.,c0f8bb282b55cc737dfae48cc75967bbbf607aa2136ae5cde5a6da9d3208b149,20282937,2026094415,450,PLANNED_NOT_RELEASED,,,
SGW-01,DIST-C15-D1-C-POS,DIST-C15-D1,D1,DIST,C,DIST-C15,1,C,1,DIST-C-POS,Place the Rubik's cube so that the Rubik's cube is closer to the bowl than to the plate.,f6c7780137e89e8c64b53f236fc06864679d0e08b43f7ea8a94ec2446e26b807,20282937,1140,450,PLANNED_NOT_RELEASED,,,
SGW-01,DIST-C15-D1-D-NEG,DIST-C15-D1,D1,DIST,C,DIST-C15,2,D,-1,DIST-D-NEG,Put the Rubik's cube farther from the bowl than from the plate.,e3dcc7b1c13045a2fc4306264c2167ac2ced3805378bf0f7004f394362a49dc4,20282937,1140,450,PLANNED_NOT_RELEASED,,,
SGW-01,DIST-C15-D1-I-NEG,DIST-C15-D1,D1,DIST,C,DIST-C15,3,I,-1,DIST-I-NEG,Place the Rubik's cube so that the plate is closer to the Rubik's cube than the bowl is.,bd9eeb259b1c6a7e78f164ec5459e617b27bb73b121b3481b0877be16d1cd0e1,20282937,1140,450,PLANNED_NOT_RELEASED,,,
SGW-01,DIST-C15-D1-I-POS,DIST-C15-D1,D1,DIST,C,DIST-C15,4,I,1,DIST-I-POS,Place the Rubik's cube so that the plate is farther from the Rubik's cube than the bowl is.,3e011187af0c5c0f9a62b4665832bd7791e0ed63b2c261a8f5d808c87b94df4d,20282937,1140,450,PLANNED_NOT_RELEASED,,,
SGW-01,DIST-C15-D1-D-POS,DIST-C15-D1,D1,DIST,C,DIST-C15,5,D,1,DIST-D-POS,Put the Rubik's cube closer to the bowl than to the plate.,57d806ebfe36da3ee1c425394659431146daa594a94ca1d704cf33ed2161f1a1,20282937,1140,450,PLANNED_NOT_RELEASED,,,
SGW-01,DIST-C15-D1-C-NEG,DIST-C15-D1,D1,DIST,C,DIST-C15,6,C,-1,DIST-C-NEG,Place the Rubik's cube so that the Rubik's cube is farther from the bowl than from the plate.,c0f8bb282b55cc737dfae48cc75967bbbf607aa2136ae5cde5a6da9d3208b149,20282937,1140,450,PLANNED_NOT_RELEASED,,,
SGW-01,DIST-C16-N3-D-NEG,DIST-C16-N3,N3,DIST,C,DIST-C16,1,D,-1,DIST-D-NEG,Put the Rubik's cube farther from the bowl than from the plate.,e3dcc7b1c13045a2fc4306264c2167ac2ced3805378bf0f7004f394362a49dc4,20282938,2026094416,450,PLANNED_NOT_RELEASED,,,
SGW-01,DIST-C16-N3-I-NEG,DIST-C16-N3,N3,DIST,C,DIST-C16,2,I,-1,DIST-I-NEG,Place the Rubik's cube so that the plate is closer to the Rubik's cube than the bowl is.,bd9eeb259b1c6a7e78f164ec5459e617b27bb73b121b3481b0877be16d1cd0e1,20282938,2026094416,450,PLANNED_NOT_RELEASED,,,
SGW-01,DIST-C16-N3-I-POS,DIST-C16-N3,N3,DIST,C,DIST-C16,3,I,1,DIST-I-POS,Place the Rubik's cube so that the plate is farther from the Rubik's cube than the bowl is.,3e011187af0c5c0f9a62b4665832bd7791e0ed63b2c261a8f5d808c87b94df4d,20282938,2026094416,450,PLANNED_NOT_RELEASED,,,
SGW-01,DIST-C16-N3-D-POS,DIST-C16-N3,N3,DIST,C,DIST-C16,4,D,1,DIST-D-POS,Put the Rubik's cube closer to the bowl than to the plate.,57d806ebfe36da3ee1c425394659431146daa594a94ca1d704cf33ed2161f1a1,20282938,2026094416,450,PLANNED_NOT_RELEASED,,,
SGW-01,DIST-C16-N3-C-NEG,DIST-C16-N3,N3,DIST,C,DIST-C16,5,C,-1,DIST-C-NEG,Place the Rubik's cube so that the Rubik's cube is farther from the bowl than from the plate.,c0f8bb282b55cc737dfae48cc75967bbbf607aa2136ae5cde5a6da9d3208b149,20282938,2026094416,450,PLANNED_NOT_RELEASED,,,
SGW-01,DIST-C16-N3-C-POS,DIST-C16-N3,N3,DIST,C,DIST-C16,6,C,1,DIST-C-POS,Place the Rubik's cube so that the Rubik's cube is closer to the bowl than to the plate.,f6c7780137e89e8c64b53f236fc06864679d0e08b43f7ea8a94ec2446e26b807,20282938,2026094416,450,PLANNED_NOT_RELEASED,,,
SGW-01,DIST-C16-D1-D-NEG,DIST-C16-D1,D1,DIST,C,DIST-C16,1,D,-1,DIST-D-NEG,Put the Rubik's cube farther from the bowl than from the plate.,e3dcc7b1c13045a2fc4306264c2167ac2ced3805378bf0f7004f394362a49dc4,20282938,1140,450,PLANNED_NOT_RELEASED,,,
SGW-01,DIST-C16-D1-I-NEG,DIST-C16-D1,D1,DIST,C,DIST-C16,2,I,-1,DIST-I-NEG,Place the Rubik's cube so that the plate is closer to the Rubik's cube than the bowl is.,bd9eeb259b1c6a7e78f164ec5459e617b27bb73b121b3481b0877be16d1cd0e1,20282938,1140,450,PLANNED_NOT_RELEASED,,,
SGW-01,DIST-C16-D1-I-POS,DIST-C16-D1,D1,DIST,C,DIST-C16,3,I,1,DIST-I-POS,Place the Rubik's cube so that the plate is farther from the Rubik's cube than the bowl is.,3e011187af0c5c0f9a62b4665832bd7791e0ed63b2c261a8f5d808c87b94df4d,20282938,1140,450,PLANNED_NOT_RELEASED,,,
SGW-01,DIST-C16-D1-D-POS,DIST-C16-D1,D1,DIST,C,DIST-C16,4,D,1,DIST-D-POS,Put the Rubik's cube closer to the bowl than to the plate.,57d806ebfe36da3ee1c425394659431146daa594a94ca1d704cf33ed2161f1a1,20282938,1140,450,PLANNED_NOT_RELEASED,,,
SGW-01,DIST-C16-D1-C-NEG,DIST-C16-D1,D1,DIST,C,DIST-C16,5,C,-1,DIST-C-NEG,Place the Rubik's cube so that the Rubik's cube is farther from the bowl than from the plate.,c0f8bb282b55cc737dfae48cc75967bbbf607aa2136ae5cde5a6da9d3208b149,20282938,1140,450,PLANNED_NOT_RELEASED,,,
SGW-01,DIST-C16-D1-C-POS,DIST-C16-D1,D1,DIST,C,DIST-C16,6,C,1,DIST-C-POS,Place the Rubik's cube so that the Rubik's cube is closer to the bowl than to the plate.,f6c7780137e89e8c64b53f236fc06864679d0e08b43f7ea8a94ec2446e26b807,20282938,1140,450,PLANNED_NOT_RELEASED,,,
SGW-01,DIST-C17-N3-I-NEG,DIST-C17-N3,N3,DIST,C,DIST-C17,1,I,-1,DIST-I-NEG,Place the Rubik's cube so that the plate is closer to the Rubik's cube than the bowl is.,bd9eeb259b1c6a7e78f164ec5459e617b27bb73b121b3481b0877be16d1cd0e1,20282939,2026094417,450,PLANNED_NOT_RELEASED,,,
SGW-01,DIST-C17-N3-I-POS,DIST-C17-N3,N3,DIST,C,DIST-C17,2,I,1,DIST-I-POS,Place the Rubik's cube so that the plate is farther from the Rubik's cube than the bowl is.,3e011187af0c5c0f9a62b4665832bd7791e0ed63b2c261a8f5d808c87b94df4d,20282939,2026094417,450,PLANNED_NOT_RELEASED,,,
SGW-01,DIST-C17-N3-D-POS,DIST-C17-N3,N3,DIST,C,DIST-C17,3,D,1,DIST-D-POS,Put the Rubik's cube closer to the bowl than to the plate.,57d806ebfe36da3ee1c425394659431146daa594a94ca1d704cf33ed2161f1a1,20282939,2026094417,450,PLANNED_NOT_RELEASED,,,
SGW-01,DIST-C17-N3-C-NEG,DIST-C17-N3,N3,DIST,C,DIST-C17,4,C,-1,DIST-C-NEG,Place the Rubik's cube so that the Rubik's cube is farther from the bowl than from the plate.,c0f8bb282b55cc737dfae48cc75967bbbf607aa2136ae5cde5a6da9d3208b149,20282939,2026094417,450,PLANNED_NOT_RELEASED,,,
SGW-01,DIST-C17-N3-C-POS,DIST-C17-N3,N3,DIST,C,DIST-C17,5,C,1,DIST-C-POS,Place the Rubik's cube so that the Rubik's cube is closer to the bowl than to the plate.,f6c7780137e89e8c64b53f236fc06864679d0e08b43f7ea8a94ec2446e26b807,20282939,2026094417,450,PLANNED_NOT_RELEASED,,,
SGW-01,DIST-C17-N3-D-NEG,DIST-C17-N3,N3,DIST,C,DIST-C17,6,D,-1,DIST-D-NEG,Put the Rubik's cube farther from the bowl than from the plate.,e3dcc7b1c13045a2fc4306264c2167ac2ced3805378bf0f7004f394362a49dc4,20282939,2026094417,450,PLANNED_NOT_RELEASED,,,
SGW-01,DIST-C17-D1-I-NEG,DIST-C17-D1,D1,DIST,C,DIST-C17,1,I,-1,DIST-I-NEG,Place the Rubik's cube so that the plate is closer to the Rubik's cube than the bowl is.,bd9eeb259b1c6a7e78f164ec5459e617b27bb73b121b3481b0877be16d1cd0e1,20282939,1140,450,PLANNED_NOT_RELEASED,,,
SGW-01,DIST-C17-D1-I-POS,DIST-C17-D1,D1,DIST,C,DIST-C17,2,I,1,DIST-I-POS,Place the Rubik's cube so that the plate is farther from the Rubik's cube than the bowl is.,3e011187af0c5c0f9a62b4665832bd7791e0ed63b2c261a8f5d808c87b94df4d,20282939,1140,450,PLANNED_NOT_RELEASED,,,
SGW-01,DIST-C17-D1-D-POS,DIST-C17-D1,D1,DIST,C,DIST-C17,3,D,1,DIST-D-POS,Put the Rubik's cube closer to the bowl than to the plate.,57d806ebfe36da3ee1c425394659431146daa594a94ca1d704cf33ed2161f1a1,20282939,1140,450,PLANNED_NOT_RELEASED,,,
SGW-01,DIST-C17-D1-C-NEG,DIST-C17-D1,D1,DIST,C,DIST-C17,4,C,-1,DIST-C-NEG,Place the Rubik's cube so that the Rubik's cube is farther from the bowl than from the plate.,c0f8bb282b55cc737dfae48cc75967bbbf607aa2136ae5cde5a6da9d3208b149,20282939,1140,450,PLANNED_NOT_RELEASED,,,
SGW-01,DIST-C17-D1-C-POS,DIST-C17-D1,D1,DIST,C,DIST-C17,5,C,1,DIST-C-POS,Place the Rubik's cube so that the Rubik's cube is closer to the bowl than to the plate.,f6c7780137e89e8c64b53f236fc06864679d0e08b43f7ea8a94ec2446e26b807,20282939,1140,450,PLANNED_NOT_RELEASED,,,
SGW-01,DIST-C17-D1-D-NEG,DIST-C17-D1,D1,DIST,C,DIST-C17,6,D,-1,DIST-D-NEG,Put the Rubik's cube farther from the bowl than from the plate.,e3dcc7b1c13045a2fc4306264c2167ac2ced3805378bf0f7004f394362a49dc4,20282939,1140,450,PLANNED_NOT_RELEASED,,,
SGW-01,DIST-C18-N3-I-POS,DIST-C18-N3,N3,DIST,C,DIST-C18,1,I,1,DIST-I-POS,Place the Rubik's cube so that the plate is farther from the Rubik's cube than the bowl is.,3e011187af0c5c0f9a62b4665832bd7791e0ed63b2c261a8f5d808c87b94df4d,20282940,2026094418,450,PLANNED_NOT_RELEASED,,,
SGW-01,DIST-C18-N3-D-POS,DIST-C18-N3,N3,DIST,C,DIST-C18,2,D,1,DIST-D-POS,Put the Rubik's cube closer to the bowl than to the plate.,57d806ebfe36da3ee1c425394659431146daa594a94ca1d704cf33ed2161f1a1,20282940,2026094418,450,PLANNED_NOT_RELEASED,,,
SGW-01,DIST-C18-N3-C-NEG,DIST-C18-N3,N3,DIST,C,DIST-C18,3,C,-1,DIST-C-NEG,Place the Rubik's cube so that the Rubik's cube is farther from the bowl than from the plate.,c0f8bb282b55cc737dfae48cc75967bbbf607aa2136ae5cde5a6da9d3208b149,20282940,2026094418,450,PLANNED_NOT_RELEASED,,,
SGW-01,DIST-C18-N3-C-POS,DIST-C18-N3,N3,DIST,C,DIST-C18,4,C,1,DIST-C-POS,Place the Rubik's cube so that the Rubik's cube is closer to the bowl than to the plate.,f6c7780137e89e8c64b53f236fc06864679d0e08b43f7ea8a94ec2446e26b807,20282940,2026094418,450,PLANNED_NOT_RELEASED,,,
SGW-01,DIST-C18-N3-D-NEG,DIST-C18-N3,N3,DIST,C,DIST-C18,5,D,-1,DIST-D-NEG,Put the Rubik's cube farther from the bowl than from the plate.,e3dcc7b1c13045a2fc4306264c2167ac2ced3805378bf0f7004f394362a49dc4,20282940,2026094418,450,PLANNED_NOT_RELEASED,,,
SGW-01,DIST-C18-N3-I-NEG,DIST-C18-N3,N3,DIST,C,DIST-C18,6,I,-1,DIST-I-NEG,Place the Rubik's cube so that the plate is closer to the Rubik's cube than the bowl is.,bd9eeb259b1c6a7e78f164ec5459e617b27bb73b121b3481b0877be16d1cd0e1,20282940,2026094418,450,PLANNED_NOT_RELEASED,,,
SGW-01,DIST-C18-D1-I-POS,DIST-C18-D1,D1,DIST,C,DIST-C18,1,I,1,DIST-I-POS,Place the Rubik's cube so that the plate is farther from the Rubik's cube than the bowl is.,3e011187af0c5c0f9a62b4665832bd7791e0ed63b2c261a8f5d808c87b94df4d,20282940,1140,450,PLANNED_NOT_RELEASED,,,
SGW-01,DIST-C18-D1-D-POS,DIST-C18-D1,D1,DIST,C,DIST-C18,2,D,1,DIST-D-POS,Put the Rubik's cube closer to the bowl than to the plate.,57d806ebfe36da3ee1c425394659431146daa594a94ca1d704cf33ed2161f1a1,20282940,1140,450,PLANNED_NOT_RELEASED,,,
SGW-01,DIST-C18-D1-C-NEG,DIST-C18-D1,D1,DIST,C,DIST-C18,3,C,-1,DIST-C-NEG,Place the Rubik's cube so that the Rubik's cube is farther from the bowl than from the plate.,c0f8bb282b55cc737dfae48cc75967bbbf607aa2136ae5cde5a6da9d3208b149,20282940,1140,450,PLANNED_NOT_RELEASED,,,
SGW-01,DIST-C18-D1-C-POS,DIST-C18-D1,D1,DIST,C,DIST-C18,4,C,1,DIST-C-POS,Place the Rubik's cube so that the Rubik's cube is closer to the bowl than to the plate.,f6c7780137e89e8c64b53f236fc06864679d0e08b43f7ea8a94ec2446e26b807,20282940,1140,450,PLANNED_NOT_RELEASED,,,
SGW-01,DIST-C18-D1-D-NEG,DIST-C18-D1,D1,DIST,C,DIST-C18,5,D,-1,DIST-D-NEG,Put the Rubik's cube farther from the bowl than from the plate.,e3dcc7b1c13045a2fc4306264c2167ac2ced3805378bf0f7004f394362a49dc4,20282940,1140,450,PLANNED_NOT_RELEASED,,,
SGW-01,DIST-C18-D1-I-NEG,DIST-C18-D1,D1,DIST,C,DIST-C18,6,I,-1,DIST-I-NEG,Place the Rubik's cube so that the plate is closer to the Rubik's cube than the bowl is.,bd9eeb259b1c6a7e78f164ec5459e617b27bb73b121b3481b0877be16d1cd0e1,20282940,1140,450,PLANNED_NOT_RELEASED,,,
SGW-01,DIST-C19-N3-D-POS,DIST-C19-N3,N3,DIST,C,DIST-C19,1,D,1,DIST-D-POS,Put the Rubik's cube closer to the bowl than to the plate.,57d806ebfe36da3ee1c425394659431146daa594a94ca1d704cf33ed2161f1a1,20282941,2026094419,450,PLANNED_NOT_RELEASED,,,
SGW-01,DIST-C19-N3-C-NEG,DIST-C19-N3,N3,DIST,C,DIST-C19,2,C,-1,DIST-C-NEG,Place the Rubik's cube so that the Rubik's cube is farther from the bowl than from the plate.,c0f8bb282b55cc737dfae48cc75967bbbf607aa2136ae5cde5a6da9d3208b149,20282941,2026094419,450,PLANNED_NOT_RELEASED,,,
SGW-01,DIST-C19-N3-D-NEG,DIST-C19-N3,N3,DIST,C,DIST-C19,3,D,-1,DIST-D-NEG,Put the Rubik's cube farther from the bowl than from the plate.,e3dcc7b1c13045a2fc4306264c2167ac2ced3805378bf0f7004f394362a49dc4,20282941,2026094419,450,PLANNED_NOT_RELEASED,,,
SGW-01,DIST-C19-N3-I-NEG,DIST-C19-N3,N3,DIST,C,DIST-C19,4,I,-1,DIST-I-NEG,Place the Rubik's cube so that the plate is closer to the Rubik's cube than the bowl is.,bd9eeb259b1c6a7e78f164ec5459e617b27bb73b121b3481b0877be16d1cd0e1,20282941,2026094419,450,PLANNED_NOT_RELEASED,,,
SGW-01,DIST-C19-N3-C-POS,DIST-C19-N3,N3,DIST,C,DIST-C19,5,C,1,DIST-C-POS,Place the Rubik's cube so that the Rubik's cube is closer to the bowl than to the plate.,f6c7780137e89e8c64b53f236fc06864679d0e08b43f7ea8a94ec2446e26b807,20282941,2026094419,450,PLANNED_NOT_RELEASED,,,
SGW-01,DIST-C19-N3-I-POS,DIST-C19-N3,N3,DIST,C,DIST-C19,6,I,1,DIST-I-POS,Place the Rubik's cube so that the plate is farther from the Rubik's cube than the bowl is.,3e011187af0c5c0f9a62b4665832bd7791e0ed63b2c261a8f5d808c87b94df4d,20282941,2026094419,450,PLANNED_NOT_RELEASED,,,
SGW-01,DIST-C19-D1-D-POS,DIST-C19-D1,D1,DIST,C,DIST-C19,1,D,1,DIST-D-POS,Put the Rubik's cube closer to the bowl than to the plate.,57d806ebfe36da3ee1c425394659431146daa594a94ca1d704cf33ed2161f1a1,20282941,1140,450,PLANNED_NOT_RELEASED,,,
SGW-01,DIST-C19-D1-C-NEG,DIST-C19-D1,D1,DIST,C,DIST-C19,2,C,-1,DIST-C-NEG,Place the Rubik's cube so that the Rubik's cube is farther from the bowl than from the plate.,c0f8bb282b55cc737dfae48cc75967bbbf607aa2136ae5cde5a6da9d3208b149,20282941,1140,450,PLANNED_NOT_RELEASED,,,
SGW-01,DIST-C19-D1-D-NEG,DIST-C19-D1,D1,DIST,C,DIST-C19,3,D,-1,DIST-D-NEG,Put the Rubik's cube farther from the bowl than from the plate.,e3dcc7b1c13045a2fc4306264c2167ac2ced3805378bf0f7004f394362a49dc4,20282941,1140,450,PLANNED_NOT_RELEASED,,,
SGW-01,DIST-C19-D1-I-NEG,DIST-C19-D1,D1,DIST,C,DIST-C19,4,I,-1,DIST-I-NEG,Place the Rubik's cube so that the plate is closer to the Rubik's cube than the bowl is.,bd9eeb259b1c6a7e78f164ec5459e617b27bb73b121b3481b0877be16d1cd0e1,20282941,1140,450,PLANNED_NOT_RELEASED,,,
SGW-01,DIST-C19-D1-C-POS,DIST-C19-D1,D1,DIST,C,DIST-C19,5,C,1,DIST-C-POS,Place the Rubik's cube so that the Rubik's cube is closer to the bowl than to the plate.,f6c7780137e89e8c64b53f236fc06864679d0e08b43f7ea8a94ec2446e26b807,20282941,1140,450,PLANNED_NOT_RELEASED,,,
SGW-01,DIST-C19-D1-I-POS,DIST-C19-D1,D1,DIST,C,DIST-C19,6,I,1,DIST-I-POS,Place the Rubik's cube so that the plate is farther from the Rubik's cube than the bowl is.,3e011187af0c5c0f9a62b4665832bd7791e0ed63b2c261a8f5d808c87b94df4d,20282941,1140,450,PLANNED_NOT_RELEASED,,,
SGW-01,DIST-C20-N3-C-NEG,DIST-C20-N3,N3,DIST,C,DIST-C20,1,C,-1,DIST-C-NEG,Place the Rubik's cube so that the Rubik's cube is farther from the bowl than from the plate.,c0f8bb282b55cc737dfae48cc75967bbbf607aa2136ae5cde5a6da9d3208b149,20282942,2026094420,450,PLANNED_NOT_RELEASED,,,
SGW-01,DIST-C20-N3-D-NEG,DIST-C20-N3,N3,DIST,C,DIST-C20,2,D,-1,DIST-D-NEG,Put the Rubik's cube farther from the bowl than from the plate.,e3dcc7b1c13045a2fc4306264c2167ac2ced3805378bf0f7004f394362a49dc4,20282942,2026094420,450,PLANNED_NOT_RELEASED,,,
SGW-01,DIST-C20-N3-I-NEG,DIST-C20-N3,N3,DIST,C,DIST-C20,3,I,-1,DIST-I-NEG,Place the Rubik's cube so that the plate is closer to the Rubik's cube than the bowl is.,bd9eeb259b1c6a7e78f164ec5459e617b27bb73b121b3481b0877be16d1cd0e1,20282942,2026094420,450,PLANNED_NOT_RELEASED,,,
SGW-01,DIST-C20-N3-C-POS,DIST-C20-N3,N3,DIST,C,DIST-C20,4,C,1,DIST-C-POS,Place the Rubik's cube so that the Rubik's cube is closer to the bowl than to the plate.,f6c7780137e89e8c64b53f236fc06864679d0e08b43f7ea8a94ec2446e26b807,20282942,2026094420,450,PLANNED_NOT_RELEASED,,,
SGW-01,DIST-C20-N3-I-POS,DIST-C20-N3,N3,DIST,C,DIST-C20,5,I,1,DIST-I-POS,Place the Rubik's cube so that the plate is farther from the Rubik's cube than the bowl is.,3e011187af0c5c0f9a62b4665832bd7791e0ed63b2c261a8f5d808c87b94df4d,20282942,2026094420,450,PLANNED_NOT_RELEASED,,,
SGW-01,DIST-C20-N3-D-POS,DIST-C20-N3,N3,DIST,C,DIST-C20,6,D,1,DIST-D-POS,Put the Rubik's cube closer to the bowl than to the plate.,57d806ebfe36da3ee1c425394659431146daa594a94ca1d704cf33ed2161f1a1,20282942,2026094420,450,PLANNED_NOT_RELEASED,,,
SGW-01,DIST-C20-D1-C-NEG,DIST-C20-D1,D1,DIST,C,DIST-C20,1,C,-1,DIST-C-NEG,Place the Rubik's cube so that the Rubik's cube is farther from the bowl than from the plate.,c0f8bb282b55cc737dfae48cc75967bbbf607aa2136ae5cde5a6da9d3208b149,20282942,1140,450,PLANNED_NOT_RELEASED,,,
SGW-01,DIST-C20-D1-D-NEG,DIST-C20-D1,D1,DIST,C,DIST-C20,2,D,-1,DIST-D-NEG,Put the Rubik's cube farther from the bowl than from the plate.,e3dcc7b1c13045a2fc4306264c2167ac2ced3805378bf0f7004f394362a49dc4,20282942,1140,450,PLANNED_NOT_RELEASED,,,
SGW-01,DIST-C20-D1-I-NEG,DIST-C20-D1,D1,DIST,C,DIST-C20,3,I,-1,DIST-I-NEG,Place the Rubik's cube so that the plate is closer to the Rubik's cube than the bowl is.,bd9eeb259b1c6a7e78f164ec5459e617b27bb73b121b3481b0877be16d1cd0e1,20282942,1140,450,PLANNED_NOT_RELEASED,,,
SGW-01,DIST-C20-D1-C-POS,DIST-C20-D1,D1,DIST,C,DIST-C20,4,C,1,DIST-C-POS,Place the Rubik's cube so that the Rubik's cube is closer to the bowl than to the plate.,f6c7780137e89e8c64b53f236fc06864679d0e08b43f7ea8a94ec2446e26b807,20282942,1140,450,PLANNED_NOT_RELEASED,,,
SGW-01,DIST-C20-D1-I-POS,DIST-C20-D1,D1,DIST,C,DIST-C20,5,I,1,DIST-I-POS,Place the Rubik's cube so that the plate is farther from the Rubik's cube than the bowl is.,3e011187af0c5c0f9a62b4665832bd7791e0ed63b2c261a8f5d808c87b94df4d,20282942,1140,450,PLANNED_NOT_RELEASED,,,
SGW-01,DIST-C20-D1-D-POS,DIST-C20-D1,D1,DIST,C,DIST-C20,6,D,1,DIST-D-POS,Put the Rubik's cube closer to the bowl than to the plate.,57d806ebfe36da3ee1c425394659431146daa594a94ca1d704cf33ed2161f1a1,20282942,1140,450,PLANNED_NOT_RELEASED,,,
SGW-01,DIST-C21-N3-D-NEG,DIST-C21-N3,N3,DIST,C,DIST-C21,1,D,-1,DIST-D-NEG,Put the Rubik's cube farther from the bowl than from the plate.,e3dcc7b1c13045a2fc4306264c2167ac2ced3805378bf0f7004f394362a49dc4,20282943,2026094421,450,PLANNED_NOT_RELEASED,,,
SGW-01,DIST-C21-N3-I-NEG,DIST-C21-N3,N3,DIST,C,DIST-C21,2,I,-1,DIST-I-NEG,Place the Rubik's cube so that the plate is closer to the Rubik's cube than the bowl is.,bd9eeb259b1c6a7e78f164ec5459e617b27bb73b121b3481b0877be16d1cd0e1,20282943,2026094421,450,PLANNED_NOT_RELEASED,,,
SGW-01,DIST-C21-N3-C-POS,DIST-C21-N3,N3,DIST,C,DIST-C21,3,C,1,DIST-C-POS,Place the Rubik's cube so that the Rubik's cube is closer to the bowl than to the plate.,f6c7780137e89e8c64b53f236fc06864679d0e08b43f7ea8a94ec2446e26b807,20282943,2026094421,450,PLANNED_NOT_RELEASED,,,
SGW-01,DIST-C21-N3-I-POS,DIST-C21-N3,N3,DIST,C,DIST-C21,4,I,1,DIST-I-POS,Place the Rubik's cube so that the plate is farther from the Rubik's cube than the bowl is.,3e011187af0c5c0f9a62b4665832bd7791e0ed63b2c261a8f5d808c87b94df4d,20282943,2026094421,450,PLANNED_NOT_RELEASED,,,
SGW-01,DIST-C21-N3-D-POS,DIST-C21-N3,N3,DIST,C,DIST-C21,5,D,1,DIST-D-POS,Put the Rubik's cube closer to the bowl than to the plate.,57d806ebfe36da3ee1c425394659431146daa594a94ca1d704cf33ed2161f1a1,20282943,2026094421,450,PLANNED_NOT_RELEASED,,,
SGW-01,DIST-C21-N3-C-NEG,DIST-C21-N3,N3,DIST,C,DIST-C21,6,C,-1,DIST-C-NEG,Place the Rubik's cube so that the Rubik's cube is farther from the bowl than from the plate.,c0f8bb282b55cc737dfae48cc75967bbbf607aa2136ae5cde5a6da9d3208b149,20282943,2026094421,450,PLANNED_NOT_RELEASED,,,
SGW-01,DIST-C21-D1-D-NEG,DIST-C21-D1,D1,DIST,C,DIST-C21,1,D,-1,DIST-D-NEG,Put the Rubik's cube farther from the bowl than from the plate.,e3dcc7b1c13045a2fc4306264c2167ac2ced3805378bf0f7004f394362a49dc4,20282943,1140,450,PLANNED_NOT_RELEASED,,,
SGW-01,DIST-C21-D1-I-NEG,DIST-C21-D1,D1,DIST,C,DIST-C21,2,I,-1,DIST-I-NEG,Place the Rubik's cube so that the plate is closer to the Rubik's cube than the bowl is.,bd9eeb259b1c6a7e78f164ec5459e617b27bb73b121b3481b0877be16d1cd0e1,20282943,1140,450,PLANNED_NOT_RELEASED,,,
SGW-01,DIST-C21-D1-C-POS,DIST-C21-D1,D1,DIST,C,DIST-C21,3,C,1,DIST-C-POS,Place the Rubik's cube so that the Rubik's cube is closer to the bowl than to the plate.,f6c7780137e89e8c64b53f236fc06864679d0e08b43f7ea8a94ec2446e26b807,20282943,1140,450,PLANNED_NOT_RELEASED,,,
SGW-01,DIST-C21-D1-I-POS,DIST-C21-D1,D1,DIST,C,DIST-C21,4,I,1,DIST-I-POS,Place the Rubik's cube so that the plate is farther from the Rubik's cube than the bowl is.,3e011187af0c5c0f9a62b4665832bd7791e0ed63b2c261a8f5d808c87b94df4d,20282943,1140,450,PLANNED_NOT_RELEASED,,,
SGW-01,DIST-C21-D1-D-POS,DIST-C21-D1,D1,DIST,C,DIST-C21,5,D,1,DIST-D-POS,Put the Rubik's cube closer to the bowl than to the plate.,57d806ebfe36da3ee1c425394659431146daa594a94ca1d704cf33ed2161f1a1,20282943,1140,450,PLANNED_NOT_RELEASED,,,
SGW-01,DIST-C21-D1-C-NEG,DIST-C21-D1,D1,DIST,C,DIST-C21,6,C,-1,DIST-C-NEG,Place the Rubik's cube so that the Rubik's cube is farther from the bowl than from the plate.,c0f8bb282b55cc737dfae48cc75967bbbf607aa2136ae5cde5a6da9d3208b149,20282943,1140,450,PLANNED_NOT_RELEASED,,,
SGW-01,DIST-C22-N3-I-NEG,DIST-C22-N3,N3,DIST,C,DIST-C22,1,I,-1,DIST-I-NEG,Place the Rubik's cube so that the plate is closer to the Rubik's cube than the bowl is.,bd9eeb259b1c6a7e78f164ec5459e617b27bb73b121b3481b0877be16d1cd0e1,20282944,2026094422,450,PLANNED_NOT_RELEASED,,,
SGW-01,DIST-C22-N3-C-POS,DIST-C22-N3,N3,DIST,C,DIST-C22,2,C,1,DIST-C-POS,Place the Rubik's cube so that the Rubik's cube is closer to the bowl than to the plate.,f6c7780137e89e8c64b53f236fc06864679d0e08b43f7ea8a94ec2446e26b807,20282944,2026094422,450,PLANNED_NOT_RELEASED,,,
SGW-01,DIST-C22-N3-I-POS,DIST-C22-N3,N3,DIST,C,DIST-C22,3,I,1,DIST-I-POS,Place the Rubik's cube so that the plate is farther from the Rubik's cube than the bowl is.,3e011187af0c5c0f9a62b4665832bd7791e0ed63b2c261a8f5d808c87b94df4d,20282944,2026094422,450,PLANNED_NOT_RELEASED,,,
SGW-01,DIST-C22-N3-D-POS,DIST-C22-N3,N3,DIST,C,DIST-C22,4,D,1,DIST-D-POS,Put the Rubik's cube closer to the bowl than to the plate.,57d806ebfe36da3ee1c425394659431146daa594a94ca1d704cf33ed2161f1a1,20282944,2026094422,450,PLANNED_NOT_RELEASED,,,
SGW-01,DIST-C22-N3-C-NEG,DIST-C22-N3,N3,DIST,C,DIST-C22,5,C,-1,DIST-C-NEG,Place the Rubik's cube so that the Rubik's cube is farther from the bowl than from the plate.,c0f8bb282b55cc737dfae48cc75967bbbf607aa2136ae5cde5a6da9d3208b149,20282944,2026094422,450,PLANNED_NOT_RELEASED,,,
SGW-01,DIST-C22-N3-D-NEG,DIST-C22-N3,N3,DIST,C,DIST-C22,6,D,-1,DIST-D-NEG,Put the Rubik's cube farther from the bowl than from the plate.,e3dcc7b1c13045a2fc4306264c2167ac2ced3805378bf0f7004f394362a49dc4,20282944,2026094422,450,PLANNED_NOT_RELEASED,,,
SGW-01,DIST-C22-D1-I-NEG,DIST-C22-D1,D1,DIST,C,DIST-C22,1,I,-1,DIST-I-NEG,Place the Rubik's cube so that the plate is closer to the Rubik's cube than the bowl is.,bd9eeb259b1c6a7e78f164ec5459e617b27bb73b121b3481b0877be16d1cd0e1,20282944,1140,450,PLANNED_NOT_RELEASED,,,
SGW-01,DIST-C22-D1-C-POS,DIST-C22-D1,D1,DIST,C,DIST-C22,2,C,1,DIST-C-POS,Place the Rubik's cube so that the Rubik's cube is closer to the bowl than to the plate.,f6c7780137e89e8c64b53f236fc06864679d0e08b43f7ea8a94ec2446e26b807,20282944,1140,450,PLANNED_NOT_RELEASED,,,
SGW-01,DIST-C22-D1-I-POS,DIST-C22-D1,D1,DIST,C,DIST-C22,3,I,1,DIST-I-POS,Place the Rubik's cube so that the plate is farther from the Rubik's cube than the bowl is.,3e011187af0c5c0f9a62b4665832bd7791e0ed63b2c261a8f5d808c87b94df4d,20282944,1140,450,PLANNED_NOT_RELEASED,,,
SGW-01,DIST-C22-D1-D-POS,DIST-C22-D1,D1,DIST,C,DIST-C22,4,D,1,DIST-D-POS,Put the Rubik's cube closer to the bowl than to the plate.,57d806ebfe36da3ee1c425394659431146daa594a94ca1d704cf33ed2161f1a1,20282944,1140,450,PLANNED_NOT_RELEASED,,,
SGW-01,DIST-C22-D1-C-NEG,DIST-C22-D1,D1,DIST,C,DIST-C22,5,C,-1,DIST-C-NEG,Place the Rubik's cube so that the Rubik's cube is farther from the bowl than from the plate.,c0f8bb282b55cc737dfae48cc75967bbbf607aa2136ae5cde5a6da9d3208b149,20282944,1140,450,PLANNED_NOT_RELEASED,,,
SGW-01,DIST-C22-D1-D-NEG,DIST-C22-D1,D1,DIST,C,DIST-C22,6,D,-1,DIST-D-NEG,Put the Rubik's cube farther from the bowl than from the plate.,e3dcc7b1c13045a2fc4306264c2167ac2ced3805378bf0f7004f394362a49dc4,20282944,1140,450,PLANNED_NOT_RELEASED,,,
SGW-01,DIST-C23-N3-C-POS,DIST-C23-N3,N3,DIST,C,DIST-C23,1,C,1,DIST-C-POS,Place the Rubik's cube so that the Rubik's cube is closer to the bowl than to the plate.,f6c7780137e89e8c64b53f236fc06864679d0e08b43f7ea8a94ec2446e26b807,20282945,2026094423,450,PLANNED_NOT_RELEASED,,,
SGW-01,DIST-C23-N3-I-POS,DIST-C23-N3,N3,DIST,C,DIST-C23,2,I,1,DIST-I-POS,Place the Rubik's cube so that the plate is farther from the Rubik's cube than the bowl is.,3e011187af0c5c0f9a62b4665832bd7791e0ed63b2c261a8f5d808c87b94df4d,20282945,2026094423,450,PLANNED_NOT_RELEASED,,,
SGW-01,DIST-C23-N3-D-POS,DIST-C23-N3,N3,DIST,C,DIST-C23,3,D,1,DIST-D-POS,Put the Rubik's cube closer to the bowl than to the plate.,57d806ebfe36da3ee1c425394659431146daa594a94ca1d704cf33ed2161f1a1,20282945,2026094423,450,PLANNED_NOT_RELEASED,,,
SGW-01,DIST-C23-N3-C-NEG,DIST-C23-N3,N3,DIST,C,DIST-C23,4,C,-1,DIST-C-NEG,Place the Rubik's cube so that the Rubik's cube is farther from the bowl than from the plate.,c0f8bb282b55cc737dfae48cc75967bbbf607aa2136ae5cde5a6da9d3208b149,20282945,2026094423,450,PLANNED_NOT_RELEASED,,,
SGW-01,DIST-C23-N3-D-NEG,DIST-C23-N3,N3,DIST,C,DIST-C23,5,D,-1,DIST-D-NEG,Put the Rubik's cube farther from the bowl than from the plate.,e3dcc7b1c13045a2fc4306264c2167ac2ced3805378bf0f7004f394362a49dc4,20282945,2026094423,450,PLANNED_NOT_RELEASED,,,
SGW-01,DIST-C23-N3-I-NEG,DIST-C23-N3,N3,DIST,C,DIST-C23,6,I,-1,DIST-I-NEG,Place the Rubik's cube so that the plate is closer to the Rubik's cube than the bowl is.,bd9eeb259b1c6a7e78f164ec5459e617b27bb73b121b3481b0877be16d1cd0e1,20282945,2026094423,450,PLANNED_NOT_RELEASED,,,
SGW-01,DIST-C23-D1-C-POS,DIST-C23-D1,D1,DIST,C,DIST-C23,1,C,1,DIST-C-POS,Place the Rubik's cube so that the Rubik's cube is closer to the bowl than to the plate.,f6c7780137e89e8c64b53f236fc06864679d0e08b43f7ea8a94ec2446e26b807,20282945,1140,450,PLANNED_NOT_RELEASED,,,
SGW-01,DIST-C23-D1-I-POS,DIST-C23-D1,D1,DIST,C,DIST-C23,2,I,1,DIST-I-POS,Place the Rubik's cube so that the plate is farther from the Rubik's cube than the bowl is.,3e011187af0c5c0f9a62b4665832bd7791e0ed63b2c261a8f5d808c87b94df4d,20282945,1140,450,PLANNED_NOT_RELEASED,,,
SGW-01,DIST-C23-D1-D-POS,DIST-C23-D1,D1,DIST,C,DIST-C23,3,D,1,DIST-D-POS,Put the Rubik's cube closer to the bowl than to the plate.,57d806ebfe36da3ee1c425394659431146daa594a94ca1d704cf33ed2161f1a1,20282945,1140,450,PLANNED_NOT_RELEASED,,,
SGW-01,DIST-C23-D1-C-NEG,DIST-C23-D1,D1,DIST,C,DIST-C23,4,C,-1,DIST-C-NEG,Place the Rubik's cube so that the Rubik's cube is farther from the bowl than from the plate.,c0f8bb282b55cc737dfae48cc75967bbbf607aa2136ae5cde5a6da9d3208b149,20282945,1140,450,PLANNED_NOT_RELEASED,,,
SGW-01,DIST-C23-D1-D-NEG,DIST-C23-D1,D1,DIST,C,DIST-C23,5,D,-1,DIST-D-NEG,Put the Rubik's cube farther from the bowl than from the plate.,e3dcc7b1c13045a2fc4306264c2167ac2ced3805378bf0f7004f394362a49dc4,20282945,1140,450,PLANNED_NOT_RELEASED,,,
SGW-01,DIST-C23-D1-I-NEG,DIST-C23-D1,D1,DIST,C,DIST-C23,6,I,-1,DIST-I-NEG,Place the Rubik's cube so that the plate is closer to the Rubik's cube than the bowl is.,bd9eeb259b1c6a7e78f164ec5459e617b27bb73b121b3481b0877be16d1cd0e1,20282945,1140,450,PLANNED_NOT_RELEASED,,,
SGW-01,DIST-C24-N3-I-POS,DIST-C24-N3,N3,DIST,C,DIST-C24,1,I,1,DIST-I-POS,Place the Rubik's cube so that the plate is farther from the Rubik's cube than the bowl is.,3e011187af0c5c0f9a62b4665832bd7791e0ed63b2c261a8f5d808c87b94df4d,20282946,2026094424,450,PLANNED_NOT_RELEASED,,,
SGW-01,DIST-C24-N3-D-POS,DIST-C24-N3,N3,DIST,C,DIST-C24,2,D,1,DIST-D-POS,Put the Rubik's cube closer to the bowl than to the plate.,57d806ebfe36da3ee1c425394659431146daa594a94ca1d704cf33ed2161f1a1,20282946,2026094424,450,PLANNED_NOT_RELEASED,,,
SGW-01,DIST-C24-N3-C-NEG,DIST-C24-N3,N3,DIST,C,DIST-C24,3,C,-1,DIST-C-NEG,Place the Rubik's cube so that the Rubik's cube is farther from the bowl than from the plate.,c0f8bb282b55cc737dfae48cc75967bbbf607aa2136ae5cde5a6da9d3208b149,20282946,2026094424,450,PLANNED_NOT_RELEASED,,,
SGW-01,DIST-C24-N3-D-NEG,DIST-C24-N3,N3,DIST,C,DIST-C24,4,D,-1,DIST-D-NEG,Put the Rubik's cube farther from the bowl than from the plate.,e3dcc7b1c13045a2fc4306264c2167ac2ced3805378bf0f7004f394362a49dc4,20282946,2026094424,450,PLANNED_NOT_RELEASED,,,
SGW-01,DIST-C24-N3-I-NEG,DIST-C24-N3,N3,DIST,C,DIST-C24,5,I,-1,DIST-I-NEG,Place the Rubik's cube so that the plate is closer to the Rubik's cube than the bowl is.,bd9eeb259b1c6a7e78f164ec5459e617b27bb73b121b3481b0877be16d1cd0e1,20282946,2026094424,450,PLANNED_NOT_RELEASED,,,
SGW-01,DIST-C24-N3-C-POS,DIST-C24-N3,N3,DIST,C,DIST-C24,6,C,1,DIST-C-POS,Place the Rubik's cube so that the Rubik's cube is closer to the bowl than to the plate.,f6c7780137e89e8c64b53f236fc06864679d0e08b43f7ea8a94ec2446e26b807,20282946,2026094424,450,PLANNED_NOT_RELEASED,,,
SGW-01,DIST-C24-D1-I-POS,DIST-C24-D1,D1,DIST,C,DIST-C24,1,I,1,DIST-I-POS,Place the Rubik's cube so that the plate is farther from the Rubik's cube than the bowl is.,3e011187af0c5c0f9a62b4665832bd7791e0ed63b2c261a8f5d808c87b94df4d,20282946,1140,450,PLANNED_NOT_RELEASED,,,
SGW-01,DIST-C24-D1-D-POS,DIST-C24-D1,D1,DIST,C,DIST-C24,2,D,1,DIST-D-POS,Put the Rubik's cube closer to the bowl than to the plate.,57d806ebfe36da3ee1c425394659431146daa594a94ca1d704cf33ed2161f1a1,20282946,1140,450,PLANNED_NOT_RELEASED,,,
SGW-01,DIST-C24-D1-C-NEG,DIST-C24-D1,D1,DIST,C,DIST-C24,3,C,-1,DIST-C-NEG,Place the Rubik's cube so that the Rubik's cube is farther from the bowl than from the plate.,c0f8bb282b55cc737dfae48cc75967bbbf607aa2136ae5cde5a6da9d3208b149,20282946,1140,450,PLANNED_NOT_RELEASED,,,
SGW-01,DIST-C24-D1-D-NEG,DIST-C24-D1,D1,DIST,C,DIST-C24,4,D,-1,DIST-D-NEG,Put the Rubik's cube farther from the bowl than from the plate.,e3dcc7b1c13045a2fc4306264c2167ac2ced3805378bf0f7004f394362a49dc4,20282946,1140,450,PLANNED_NOT_RELEASED,,,
SGW-01,DIST-C24-D1-I-NEG,DIST-C24-D1,D1,DIST,C,DIST-C24,5,I,-1,DIST-I-NEG,Place the Rubik's cube so that the plate is closer to the Rubik's cube than the bowl is.,bd9eeb259b1c6a7e78f164ec5459e617b27bb73b121b3481b0877be16d1cd0e1,20282946,1140,450,PLANNED_NOT_RELEASED,,,
SGW-01,DIST-C24-D1-C-POS,DIST-C24-D1,D1,DIST,C,DIST-C24,6,C,1,DIST-C-POS,Place the Rubik's cube so that the Rubik's cube is closer to the bowl than to the plate.,f6c7780137e89e8c64b53f236fc06864679d0e08b43f7ea8a94ec2446e26b807,20282946,1140,450,PLANNED_NOT_RELEASED,,,
